球季,日期,比賽編號,球隊,主場（1為主場）,得分（分）,安打（支）,失誤（次）,對手安打（支）,對手失誤（次）,安打差（支）,贏球（1為贏）
2024,2024-03-20,745444,San Diego Padres,1,2,4,2,7,0,-3,0
2024,2024-03-20,745444,Los Angeles Dodgers,0,5,7,0,4,2,3,1
2024,2024-03-21,746175,Los Angeles Dodgers,1,11,16,2,18,0,-2,0
2024,2024-03-21,746175,San Diego Padres,0,15,18,0,16,2,2,1
2024,2024-03-28,747060,Baltimore Orioles,1,11,10,1,2,1,8,1
2024,2024-03-28,747060,Los Angeles Angels,0,3,2,1,10,1,-8,0
2024,2024-03-28,746737,Cincinnati Reds,1,8,10,1,6,0,4,1
2024,2024-03-28,746737,Washington Nationals,0,2,6,0,10,1,-4,0
2024,2024-03-28,745445,San Diego Padres,1,6,9,0,9,1,0,1
2024,2024-03-28,745445,San Francisco Giants,0,4,9,1,9,0,0,0
2024,2024-03-28,746165,Los Angeles Dodgers,1,7,10,1,3,0,7,1
2024,2024-03-28,746165,St. Louis Cardinals,0,1,3,0,10,1,-7,0
2024,2024-03-28,745116,Tampa Bay Rays,1,2,8,0,7,0,1,0
2024,2024-03-28,745116,Toronto Blue Jays,0,8,7,0,8,0,-1,1
2024,2024-03-28,746335,Kansas City Royals,1,1,5,1,10,0,-5,0
2024,2024-03-28,746335,Minnesota Twins,0,4,10,0,5,1,5,1
2024,2024-03-28,746821,Chicago White Sox,1,0,3,0,6,0,-3,0
2024,2024-03-28,746821,Detroit Tigers,0,1,6,0,3,0,3,1
2024,2024-03-28,746089,Miami Marlins,1,5,8,1,9,1,-1,0
2024,2024-03-28,746089,Pittsburgh Pirates,0,6,9,1,8,1,1,1
2024,2024-03-28,746418,Houston Astros,1,4,13,0,8,0,5,0
2024,2024-03-28,746418,New York Yankees,0,5,8,0,13,0,-5,1
2024,2024-03-28,745039,Texas Rangers,1,4,8,1,6,1,2,1
2024,2024-03-28,745039,Chicago Cubs,0,3,6,1,8,1,-2,0
2024,2024-03-28,745687,Oakland Athletics,1,0,4,1,11,1,-7,0
2024,2024-03-28,745687,Cleveland Guardians,0,8,11,1,4,1,7,1
2024,2024-03-28,747224,Arizona Diamondbacks,1,16,18,0,4,0,14,1
2024,2024-03-28,747224,Colorado Rockies,0,1,4,0,18,0,-14,0
2024,2024-03-28,745283,Seattle Mariners,1,4,8,1,11,0,-3,0
2024,2024-03-28,745283,Boston Red Sox,0,6,11,0,8,1,3,1
2024,2024-03-29,745848,New York Mets,1,1,1,0,8,0,-7,0
2024,2024-03-29,745848,Milwaukee Brewers,0,3,8,0,1,0,7,1
2024,2024-03-29,745604,Philadelphia Phillies,1,3,5,1,13,0,-8,0
2024,2024-03-29,745604,Atlanta Braves,0,9,13,0,5,1,8,1
2024,2024-03-29,745117,Tampa Bay Rays,1,8,10,1,6,3,4,1
2024,2024-03-29,745117,Toronto Blue Jays,0,2,6,3,10,1,-4,0
2024,2024-03-29,746091,Miami Marlins,1,2,9,0,10,2,-1,0
2024,2024-03-29,746091,Pittsburgh Pirates,0,7,10,2,9,0,1,1
2024,2024-03-29,746412,Houston Astros,1,1,7,2,12,0,-5,0
2024,2024-03-29,746412,New York Yankees,0,7,12,0,7,2,5,1
2024,2024-03-29,747223,Arizona Diamondbacks,1,7,14,0,7,1,7,1
2024,2024-03-29,747223,Colorado Rockies,0,3,7,1,14,0,-7,0
2024,2024-03-29,745682,Oakland Athletics,1,4,8,2,9,0,-1,0
2024,2024-03-29,745682,Cleveland Guardians,0,6,9,0,8,2,1,1
2024,2024-03-29,745276,Seattle Mariners,1,1,4,0,4,0,0,1
2024,2024-03-29,745276,Boston Red Sox,0,0,4,0,4,0,0,0
2024,2024-03-29,745435,San Diego Padres,1,3,9,1,13,0,-4,0
2024,2024-03-29,745435,San Francisco Giants,0,8,13,0,9,1,4,1
2024,2024-03-29,746167,Los Angeles Dodgers,1,6,7,0,6,0,1,1
2024,2024-03-29,746167,St. Louis Cardinals,0,3,6,0,7,0,-1,0
2024,2024-03-30,745850,New York Mets,1,6,12,2,15,0,-3,0
2024,2024-03-30,745850,Milwaukee Brewers,0,7,15,0,12,2,3,1
2024,2024-03-30,746818,Chicago White Sox,1,6,10,0,12,2,-2,0
2024,2024-03-30,746818,Detroit Tigers,0,7,12,2,10,0,2,1
2024,2024-03-30,747063,Baltimore Orioles,1,13,14,1,9,1,5,1
2024,2024-03-30,747063,Los Angeles Angels,0,4,9,1,14,1,-5,0
2024,2024-03-30,745599,Philadelphia Phillies,1,4,8,1,18,0,-10,0
2024,2024-03-30,745599,Atlanta Braves,0,12,18,0,8,1,10,1
2024,2024-03-30,745684,Oakland Athletics,1,3,6,2,15,0,-9,0
2024,2024-03-30,745684,Cleveland Guardians,0,12,15,0,6,2,9,1
2024,2024-03-30,746736,Cincinnati Reds,1,6,10,0,11,0,-1,0
2024,2024-03-30,746736,Washington Nationals,0,7,11,0,10,0,1,1
2024,2024-03-30,745119,Tampa Bay Rays,1,5,11,0,6,1,5,1
2024,2024-03-30,745119,Toronto Blue Jays,0,1,6,1,11,0,-5,0
2024,2024-03-30,746333,Kansas City Royals,1,1,5,2,7,0,-2,0
2024,2024-03-30,746333,Minnesota Twins,0,5,7,0,5,2,2,1
2024,2024-03-30,746087,Miami Marlins,1,3,5,1,16,1,-11,0
2024,2024-03-30,746087,Pittsburgh Pirates,0,9,16,1,5,1,11,1
2024,2024-03-30,745037,Texas Rangers,1,11,16,0,5,0,11,1
2024,2024-03-30,745037,Chicago Cubs,0,2,5,0,16,0,-11,0
2024,2024-03-30,745436,San Diego Padres,1,6,7,1,9,0,-2,0
2024,2024-03-30,745436,San Francisco Giants,0,9,9,0,7,1,2,1
2024,2024-03-30,746410,Houston Astros,1,3,4,1,8,3,-4,0
2024,2024-03-30,746410,New York Yankees,0,5,8,3,4,1,4,1
2024,2024-03-30,747221,Arizona Diamondbacks,1,4,8,1,10,0,-2,0
2024,2024-03-30,747221,Colorado Rockies,0,9,10,0,8,1,2,1
2024,2024-03-30,746168,Los Angeles Dodgers,1,5,14,0,7,0,7,0
2024,2024-03-30,746168,St. Louis Cardinals,0,6,7,0,14,0,-7,1
2024,2024-03-30,745278,Seattle Mariners,1,4,7,0,7,2,0,1
2024,2024-03-30,745278,Boston Red Sox,0,3,7,2,7,0,0,0
2024,2024-03-31,747062,Baltimore Orioles,1,1,3,1,6,1,-3,0
2024,2024-03-31,747062,Los Angeles Angels,0,4,6,1,3,1,3,1
2024,2024-03-31,745602,Philadelphia Phillies,1,5,9,0,7,0,2,1
2024,2024-03-31,745602,Atlanta Braves,0,4,7,0,9,0,-2,0
2024,2024-03-31,746739,Cincinnati Reds,1,6,14,0,9,0,5,1
2024,2024-03-31,746739,Washington Nationals,0,5,9,0,14,0,-5,0
2024,2024-03-31,745115,Tampa Bay Rays,1,2,3,1,10,1,-7,0
2024,2024-03-31,745115,Toronto Blue Jays,0,9,10,1,3,1,7,1
2024,2024-03-31,746090,Miami Marlins,1,7,7,1,11,0,-4,0
2024,2024-03-31,746090,Pittsburgh Pirates,0,9,11,0,7,1,4,1
2024,2024-03-31,745845,New York Mets,1,1,7,0,9,0,-2,0
2024,2024-03-31,745845,Milwaukee Brewers,0,4,9,0,7,0,2,1
2024,2024-03-31,746332,Kansas City Royals,1,11,14,0,4,1,10,1
2024,2024-03-31,746332,Minnesota Twins,0,0,4,1,14,0,-10,0
2024,2024-03-31,746815,Chicago White Sox,1,2,5,1,8,0,-3,0
2024,2024-03-31,746815,Detroit Tigers,0,3,8,0,5,1,3,1
2024,2024-03-31,746413,Houston Astros,1,3,12,0,10,1,2,0
2024,2024-03-31,746413,New York Yankees,0,4,10,1,12,0,-2,1
2024,2024-03-31,745035,Texas Rangers,1,5,8,0,12,2,-4,0
2024,2024-03-31,745035,Chicago Cubs,0,9,12,2,8,0,4,1
2024,2024-03-31,745683,Oakland Athletics,1,4,9,3,7,0,2,1
2024,2024-03-31,745683,Cleveland Guardians,0,3,7,0,9,3,-2,0
2024,2024-03-31,747222,Arizona Diamondbacks,1,5,5,0,8,3,-3,1
2024,2024-03-31,747222,Colorado Rockies,0,1,8,3,5,0,3,0
2024,2024-03-31,745279,Seattle Mariners,1,1,4,0,10,0,-6,0
2024,2024-03-31,745279,Boston Red Sox,0,5,10,0,4,0,6,1
2024,2024-03-31,745438,San Diego Padres,1,13,16,0,5,1,11,1
2024,2024-03-31,745438,San Francisco Giants,0,4,5,1,16,0,-11,0
2024,2024-03-31,746166,Los Angeles Dodgers,1,5,8,0,8,0,0,1
2024,2024-03-31,746166,St. Louis Cardinals,0,4,8,0,8,0,0,0
2024,2024-04-01,746817,Chicago White Sox,1,0,3,0,11,0,-8,0
2024,2024-04-01,746817,Atlanta Braves,0,9,11,0,3,0,8,1
2024,2024-04-01,746899,Chicago Cubs,1,5,9,1,3,2,6,1
2024,2024-04-01,746899,Colorado Rockies,0,0,3,2,9,1,-6,0
2024,2024-04-01,744875,Washington Nationals,1,4,8,0,15,0,-7,0
2024,2024-04-01,744875,Pittsburgh Pirates,0,8,15,0,8,0,7,1
2024,2024-04-01,747058,Baltimore Orioles,1,6,9,2,7,0,2,1
2024,2024-04-01,747058,Kansas City Royals,0,4,7,0,9,2,-2,0
2024,2024-04-01,745600,Philadelphia Phillies,1,3,7,0,8,0,-1,0
2024,2024-04-01,745600,Cincinnati Reds,0,6,8,0,7,0,1,1
2024,2024-04-01,746085,Miami Marlins,1,4,9,0,7,0,2,0
2024,2024-04-01,746085,Los Angeles Angels,0,7,7,0,9,0,-2,1
2024,2024-04-01,745109,Tampa Bay Rays,1,3,5,1,8,0,-3,0
2024,2024-04-01,745109,Texas Rangers,0,9,8,0,5,1,3,1
2024,2024-04-01,745842,New York Mets,1,0,5,1,4,0,1,0
2024,2024-04-01,745842,Detroit Tigers,0,5,4,0,5,1,-1,1
2024,2024-04-01,746409,Houston Astros,1,10,12,0,0,0,12,1
2024,2024-04-01,746409,Toronto Blue Jays,0,0,0,0,12,0,-12,0
2024,2024-04-01,745675,Oakland Athletics,1,0,4,5,9,0,-5,0
2024,2024-04-01,745675,Boston Red Sox,0,9,9,0,4,5,5,1
2024,2024-04-01,745277,Seattle Mariners,1,5,7,0,6,1,1,1
2024,2024-04-01,745277,Cleveland Guardians,0,4,6,1,7,0,-1,0
2024,2024-04-01,745437,San Diego Padres,1,2,5,0,14,0,-9,0
2024,2024-04-01,745437,St. Louis Cardinals,0,6,14,0,5,0,9,1
2024,2024-04-01,747218,Arizona Diamondbacks,1,2,4,2,8,1,-4,0
2024,2024-04-01,747218,New York Yankees,0,5,8,1,4,2,4,1
2024,2024-04-01,746170,Los Angeles Dodgers,1,8,9,1,8,0,1,1
2024,2024-04-01,746170,San Francisco Giants,0,3,8,0,9,1,-1,0
2024,2024-04-02,746009,Milwaukee Brewers,1,3,7,1,3,0,4,1
2024,2024-04-02,746009,Minnesota Twins,0,2,3,0,7,1,-4,0
2024,2024-04-02,747057,Baltimore Orioles,1,1,3,0,8,0,-5,0
2024,2024-04-02,747057,Kansas City Royals,0,4,8,0,3,0,5,1
2024,2024-04-02,745598,Philadelphia Phillies,1,9,9,2,8,3,1,1
2024,2024-04-02,745598,Cincinnati Reds,0,4,8,3,9,2,-1,0
2024,2024-04-02,746086,Miami Marlins,1,1,5,1,7,0,-2,0
2024,2024-04-02,746086,Los Angeles Angels,0,3,7,0,5,1,2,1
2024,2024-04-02,745111,Tampa Bay Rays,1,5,7,0,7,1,0,1
2024,2024-04-02,745111,Texas Rangers,0,2,7,1,7,0,0,0
2024,2024-04-02,746898,Chicago Cubs,1,12,14,0,7,0,7,1
2024,2024-04-02,746898,Colorado Rockies,0,2,7,0,14,0,-7,0
2024,2024-04-02,746814,Chicago White Sox,1,3,7,0,5,0,2,1
2024,2024-04-02,746814,Atlanta Braves,0,2,5,0,7,0,-2,0
2024,2024-04-02,746411,Houston Astros,1,1,8,0,8,0,0,0
2024,2024-04-02,746411,Toronto Blue Jays,0,2,8,0,8,0,0,1
2024,2024-04-02,745680,Oakland Athletics,1,4,7,0,12,0,-5,0
2024,2024-04-02,745680,Boston Red Sox,0,5,12,0,7,0,5,1
2024,2024-04-02,745273,Seattle Mariners,1,2,9,2,12,1,-3,0
2024,2024-04-02,745273,Cleveland Guardians,0,5,12,1,9,2,3,1
2024,2024-04-02,745439,San Diego Padres,1,2,9,1,6,0,3,0
2024,2024-04-02,745439,St. Louis Cardinals,0,5,6,0,9,1,-3,1
2024,2024-04-02,747220,Arizona Diamondbacks,1,7,11,0,3,1,8,1
2024,2024-04-02,747220,New York Yankees,0,0,3,1,11,0,-8,0
2024,2024-04-02,746169,Los Angeles Dodgers,1,5,9,0,9,0,0,1
2024,2024-04-02,746169,San Francisco Giants,0,4,9,0,9,0,0,0
2024,2024-04-03,747059,Baltimore Orioles,1,4,6,0,10,0,-4,1
2024,2024-04-03,747059,Kansas City Royals,0,3,10,0,6,0,4,0
2024,2024-04-03,745114,Tampa Bay Rays,1,1,8,0,10,0,-2,0
2024,2024-04-03,745114,Texas Rangers,0,4,10,0,8,0,2,1
2024,2024-04-03,746083,Miami Marlins,1,2,4,1,12,0,-8,0
2024,2024-04-03,746083,Los Angeles Angels,0,10,12,0,4,1,8,1
2024,2024-04-03,746008,Milwaukee Brewers,1,3,7,0,11,0,-4,0
2024,2024-04-03,746008,Minnesota Twins,0,7,11,0,7,0,4,1
2024,2024-04-03,745678,Oakland Athletics,1,0,8,0,10,2,-2,0
2024,2024-04-03,745678,Boston Red Sox,0,1,10,2,8,0,2,1
2024,2024-04-03,747219,Arizona Diamondbacks,1,5,9,0,8,1,1,0
2024,2024-04-03,747219,New York Yankees,0,6,8,1,9,0,-1,1
2024,2024-04-03,745603,Philadelphia Phillies,1,1,6,1,7,0,-1,0
2024,2024-04-03,745603,Cincinnati Reds,0,4,7,0,6,1,1,1
2024,2024-04-03,745275,Seattle Mariners,1,0,5,0,11,0,-6,0
2024,2024-04-03,745275,Cleveland Guardians,0,8,11,0,5,0,6,1
2024,2024-04-03,745440,San Diego Padres,1,3,7,1,6,0,1,1
2024,2024-04-03,745440,St. Louis Cardinals,0,2,6,0,7,1,-1,0
2024,2024-04-03,744869,Washington Nationals,1,5,10,1,4,0,6,1
2024,2024-04-03,744869,Pittsburgh Pirates,0,3,4,0,10,1,-6,0
2024,2024-04-03,746900,Chicago Cubs,1,9,10,2,11,1,-1,1
2024,2024-04-03,746900,Colorado Rockies,0,8,11,1,10,2,1,0
2024,2024-04-03,746407,Houston Astros,1,8,15,0,1,0,14,1
2024,2024-04-03,746407,Toronto Blue Jays,0,0,1,0,15,0,-14,0
2024,2024-04-03,746163,Los Angeles Dodgers,1,5,9,0,5,0,4,1
2024,2024-04-03,746163,San Francisco Giants,0,4,5,0,9,0,-4,0
2024,2024-04-04,745844,New York Mets,1,3,6,0,9,0,-3,0
2024,2024-04-04,745844,Detroit Tigers,0,6,9,0,6,0,3,1
2024,2024-04-04,745843,New York Mets,1,2,3,1,5,0,-2,1
2024,2024-04-04,745843,Detroit Tigers,0,1,5,0,3,1,2,0
2024,2024-04-04,744870,Washington Nationals,1,4,8,0,11,1,-3,0
2024,2024-04-04,744870,Pittsburgh Pirates,0,7,11,1,8,0,3,1
2024,2024-04-04,745928,Minnesota Twins,1,2,7,1,7,1,0,0
2024,2024-04-04,745928,Cleveland Guardians,0,4,7,1,7,1,0,1
2024,2024-04-04,745200,St. Louis Cardinals,1,8,10,0,9,2,1,1
2024,2024-04-04,745200,Miami Marlins,0,5,9,2,10,0,-1,0
2024,2024-04-04,746327,Kansas City Royals,1,10,10,1,8,1,2,1
2024,2024-04-04,746327,Chicago White Sox,0,1,8,1,10,1,-2,0
2024,2024-04-05,745764,New York Yankees,1,0,6,1,7,0,-1,0
2024,2024-04-05,745764,Toronto Blue Jays,0,3,7,0,6,1,1,1
2024,2024-04-05,746497,Detroit Tigers,1,5,8,0,5,1,3,1
2024,2024-04-05,746497,Oakland Athletics,0,4,5,1,8,0,-3,0
2024,2024-04-05,746897,Chicago Cubs,1,9,9,0,12,0,-3,1
2024,2024-04-05,746897,Los Angeles Dodgers,0,7,12,0,9,0,3,0
2024,2024-04-05,746576,Colorado Rockies,1,10,12,1,13,0,-1,1
2024,2024-04-05,746576,Tampa Bay Rays,0,7,13,0,12,1,1,0
2024,2024-04-05,745524,Pittsburgh Pirates,1,2,6,0,12,0,-6,0
2024,2024-04-05,745524,Baltimore Orioles,0,5,12,0,6,0,6,1
2024,2024-04-05,745361,San Francisco Giants,1,3,5,1,6,0,-1,1
2024,2024-04-05,745361,San Diego Padres,0,2,6,0,5,1,1,0
2024,2024-04-05,746733,Cincinnati Reds,1,2,7,1,4,2,3,0
2024,2024-04-05,746733,New York Mets,0,3,4,2,7,1,-3,1
2024,2024-04-05,744874,Washington Nationals,1,0,2,1,9,0,-7,0
2024,2024-04-05,744874,Philadelphia Phillies,0,4,9,0,2,1,7,1
2024,2024-04-05,747143,Atlanta Braves,1,6,12,0,9,2,3,1
2024,2024-04-05,747143,Arizona Diamondbacks,0,5,9,2,12,0,-3,0
2024,2024-04-05,746328,Kansas City Royals,1,2,7,0,4,0,3,1
2024,2024-04-05,746328,Chicago White Sox,0,1,4,0,7,0,-3,0
2024,2024-04-05,745033,Texas Rangers,1,10,16,1,3,0,13,1
2024,2024-04-05,745033,Houston Astros,0,2,3,0,16,1,-13,0
2024,2024-04-05,746007,Milwaukee Brewers,1,6,8,0,8,0,0,1
2024,2024-04-05,746007,Seattle Mariners,0,5,8,0,8,0,0,0
2024,2024-04-05,746249,Los Angeles Angels,1,6,6,0,9,3,-3,0
2024,2024-04-05,746249,Boston Red Sox,0,8,9,3,6,0,3,1
2024,2024-04-06,746498,Detroit Tigers,1,0,5,0,5,1,0,0
2024,2024-04-06,746498,Oakland Athletics,0,4,5,1,5,0,0,1
2024,2024-04-06,745926,Minnesota Twins,1,1,2,0,7,1,-5,0
2024,2024-04-06,745926,Cleveland Guardians,0,3,7,1,2,0,5,1
2024,2024-04-06,745197,St. Louis Cardinals,1,3,8,0,8,2,0,1
2024,2024-04-06,745197,Miami Marlins,0,1,8,2,8,0,0,0
2024,2024-04-06,746896,Chicago Cubs,1,1,7,1,9,1,-2,0
2024,2024-04-06,746896,Los Angeles Dodgers,0,4,9,1,7,1,2,1
2024,2024-04-06,745522,Pittsburgh Pirates,1,5,11,1,4,0,7,1
2024,2024-04-06,745522,Baltimore Orioles,0,4,4,0,11,1,-7,0
2024,2024-04-06,744873,Washington Nationals,1,2,4,0,9,1,-5,0
2024,2024-04-06,744873,Philadelphia Phillies,0,5,9,1,4,0,5,1
2024,2024-04-06,746731,Cincinnati Reds,1,9,8,1,11,2,-3,1
2024,2024-04-06,746731,New York Mets,0,6,11,2,8,1,3,0
2024,2024-04-06,745031,Texas Rangers,1,7,15,1,8,0,7,1
2024,2024-04-06,745031,Houston Astros,0,2,8,0,15,1,-7,0
2024,2024-04-06,745766,New York Yankees,1,9,10,0,12,0,-2,1
2024,2024-04-06,745766,Toronto Blue Jays,0,8,12,0,10,0,2,0
2024,2024-04-06,746329,Kansas City Royals,1,3,10,0,3,0,7,1
2024,2024-04-06,746329,Chicago White Sox,0,0,3,0,10,0,-7,0
2024,2024-04-06,746006,Milwaukee Brewers,1,3,5,0,10,0,-5,0
2024,2024-04-06,746006,Seattle Mariners,0,5,10,0,5,0,5,1
2024,2024-04-06,747140,Atlanta Braves,1,9,15,1,12,2,3,1
2024,2024-04-06,747140,Arizona Diamondbacks,0,8,12,2,15,1,-3,0
2024,2024-04-06,746575,Colorado Rockies,1,6,11,0,9,0,2,0
2024,2024-04-06,746575,Tampa Bay Rays,0,8,9,0,11,0,-2,1
2024,2024-04-06,745359,San Francisco Giants,1,0,4,0,5,0,-1,0
2024,2024-04-06,745359,San Diego Padres,0,4,5,0,4,0,1,1
2024,2024-04-06,746248,Los Angeles Angels,1,2,6,0,3,1,3,1
2024,2024-04-06,746248,Boston Red Sox,0,1,3,1,6,0,-3,0
2024,2024-04-07,745523,Pittsburgh Pirates,1,3,7,2,6,2,1,1
2024,2024-04-07,745523,Baltimore Orioles,0,2,6,2,7,2,-1,0
2024,2024-04-07,744871,Washington Nationals,1,3,8,0,5,1,3,1
2024,2024-04-07,744871,Philadelphia Phillies,0,2,5,1,8,0,-3,0
2024,2024-04-07,747141,Atlanta Braves,1,5,7,0,5,1,2,1
2024,2024-04-07,747141,Arizona Diamondbacks,0,2,5,1,7,0,-2,0
2024,2024-04-07,745765,New York Yankees,1,8,8,2,5,0,3,1
2024,2024-04-07,745765,Toronto Blue Jays,0,3,5,0,8,2,-3,0
2024,2024-04-07,746734,Cincinnati Reds,1,1,3,1,9,0,-6,0
2024,2024-04-07,746734,New York Mets,0,3,9,0,3,1,6,1
2024,2024-04-07,746493,Detroit Tigers,1,1,7,0,14,0,-7,0
2024,2024-04-07,746493,Oakland Athletics,0,7,14,0,7,0,7,1
2024,2024-04-07,746330,Kansas City Royals,1,5,5,1,12,3,-7,1
2024,2024-04-07,746330,Chicago White Sox,0,3,12,3,5,1,7,0
2024,2024-04-07,746003,Milwaukee Brewers,1,12,14,1,8,0,6,1
2024,2024-04-07,746003,Seattle Mariners,0,4,8,0,14,1,-6,0
2024,2024-04-07,745198,St. Louis Cardinals,1,3,5,2,13,0,-8,0
2024,2024-04-07,745198,Miami Marlins,0,10,13,0,5,2,8,1
2024,2024-04-07,746895,Chicago Cubs,1,8,9,0,4,1,5,1
2024,2024-04-07,746895,Los Angeles Dodgers,0,1,4,1,9,0,-5,0
2024,2024-04-07,746574,Colorado Rockies,1,2,7,0,8,0,-1,0
2024,2024-04-07,746574,Tampa Bay Rays,0,3,8,0,7,0,1,1
2024,2024-04-07,745362,San Francisco Giants,1,3,6,0,11,2,-5,1
2024,2024-04-07,745362,San Diego Padres,0,2,11,2,6,0,5,0
2024,2024-04-07,746251,Los Angeles Angels,1,2,8,0,12,0,-4,0
2024,2024-04-07,746251,Boston Red Sox,0,12,12,0,8,0,4,1
2024,2024-04-07,745032,Texas Rangers,1,1,2,0,4,0,-2,0
2024,2024-04-07,745032,Houston Astros,0,3,4,0,2,0,2,1
2024,2024-04-08,746654,Cleveland Guardians,1,4,10,0,4,3,6,1
2024,2024-04-08,746654,Chicago White Sox,0,0,4,3,10,0,-6,0
2024,2024-04-08,745761,New York Yankees,1,7,9,0,2,0,7,1
2024,2024-04-08,745761,Miami Marlins,0,0,2,0,9,0,-7,0
2024,2024-04-08,745520,Pittsburgh Pirates,1,7,12,1,9,1,3,1
2024,2024-04-08,745520,Detroit Tigers,0,4,9,1,12,1,-3,0
2024,2024-04-08,746735,Cincinnati Reds,1,10,10,1,12,3,-2,1
2024,2024-04-08,746735,Milwaukee Brewers,0,8,12,3,10,1,2,0
2024,2024-04-08,744956,Toronto Blue Jays,1,5,11,0,7,1,4,1
2024,2024-04-08,744956,Seattle Mariners,0,2,7,1,11,0,-4,0
2024,2024-04-08,747142,Atlanta Braves,1,7,12,0,11,0,1,0
2024,2024-04-08,747142,New York Mets,0,8,11,0,12,0,-1,1
2024,2024-04-08,745925,Minnesota Twins,1,2,3,0,10,0,-7,0
2024,2024-04-08,745925,Los Angeles Dodgers,0,4,10,0,3,0,7,1
2024,2024-04-08,745194,St. Louis Cardinals,1,3,6,1,10,0,-4,0
2024,2024-04-08,745194,Philadelphia Phillies,0,5,10,0,6,1,4,1
2024,2024-04-08,745034,Texas Rangers,1,5,8,0,11,0,-3,0
2024,2024-04-08,745034,Houston Astros,0,10,11,0,8,0,3,1
2024,2024-04-08,746569,Colorado Rockies,1,7,13,1,7,0,6,1
2024,2024-04-08,746569,Arizona Diamondbacks,0,5,7,0,13,1,-6,0
2024,2024-04-08,746252,Los Angeles Angels,1,7,14,0,8,0,6,1
2024,2024-04-08,746252,Tampa Bay Rays,0,1,8,0,14,0,-6,0
2024,2024-04-08,745432,San Diego Padres,1,9,9,0,8,0,1,1
2024,2024-04-08,745432,Chicago Cubs,0,8,8,0,9,0,-1,0
2024,2024-04-08,745363,San Francisco Giants,1,1,6,1,10,1,-4,0
2024,2024-04-08,745363,Washington Nationals,0,8,10,1,6,1,4,1
2024,2024-04-09,745517,Pittsburgh Pirates,1,3,8,1,9,0,-1,0
2024,2024-04-09,745517,Detroit Tigers,0,5,9,0,8,1,1,1
2024,2024-04-09,746981,Boston Red Sox,1,1,2,2,13,0,-11,0
2024,2024-04-09,746981,Baltimore Orioles,0,7,13,0,2,2,11,1
2024,2024-04-09,746653,Cleveland Guardians,1,5,8,0,12,0,-4,0
2024,2024-04-09,746653,Chicago White Sox,0,7,12,0,8,0,4,1
2024,2024-04-09,746732,Cincinnati Reds,1,5,10,1,13,1,-3,0
2024,2024-04-09,746732,Milwaukee Brewers,0,9,13,1,10,1,3,1
2024,2024-04-09,745762,New York Yankees,1,3,7,1,5,2,2,1
2024,2024-04-09,745762,Miami Marlins,0,2,5,2,7,1,-2,0
2024,2024-04-09,744957,Toronto Blue Jays,1,5,11,0,6,2,5,1
2024,2024-04-09,744957,Seattle Mariners,0,3,6,2,11,0,-5,0
2024,2024-04-09,747138,Atlanta Braves,1,6,11,1,12,1,-1,1
2024,2024-04-09,747138,New York Mets,0,5,12,1,11,1,1,0
2024,2024-04-09,746326,Kansas City Royals,1,4,7,1,13,1,-6,1
2024,2024-04-09,746326,Houston Astros,0,3,13,1,7,1,6,0
2024,2024-04-09,745924,Minnesota Twins,1,3,6,0,9,0,-3,0
2024,2024-04-09,745924,Los Angeles Dodgers,0,6,9,0,6,0,3,1
2024,2024-04-09,745195,St. Louis Cardinals,1,3,7,0,8,0,-1,1
2024,2024-04-09,745195,Philadelphia Phillies,0,0,8,0,7,0,1,0
2024,2024-04-09,745030,Texas Rangers,1,3,7,0,5,0,2,0
2024,2024-04-09,745030,Oakland Athletics,0,4,5,0,7,0,-2,1
2024,2024-04-09,746571,Colorado Rockies,1,2,8,0,9,0,-1,0
2024,2024-04-09,746571,Arizona Diamondbacks,0,3,9,0,8,0,1,1
2024,2024-04-09,746250,Los Angeles Angels,1,4,7,1,11,1,-4,0
2024,2024-04-09,746250,Tampa Bay Rays,0,6,11,1,7,1,4,1
2024,2024-04-09,745357,San Francisco Giants,1,3,10,0,8,1,2,0
2024,2024-04-09,745357,Washington Nationals,0,5,8,1,10,0,-2,1
2024,2024-04-09,745433,San Diego Padres,1,1,4,0,9,0,-5,0
2024,2024-04-09,745433,Chicago Cubs,0,5,9,0,4,0,5,1
2024,2024-04-10,745923,Minnesota Twins,1,3,6,0,9,0,-3,1
2024,2024-04-10,745923,Los Angeles Dodgers,0,2,9,0,6,0,3,0
2024,2024-04-10,745196,St. Louis Cardinals,1,3,7,2,8,0,-1,0
2024,2024-04-10,745196,Philadelphia Phillies,0,4,8,0,7,2,1,1
2024,2024-04-10,744950,Toronto Blue Jays,1,1,6,0,6,0,0,0
2024,2024-04-10,744950,Seattle Mariners,0,6,6,0,6,0,0,1
2024,2024-04-10,746573,Colorado Rockies,1,3,6,0,10,2,-4,0
2024,2024-04-10,746573,Arizona Diamondbacks,0,5,10,2,6,0,4,1
2024,2024-04-10,745355,San Francisco Giants,1,7,12,0,4,0,8,1
2024,2024-04-10,745355,Washington Nationals,0,1,4,0,12,0,-8,0
2024,2024-04-10,746247,Los Angeles Angels,1,2,9,0,7,0,2,0
2024,2024-04-10,746247,Tampa Bay Rays,0,4,7,0,9,0,-2,1
2024,2024-04-10,746655,Cleveland Guardians,1,7,8,2,10,1,-2,1
2024,2024-04-10,746655,Chicago White Sox,0,6,10,1,8,2,2,0
2024,2024-04-10,745429,San Diego Padres,1,10,12,1,3,0,9,1
2024,2024-04-10,745429,Chicago Cubs,0,2,3,0,12,1,-9,0
2024,2024-04-10,746728,Cincinnati Reds,1,2,4,1,6,0,-2,0
2024,2024-04-10,746728,Milwaukee Brewers,0,7,6,0,4,1,2,1
2024,2024-04-10,745763,New York Yankees,1,2,6,1,6,0,0,0
2024,2024-04-10,745763,Miami Marlins,0,5,6,0,6,1,0,1
2024,2024-04-10,746980,Boston Red Sox,1,5,8,1,9,0,-1,0
2024,2024-04-10,746980,Baltimore Orioles,0,7,9,0,8,1,1,1
2024,2024-04-10,746323,Kansas City Royals,1,11,11,1,9,1,2,1
2024,2024-04-10,746323,Houston Astros,0,2,9,1,11,1,-2,0
2024,2024-04-10,745024,Texas Rangers,1,6,12,1,9,0,3,1
2024,2024-04-10,745024,Oakland Athletics,0,2,9,0,12,1,-3,0
2024,2024-04-11,747137,Atlanta Braves,1,4,10,2,16,0,-6,0
2024,2024-04-11,747137,New York Mets,0,16,16,0,10,2,6,1
2024,2024-04-11,746322,Kansas City Royals,1,13,16,1,11,1,5,1
2024,2024-04-11,746322,Houston Astros,0,3,11,1,16,1,-5,0
2024,2024-04-11,745029,Texas Rangers,1,0,1,0,4,0,-3,0
2024,2024-04-11,745029,Oakland Athletics,0,1,4,0,1,0,3,1
2024,2024-04-11,745601,Philadelphia Phillies,1,5,7,0,7,1,0,1
2024,2024-04-11,745601,Pittsburgh Pirates,0,1,7,1,7,0,0,0
2024,2024-04-11,746977,Boston Red Sox,1,4,8,1,9,0,-1,0
2024,2024-04-11,746977,Baltimore Orioles,0,9,9,0,8,1,1,1
2024,2024-04-12,746491,Detroit Tigers,1,8,10,0,6,1,4,1
2024,2024-04-12,746491,Minnesota Twins,0,2,6,1,10,0,-4,0
2024,2024-04-12,745596,Philadelphia Phillies,1,2,7,2,9,0,-2,0
2024,2024-04-12,745596,Pittsburgh Pirates,0,5,9,0,7,2,2,1
2024,2024-04-12,745112,Tampa Bay Rays,1,2,6,2,6,1,0,1
2024,2024-04-12,745112,San Francisco Giants,0,1,6,1,6,2,0,0
2024,2024-04-12,747055,Baltimore Orioles,1,1,6,1,15,0,-9,0
2024,2024-04-12,747055,Milwaukee Brewers,0,11,15,0,6,1,9,1
2024,2024-04-12,744954,Toronto Blue Jays,1,4,11,0,20,1,-9,0
2024,2024-04-12,744954,Colorado Rockies,0,12,20,1,11,0,9,1
2024,2024-04-12,746978,Boston Red Sox,1,0,3,3,12,0,-9,0
2024,2024-04-12,746978,Los Angeles Angels,0,7,12,0,3,3,9,1
2024,2024-04-12,745838,New York Mets,1,6,14,0,3,0,11,1
2024,2024-04-12,745838,Kansas City Royals,0,1,3,0,14,0,-11,0
2024,2024-04-12,746084,Miami Marlins,1,1,6,0,14,0,-8,0
2024,2024-04-12,746084,Atlanta Braves,0,8,14,0,6,0,8,1
2024,2024-04-12,746812,Chicago White Sox,1,1,4,0,12,0,-8,0
2024,2024-04-12,746812,Cincinnati Reds,0,11,12,0,4,0,8,1
2024,2024-04-12,746408,Houston Astros,1,8,11,2,12,0,-1,0
2024,2024-04-12,746408,Texas Rangers,0,12,12,0,11,2,1,1
2024,2024-04-12,745679,Oakland Athletics,1,2,3,1,8,1,-5,1
2024,2024-04-12,745679,Washington Nationals,0,1,8,1,3,1,5,0
2024,2024-04-12,745274,Seattle Mariners,1,4,6,2,4,0,2,1
2024,2024-04-12,745274,Chicago Cubs,0,2,4,0,6,2,-2,0
2024,2024-04-12,747217,Arizona Diamondbacks,1,6,9,0,14,2,-5,0
2024,2024-04-12,747217,St. Louis Cardinals,0,9,14,2,9,0,5,1
2024,2024-04-12,746162,Los Angeles Dodgers,1,7,7,0,10,2,-3,0
2024,2024-04-12,746162,San Diego Padres,0,8,10,2,7,0,3,1
2024,2024-04-13,746656,Cleveland Guardians,1,2,5,0,10,1,-5,0
2024,2024-04-13,746656,New York Yankees,0,3,10,1,5,0,5,1
2024,2024-04-13,746658,Cleveland Guardians,1,2,7,1,9,0,-2,0
2024,2024-04-13,746658,New York Yankees,0,8,9,0,7,1,2,1
2024,2024-04-13,746489,Detroit Tigers,1,5,8,2,8,1,0,0
2024,2024-04-13,746489,Minnesota Twins,0,11,8,1,8,2,0,1
2024,2024-04-13,746490,Detroit Tigers,1,1,4,0,7,0,-3,0
2024,2024-04-13,746490,Minnesota Twins,0,4,7,0,4,0,3,1
2024,2024-04-13,745839,New York Mets,1,7,9,1,13,0,-4,0
2024,2024-04-13,745839,Kansas City Royals,0,11,13,0,9,1,4,1
2024,2024-04-13,746811,Chicago White Sox,1,0,2,0,4,0,-2,0
2024,2024-04-13,746811,Cincinnati Reds,0,5,4,0,2,0,2,1
2024,2024-04-13,744953,Toronto Blue Jays,1,5,9,0,7,0,2,1
2024,2024-04-13,744953,Colorado Rockies,0,3,7,0,9,0,-2,0
2024,2024-04-13,746405,Houston Astros,1,9,14,0,8,0,6,1
2024,2024-04-13,746405,Texas Rangers,0,2,8,0,14,0,-6,0
2024,2024-04-13,745594,Philadelphia Phillies,1,4,9,1,5,0,4,1
2024,2024-04-13,745594,Pittsburgh Pirates,0,3,5,0,9,1,-4,0
2024,2024-04-13,747054,Baltimore Orioles,1,5,12,2,15,0,-3,0
2024,2024-04-13,747054,Milwaukee Brewers,0,11,15,0,12,2,3,1
2024,2024-04-13,745676,Oakland Athletics,1,1,8,0,10,0,-2,0
2024,2024-04-13,745676,Washington Nationals,0,3,10,0,8,0,2,1
2024,2024-04-13,746979,Boston Red Sox,1,7,11,0,8,1,3,1
2024,2024-04-13,746979,Los Angeles Angels,0,2,8,1,11,0,-3,0
2024,2024-04-13,745110,Tampa Bay Rays,1,2,8,0,13,0,-5,0
2024,2024-04-13,745110,San Francisco Giants,0,11,13,0,8,0,5,1
2024,2024-04-13,746082,Miami Marlins,1,5,8,1,6,0,2,1
2024,2024-04-13,746082,Atlanta Braves,0,1,6,0,8,1,-2,0
2024,2024-04-13,747215,Arizona Diamondbacks,1,4,6,1,11,0,-5,1
2024,2024-04-13,747215,St. Louis Cardinals,0,2,11,0,6,1,5,0
2024,2024-04-13,746161,Los Angeles Dodgers,1,5,8,0,7,2,1,1
2024,2024-04-13,746161,San Diego Padres,0,2,7,2,8,0,-1,0
2024,2024-04-13,745272,Seattle Mariners,1,1,6,1,6,1,0,0
2024,2024-04-13,745272,Chicago Cubs,0,4,6,1,6,1,0,1
2024,2024-04-14,746975,Boston Red Sox,1,5,7,0,9,0,-2,1
2024,2024-04-14,746975,Los Angeles Angels,0,4,9,0,7,0,2,0
2024,2024-04-14,745595,Philadelphia Phillies,1,2,8,2,10,1,-2,0
2024,2024-04-14,745595,Pittsburgh Pirates,0,9,10,1,8,2,2,1
2024,2024-04-14,747056,Baltimore Orioles,1,6,11,1,12,0,-1,1
2024,2024-04-14,747056,Milwaukee Brewers,0,4,12,0,11,1,1,0
2024,2024-04-14,744952,Toronto Blue Jays,1,5,12,1,2,1,10,1
2024,2024-04-14,744952,Colorado Rockies,0,0,2,1,12,1,-10,0
2024,2024-04-14,745841,New York Mets,1,2,8,0,3,1,5,1
2024,2024-04-14,745841,Kansas City Royals,0,1,3,1,8,0,-5,0
2024,2024-04-14,745113,Tampa Bay Rays,1,9,10,0,10,0,0,1
2024,2024-04-14,745113,San Francisco Giants,0,4,10,0,10,0,0,0
2024,2024-04-14,746492,Detroit Tigers,1,4,8,0,6,0,2,1
2024,2024-04-14,746492,Minnesota Twins,0,3,6,0,8,0,-2,0
2024,2024-04-14,746079,Miami Marlins,1,7,9,1,12,0,-3,0
2024,2024-04-14,746079,Atlanta Braves,0,9,12,0,9,1,3,1
2024,2024-04-14,746648,Cleveland Guardians,1,8,9,0,12,2,-3,1
2024,2024-04-14,746648,New York Yankees,0,7,12,2,9,0,3,0
2024,2024-04-14,746404,Houston Astros,1,8,10,0,10,0,0,1
2024,2024-04-14,746404,Texas Rangers,0,5,10,0,10,0,0,0
2024,2024-04-14,746810,Chicago White Sox,1,4,8,4,10,1,-2,0
2024,2024-04-14,746810,Cincinnati Reds,0,11,10,1,8,4,2,1
2024,2024-04-14,745681,Oakland Athletics,1,7,11,0,12,0,-1,1
2024,2024-04-14,745681,Washington Nationals,0,6,12,0,11,0,1,0
2024,2024-04-14,745271,Seattle Mariners,1,2,5,1,8,0,-3,0
2024,2024-04-14,745271,Chicago Cubs,0,3,8,0,5,1,3,1
2024,2024-04-14,747216,Arizona Diamondbacks,1,5,7,0,4,0,3,1
2024,2024-04-14,747216,St. Louis Cardinals,0,0,4,0,7,0,-3,0
2024,2024-04-14,746164,Los Angeles Dodgers,1,3,6,1,8,0,-2,0
2024,2024-04-14,746164,San Diego Padres,0,6,8,0,6,1,2,1
2024,2024-04-15,746974,Boston Red Sox,1,0,3,1,9,0,-6,0
2024,2024-04-15,746974,Cleveland Guardians,0,6,9,0,3,1,6,1
2024,2024-04-15,747053,Baltimore Orioles,1,7,12,0,11,1,1,1
2024,2024-04-15,747053,Minnesota Twins,0,4,11,1,12,0,-1,0
2024,2024-04-15,746488,Detroit Tigers,1,0,5,0,7,0,-2,0
2024,2024-04-15,746488,Texas Rangers,0,1,7,0,5,0,2,1
2024,2024-04-15,745597,Philadelphia Phillies,1,2,6,0,5,0,1,1
2024,2024-04-15,745597,Colorado Rockies,0,1,5,0,6,0,-1,0
2024,2024-04-15,746080,Miami Marlins,1,3,10,0,8,2,2,0
2024,2024-04-15,746080,San Francisco Giants,0,4,8,2,10,0,-2,1
2024,2024-04-15,745106,Tampa Bay Rays,1,3,6,0,13,0,-7,0
2024,2024-04-15,745106,Los Angeles Angels,0,7,13,0,6,0,7,1
2024,2024-04-15,744951,Toronto Blue Jays,1,3,4,0,4,0,0,1
2024,2024-04-15,744951,New York Yankees,0,1,4,0,4,0,0,0
2024,2024-04-15,745840,New York Mets,1,6,8,0,3,1,5,1
2024,2024-04-15,745840,Pittsburgh Pirates,0,3,3,1,8,0,-5,0
2024,2024-04-15,746813,Chicago White Sox,1,0,4,0,5,0,-1,0
2024,2024-04-15,746813,Kansas City Royals,0,2,5,0,4,0,1,1
2024,2024-04-15,746002,Milwaukee Brewers,1,3,10,1,12,0,-2,0
2024,2024-04-15,746002,San Diego Padres,0,7,12,0,10,1,2,1
2024,2024-04-15,746406,Houston Astros,1,1,7,1,11,0,-4,0
2024,2024-04-15,746406,Atlanta Braves,0,6,11,0,7,1,4,1
2024,2024-04-15,747213,Arizona Diamondbacks,1,2,3,0,9,0,-6,0
2024,2024-04-15,747213,Chicago Cubs,0,3,9,0,3,0,6,1
2024,2024-04-15,745677,Oakland Athletics,1,1,5,0,8,0,-3,0
2024,2024-04-15,745677,St. Louis Cardinals,0,3,8,0,5,0,3,1
2024,2024-04-15,745268,Seattle Mariners,1,9,10,0,7,0,3,1
2024,2024-04-15,745268,Cincinnati Reds,0,3,7,0,10,0,-3,0
2024,2024-04-15,746158,Los Angeles Dodgers,1,4,9,0,8,0,1,0
2024,2024-04-15,746158,Washington Nationals,0,6,8,0,9,0,-1,1
2024,2024-04-16,746486,Detroit Tigers,1,4,5,0,6,1,-1,1
2024,2024-04-16,746486,Texas Rangers,0,2,6,1,5,0,1,0
2024,2024-04-16,747051,Baltimore Orioles,1,11,15,0,7,0,8,1
2024,2024-04-16,747051,Minnesota Twins,0,3,7,0,15,0,-8,0
2024,2024-04-16,745593,Philadelphia Phillies,1,5,7,0,7,0,0,1
2024,2024-04-16,745593,Colorado Rockies,0,0,7,0,7,0,0,0
2024,2024-04-16,746081,Miami Marlins,1,6,8,1,9,1,-1,1
2024,2024-04-16,746081,San Francisco Giants,0,3,9,1,8,1,1,0
2024,2024-04-16,745108,Tampa Bay Rays,1,7,7,1,6,1,1,1
2024,2024-04-16,745108,Los Angeles Angels,0,6,6,1,7,1,-1,0
2024,2024-04-16,744944,Toronto Blue Jays,1,5,8,0,6,1,2,1
2024,2024-04-16,744944,New York Yankees,0,4,6,1,8,0,-2,0
2024,2024-04-16,746976,Boston Red Sox,1,7,11,1,14,0,-3,0
2024,2024-04-16,746976,Cleveland Guardians,0,10,14,0,11,1,3,1
2024,2024-04-16,745837,New York Mets,1,3,4,1,5,0,-1,1
2024,2024-04-16,745837,Pittsburgh Pirates,0,1,5,0,4,1,1,0
2024,2024-04-16,746004,Milwaukee Brewers,1,3,6,2,11,1,-5,0
2024,2024-04-16,746004,San Diego Padres,0,6,11,1,6,2,5,1
2024,2024-04-16,746400,Houston Astros,1,2,7,0,11,0,-4,0
2024,2024-04-16,746400,Atlanta Braves,0,6,11,0,7,0,4,1
2024,2024-04-16,747214,Arizona Diamondbacks,1,12,12,0,14,2,-2,1
2024,2024-04-16,747214,Chicago Cubs,0,11,14,2,12,0,2,0
2024,2024-04-16,745270,Seattle Mariners,1,3,8,1,4,0,4,1
2024,2024-04-16,745270,Cincinnati Reds,0,1,4,0,8,1,-4,0
2024,2024-04-16,745674,Oakland Athletics,1,2,5,0,4,1,1,0
2024,2024-04-16,745674,St. Louis Cardinals,0,3,4,1,5,0,-1,1
2024,2024-04-16,746157,Los Angeles Dodgers,1,6,13,0,6,0,7,1
2024,2024-04-16,746157,Washington Nationals,0,2,6,0,13,0,-7,0
2024,2024-04-17,746076,Miami Marlins,1,1,6,0,9,0,-3,0
2024,2024-04-17,746076,San Francisco Giants,0,3,9,0,6,0,3,1
2024,2024-04-17,747049,Baltimore Orioles,1,4,8,0,5,0,3,1
2024,2024-04-17,747049,Minnesota Twins,0,2,5,0,8,0,-3,0
2024,2024-04-17,745836,New York Mets,1,9,10,1,5,0,5,1
2024,2024-04-17,745836,Pittsburgh Pirates,0,1,5,0,10,1,-5,0
2024,2024-04-17,746487,Detroit Tigers,1,4,7,3,7,1,0,0
2024,2024-04-17,746487,Texas Rangers,0,5,7,1,7,3,0,1
2024,2024-04-17,746005,Milwaukee Brewers,1,1,3,0,5,0,-2,1
2024,2024-04-17,746005,San Diego Padres,0,0,5,0,3,0,2,0
2024,2024-04-17,746401,Houston Astros,1,4,9,2,7,1,2,0
2024,2024-04-17,746401,Atlanta Braves,0,5,7,1,9,2,-2,1
2024,2024-04-17,746807,Chicago White Sox,1,2,5,0,7,0,-2,0
2024,2024-04-17,746807,Kansas City Royals,0,4,7,0,5,0,2,1
2024,2024-04-17,746809,Chicago White Sox,1,2,6,1,5,0,1,1
2024,2024-04-17,746809,Kansas City Royals,0,1,5,0,6,1,-1,0
2024,2024-04-17,744948,Toronto Blue Jays,1,4,9,0,11,0,-2,0
2024,2024-04-17,744948,New York Yankees,0,6,11,0,9,0,2,1
2024,2024-04-17,746159,Los Angeles Dodgers,1,0,5,0,4,0,1,0
2024,2024-04-17,746159,Washington Nationals,0,2,4,0,5,0,-1,1
2024,2024-04-17,745671,Oakland Athletics,1,6,10,0,6,0,4,1
2024,2024-04-17,745671,St. Louis Cardinals,0,3,6,0,10,0,-4,0
2024,2024-04-17,747212,Arizona Diamondbacks,1,3,7,3,9,1,-2,0
2024,2024-04-17,747212,Chicago Cubs,0,5,9,1,7,3,2,1
2024,2024-04-17,745267,Seattle Mariners,1,5,7,0,1,0,6,1
2024,2024-04-17,745267,Cincinnati Reds,0,1,1,0,7,0,-6,0
2024,2024-04-17,745591,Philadelphia Phillies,1,7,12,0,12,0,0,1
2024,2024-04-17,745591,Colorado Rockies,0,6,12,0,12,0,0,0
2024,2024-04-17,745105,Tampa Bay Rays,1,4,11,0,12,1,-1,0
2024,2024-04-17,745105,Los Angeles Angels,0,5,12,1,11,0,1,1
2024,2024-04-17,746973,Boston Red Sox,1,2,5,0,3,0,2,1
2024,2024-04-17,746973,Cleveland Guardians,0,0,3,0,5,0,-2,0
2024,2024-04-18,745104,Tampa Bay Rays,1,2,5,1,6,0,-1,1
2024,2024-04-18,745104,Los Angeles Angels,0,1,6,0,5,1,1,0
2024,2024-04-18,746485,Detroit Tigers,1,7,11,3,13,0,-2,0
2024,2024-04-18,746485,Texas Rangers,0,9,13,0,11,3,2,1
2024,2024-04-18,746970,Boston Red Sox,1,4,6,2,8,2,-2,0
2024,2024-04-18,746970,Cleveland Guardians,0,5,8,2,6,2,2,1
2024,2024-04-18,745356,San Francisco Giants,1,5,8,0,3,1,5,1
2024,2024-04-18,745356,Arizona Diamondbacks,0,0,3,1,8,0,-5,0
2024,2024-04-19,746892,Chicago Cubs,1,8,10,1,6,0,4,1
2024,2024-04-19,746892,Miami Marlins,0,3,6,0,10,1,-4,0
2024,2024-04-19,746729,Cincinnati Reds,1,7,5,1,7,1,-2,1
2024,2024-04-19,746729,Los Angeles Angels,0,1,7,1,5,1,2,0
2024,2024-04-19,745518,Pittsburgh Pirates,1,1,4,1,12,1,-8,0
2024,2024-04-19,745518,Boston Red Sox,0,8,12,1,4,1,8,1
2024,2024-04-19,745592,Philadelphia Phillies,1,7,7,0,2,0,5,1
2024,2024-04-19,745592,Chicago White Sox,0,0,2,0,7,0,-5,0
2024,2024-04-19,744872,Washington Nationals,1,3,8,0,13,0,-5,0
2024,2024-04-19,744872,Houston Astros,0,5,13,0,8,0,5,1
2024,2024-04-19,745758,New York Yankees,1,5,5,0,14,2,-9,1
2024,2024-04-19,745758,Tampa Bay Rays,0,3,14,2,5,0,9,0
2024,2024-04-19,746650,Cleveland Guardians,1,10,9,0,6,1,3,1
2024,2024-04-19,746650,Oakland Athletics,0,2,6,1,9,0,-3,0
2024,2024-04-19,747136,Atlanta Braves,1,8,6,0,6,0,0,1
2024,2024-04-19,747136,Texas Rangers,0,3,6,0,6,0,0,0
2024,2024-04-19,746325,Kansas City Royals,1,9,9,0,8,0,1,1
2024,2024-04-19,746325,Baltimore Orioles,0,4,8,0,9,0,-1,0
2024,2024-04-19,745922,Minnesota Twins,1,4,5,2,12,1,-7,0
2024,2024-04-19,745922,Detroit Tigers,0,5,12,1,5,2,7,1
2024,2024-04-19,745189,St. Louis Cardinals,1,1,5,0,5,0,0,0
2024,2024-04-19,745189,Milwaukee Brewers,0,2,5,0,5,0,0,1
2024,2024-04-19,745430,San Diego Padres,1,1,5,1,11,0,-6,0
2024,2024-04-19,745430,Toronto Blue Jays,0,5,11,0,5,1,6,1
2024,2024-04-19,746160,Los Angeles Dodgers,1,4,6,2,14,2,-8,0
2024,2024-04-19,746160,New York Mets,0,9,14,2,6,2,8,1
2024,2024-04-19,745352,San Francisco Giants,1,1,4,1,22,0,-18,0
2024,2024-04-19,745352,Arizona Diamondbacks,0,17,22,0,4,1,18,1
2024,2024-04-20,745760,New York Yankees,1,0,4,0,9,0,-5,0
2024,2024-04-20,745760,Tampa Bay Rays,0,2,9,0,4,0,5,1
2024,2024-04-20,745921,Minnesota Twins,1,4,7,0,5,2,2,1
2024,2024-04-20,745921,Detroit Tigers,0,3,5,2,7,0,-2,0
2024,2024-04-20,745190,St. Louis Cardinals,1,5,6,1,18,0,-12,0
2024,2024-04-20,745190,Milwaukee Brewers,0,12,18,0,6,1,12,1
2024,2024-04-20,746893,Chicago Cubs,1,2,7,0,8,1,-1,0
2024,2024-04-20,746893,Miami Marlins,0,3,8,1,7,0,1,1
2024,2024-04-20,746891,Chicago Cubs,1,5,7,1,8,0,-1,1
2024,2024-04-20,746891,Miami Marlins,0,3,8,0,7,1,1,0
2024,2024-04-20,744865,Washington Nationals,1,5,9,0,10,1,-1,1
2024,2024-04-20,744865,Houston Astros,0,4,10,1,9,0,1,0
2024,2024-04-20,746156,Los Angeles Dodgers,1,4,6,1,8,0,-2,0
2024,2024-04-20,746156,New York Mets,0,6,8,0,6,1,2,1
2024,2024-04-20,745515,Pittsburgh Pirates,1,2,9,1,6,0,3,0
2024,2024-04-20,745515,Boston Red Sox,0,4,6,0,9,1,-3,1
2024,2024-04-20,745354,San Francisco Giants,1,7,16,1,7,0,9,1
2024,2024-04-20,745354,Arizona Diamondbacks,0,3,7,0,16,1,-9,0
2024,2024-04-20,745590,Philadelphia Phillies,1,9,12,0,7,1,5,1
2024,2024-04-20,745590,Chicago White Sox,0,5,7,1,12,0,-5,0
2024,2024-04-20,746651,Cleveland Guardians,1,6,14,1,6,0,8,1
2024,2024-04-20,746651,Oakland Athletics,0,3,6,0,14,1,-8,0
2024,2024-04-20,746726,Cincinnati Reds,1,7,9,0,7,1,2,1
2024,2024-04-20,746726,Los Angeles Angels,0,5,7,1,9,0,-2,0
2024,2024-04-20,746324,Kansas City Royals,1,7,8,0,15,1,-7,0
2024,2024-04-20,746324,Baltimore Orioles,0,9,15,1,8,0,7,1
2024,2024-04-20,747135,Atlanta Braves,1,5,8,0,5,0,3,1
2024,2024-04-20,747135,Texas Rangers,0,2,5,0,8,0,-3,0
2024,2024-04-20,746570,Colorado Rockies,1,0,3,2,16,0,-13,0
2024,2024-04-20,746570,Seattle Mariners,0,7,16,0,3,2,13,1
2024,2024-04-20,745431,San Diego Padres,1,2,9,1,8,0,1,0
2024,2024-04-20,745431,Toronto Blue Jays,0,5,8,0,9,1,-1,1
2024,2024-04-21,744866,Washington Nationals,1,6,11,0,4,0,7,1
2024,2024-04-21,744866,Houston Astros,0,0,4,0,11,0,-7,0
2024,2024-04-21,745514,Pittsburgh Pirates,1,1,7,1,8,0,-1,0
2024,2024-04-21,745514,Boston Red Sox,0,6,8,0,7,1,1,1
2024,2024-04-21,745588,Philadelphia Phillies,1,8,11,1,4,1,7,1
2024,2024-04-21,745588,Chicago White Sox,0,2,4,1,11,1,-7,0
2024,2024-04-21,745759,New York Yankees,1,5,9,2,5,0,4,1
2024,2024-04-21,745759,Tampa Bay Rays,0,4,5,0,9,2,-4,0
2024,2024-04-21,746727,Cincinnati Reds,1,3,5,0,6,1,-1,1
2024,2024-04-21,746727,Los Angeles Angels,0,0,6,1,5,0,1,0
2024,2024-04-21,746652,Cleveland Guardians,1,6,7,1,7,0,0,1
2024,2024-04-21,746652,Oakland Athletics,0,2,7,0,7,1,0,0
2024,2024-04-21,746316,Kansas City Royals,1,0,5,0,11,0,-6,0
2024,2024-04-21,746316,Baltimore Orioles,0,5,11,0,5,0,6,1
2024,2024-04-21,745920,Minnesota Twins,1,1,7,0,7,0,0,0
2024,2024-04-21,745920,Detroit Tigers,0,6,7,0,7,0,0,1
2024,2024-04-21,745192,St. Louis Cardinals,1,0,6,0,6,0,0,0
2024,2024-04-21,745192,Milwaukee Brewers,0,2,6,0,6,0,0,1
2024,2024-04-21,746894,Chicago Cubs,1,3,8,0,11,1,-3,0
2024,2024-04-21,746894,Miami Marlins,0,6,11,1,8,0,3,1
2024,2024-04-21,746568,Colorado Rockies,1,2,10,1,6,0,4,1
2024,2024-04-21,746568,Seattle Mariners,0,1,6,0,10,1,-4,0
2024,2024-04-21,746572,Colorado Rockies,1,2,6,1,13,1,-7,0
2024,2024-04-21,746572,Seattle Mariners,0,10,13,1,6,1,7,1
2024,2024-04-21,745353,San Francisco Giants,1,3,5,1,7,0,-2,0
2024,2024-04-21,745353,Arizona Diamondbacks,0,5,7,0,5,1,2,1
2024,2024-04-21,746154,Los Angeles Dodgers,1,10,9,0,7,0,2,1
2024,2024-04-21,746154,New York Mets,0,0,7,0,9,0,-2,0
2024,2024-04-21,745434,San Diego Padres,1,6,6,0,6,1,0,1
2024,2024-04-21,745434,Toronto Blue Jays,0,3,6,1,6,0,0,0
2024,2024-04-21,747133,Atlanta Braves,1,4,5,0,11,1,-6,0
2024,2024-04-21,747133,Texas Rangers,0,6,11,1,5,0,6,1
2024,2024-04-22,745757,New York Yankees,1,0,3,0,4,0,-1,0
2024,2024-04-22,745757,Oakland Athletics,0,2,4,0,3,0,1,1
2024,2024-04-22,746723,Cincinnati Reds,1,0,2,1,9,0,-7,0
2024,2024-04-22,746723,Philadelphia Phillies,0,7,9,0,2,1,7,1
2024,2024-04-22,745519,Pittsburgh Pirates,1,4,9,0,5,1,4,1
2024,2024-04-22,745519,Milwaukee Brewers,0,2,5,1,9,0,-4,0
2024,2024-04-22,745107,Tampa Bay Rays,1,1,6,2,11,0,-5,0
2024,2024-04-22,745107,Detroit Tigers,0,7,11,0,6,2,5,1
2024,2024-04-22,747134,Atlanta Braves,1,3,8,0,8,0,0,1
2024,2024-04-22,747134,Miami Marlins,0,0,8,0,8,0,0,0
2024,2024-04-22,746319,Kansas City Royals,1,3,8,0,6,0,2,0
2024,2024-04-22,746319,Toronto Blue Jays,0,5,6,0,8,0,-2,1
2024,2024-04-22,745916,Minnesota Twins,1,7,11,0,8,0,3,1
2024,2024-04-22,745916,Chicago White Sox,0,0,8,0,11,0,-3,0
2024,2024-04-22,745191,St. Louis Cardinals,1,5,7,0,9,0,-2,1
2024,2024-04-22,745191,Arizona Diamondbacks,0,3,9,0,7,0,2,0
2024,2024-04-22,746565,Colorado Rockies,1,1,4,0,9,0,-5,0
2024,2024-04-22,746565,San Diego Padres,0,3,9,0,4,0,5,1
2024,2024-04-22,746242,Los Angeles Angels,1,2,8,0,6,0,2,0
2024,2024-04-22,746242,Baltimore Orioles,0,4,6,0,8,0,-2,1
2024,2024-04-22,745351,San Francisco Giants,1,5,8,1,4,0,4,1
2024,2024-04-22,745351,New York Mets,0,2,4,0,8,1,-4,0
2024,2024-04-23,746647,Cleveland Guardians,1,4,7,0,6,0,1,1
2024,2024-04-23,746647,Boston Red Sox,0,1,6,0,7,0,-1,0
2024,2024-04-23,746722,Cincinnati Reds,1,8,9,0,6,3,3,1
2024,2024-04-23,746722,Philadelphia Phillies,0,1,6,3,9,0,-3,0
2024,2024-04-23,745516,Pittsburgh Pirates,1,2,7,0,3,0,4,1
2024,2024-04-23,745516,Milwaukee Brewers,0,1,3,0,7,0,-4,0
2024,2024-04-23,744863,Washington Nationals,1,1,7,1,9,0,-2,0
2024,2024-04-23,744863,Los Angeles Dodgers,0,4,9,0,7,1,2,1
2024,2024-04-23,745102,Tampa Bay Rays,1,2,7,0,6,2,1,0
2024,2024-04-23,745102,Detroit Tigers,0,4,6,2,7,0,-1,1
2024,2024-04-23,745754,New York Yankees,1,4,5,0,7,0,-2,1
2024,2024-04-23,745754,Oakland Athletics,0,3,7,0,5,0,2,0
2024,2024-04-23,747130,Atlanta Braves,1,5,10,1,3,1,7,1
2024,2024-04-23,747130,Miami Marlins,0,0,3,1,10,1,-7,0
2024,2024-04-23,746888,Chicago Cubs,1,7,6,0,6,0,0,1
2024,2024-04-23,746888,Houston Astros,0,2,6,0,6,0,0,0
2024,2024-04-23,746321,Kansas City Royals,1,3,8,0,9,1,-1,1
2024,2024-04-23,746321,Toronto Blue Jays,0,2,9,1,8,0,1,0
2024,2024-04-23,745917,Minnesota Twins,1,6,10,1,8,0,2,1
2024,2024-04-23,745917,Chicago White Sox,0,5,8,0,10,1,-2,0
2024,2024-04-23,745193,St. Louis Cardinals,1,1,6,0,15,0,-9,0
2024,2024-04-23,745193,Arizona Diamondbacks,0,14,15,0,6,0,9,1
2024,2024-04-23,745026,Texas Rangers,1,0,3,1,6,0,-3,0
2024,2024-04-23,745026,Seattle Mariners,0,4,6,0,3,1,3,1
2024,2024-04-23,746566,Colorado Rockies,1,7,13,0,12,2,1,1
2024,2024-04-23,746566,San Diego Padres,0,4,12,2,13,0,-1,0
2024,2024-04-23,746246,Los Angeles Angels,1,7,11,0,8,0,3,1
2024,2024-04-23,746246,Baltimore Orioles,0,4,8,0,11,0,-3,0
2024,2024-04-23,745348,San Francisco Giants,1,5,8,0,9,0,-1,1
2024,2024-04-23,745348,New York Mets,0,1,9,0,8,0,1,0
2024,2024-04-24,745188,St. Louis Cardinals,1,5,9,0,7,0,2,1
2024,2024-04-24,745188,Arizona Diamondbacks,0,1,7,0,9,0,-2,0
2024,2024-04-24,745346,San Francisco Giants,1,2,8,1,11,1,-3,0
2024,2024-04-24,745346,New York Mets,0,8,11,1,8,1,3,1
2024,2024-04-24,746244,Los Angeles Angels,1,5,6,0,9,1,-3,0
2024,2024-04-24,746244,Baltimore Orioles,0,6,9,1,6,0,3,1
2024,2024-04-24,746649,Cleveland Guardians,1,0,4,0,16,0,-12,0
2024,2024-04-24,746649,Boston Red Sox,0,8,16,0,4,0,12,1
2024,2024-04-24,746725,Cincinnati Reds,1,7,10,1,11,1,-1,1
2024,2024-04-24,746725,Philadelphia Phillies,0,4,11,1,10,1,1,0
2024,2024-04-24,745513,Pittsburgh Pirates,1,2,4,2,7,2,-3,0
2024,2024-04-24,745513,Milwaukee Brewers,0,3,7,2,4,2,3,1
2024,2024-04-24,744864,Washington Nationals,1,2,3,0,20,0,-17,0
2024,2024-04-24,744864,Los Angeles Dodgers,0,11,20,0,3,0,17,1
2024,2024-04-24,745099,Tampa Bay Rays,1,7,11,0,7,0,4,1
2024,2024-04-24,745099,Detroit Tigers,0,5,7,0,11,0,-4,0
2024,2024-04-24,745753,New York Yankees,1,7,11,0,4,2,7,1
2024,2024-04-24,745753,Oakland Athletics,0,3,4,2,11,0,-7,0
2024,2024-04-24,747132,Atlanta Braves,1,4,10,1,7,0,3,1
2024,2024-04-24,747132,Miami Marlins,0,3,7,0,10,1,-3,0
2024,2024-04-24,746889,Chicago Cubs,1,4,8,1,10,0,-2,1
2024,2024-04-24,746889,Houston Astros,0,3,10,0,8,1,2,0
2024,2024-04-24,746317,Kansas City Royals,1,3,9,0,6,2,3,1
2024,2024-04-24,746317,Toronto Blue Jays,0,2,6,2,9,0,-3,0
2024,2024-04-24,745919,Minnesota Twins,1,6,13,0,4,0,9,1
2024,2024-04-24,745919,Chicago White Sox,0,3,4,0,13,0,-9,0
2024,2024-04-24,745028,Texas Rangers,1,5,8,0,8,2,0,1
2024,2024-04-24,745028,Seattle Mariners,0,1,8,2,8,0,0,0
2024,2024-04-24,746567,Colorado Rockies,1,2,5,2,8,0,-3,0
2024,2024-04-24,746567,San Diego Padres,0,5,8,0,5,2,3,1
2024,2024-04-25,745512,Pittsburgh Pirates,1,5,8,0,12,0,-4,0
2024,2024-04-25,745512,Milwaukee Brewers,0,7,12,0,8,0,4,1
2024,2024-04-25,746646,Cleveland Guardians,1,6,8,0,10,2,-2,1
2024,2024-04-25,746646,Boston Red Sox,0,4,10,2,8,0,2,0
2024,2024-04-25,746724,Cincinnati Reds,1,0,3,0,11,0,-8,0
2024,2024-04-25,746724,Philadelphia Phillies,0,5,11,0,3,0,8,1
2024,2024-04-25,745918,Minnesota Twins,1,6,10,1,9,0,1,1
2024,2024-04-25,745918,Chicago White Sox,0,3,9,0,10,1,-1,0
2024,2024-04-25,746320,Kansas City Royals,1,2,3,0,3,0,0,1
2024,2024-04-25,746320,Toronto Blue Jays,0,1,3,0,3,0,0,0
2024,2024-04-25,746887,Chicago Cubs,1,3,7,0,4,0,3,1
2024,2024-04-25,746887,Houston Astros,0,1,4,0,7,0,-3,0
2024,2024-04-25,745027,Texas Rangers,1,3,7,0,5,2,2,0
2024,2024-04-25,745027,Seattle Mariners,0,4,5,2,7,0,-2,1
2024,2024-04-25,746564,Colorado Rockies,1,10,14,0,11,0,3,1
2024,2024-04-25,746564,San Diego Padres,0,9,11,0,14,0,-3,0
2024,2024-04-25,744867,Washington Nationals,1,1,7,0,9,1,-2,0
2024,2024-04-25,744867,Los Angeles Dodgers,0,2,9,1,7,0,2,1
2024,2024-04-25,745755,New York Yankees,1,1,11,0,6,1,5,0
2024,2024-04-25,745755,Oakland Athletics,0,3,6,1,11,0,-5,1
2024,2024-04-26,746482,Detroit Tigers,1,0,5,0,7,1,-2,0
2024,2024-04-26,746482,Kansas City Royals,0,8,7,1,5,0,2,1
2024,2024-04-26,747050,Baltimore Orioles,1,2,6,0,7,0,-1,0
2024,2024-04-26,747050,Oakland Athletics,0,3,7,0,6,0,1,1
2024,2024-04-26,744949,Toronto Blue Jays,1,2,5,1,19,0,-14,0
2024,2024-04-26,744949,Los Angeles Dodgers,0,12,19,0,5,1,14,1
2024,2024-04-26,746972,Boston Red Sox,1,1,7,1,14,1,-7,0
2024,2024-04-26,746972,Chicago Cubs,0,7,14,1,7,1,7,1
2024,2024-04-26,745835,New York Mets,1,2,8,1,5,0,3,0
2024,2024-04-26,745835,St. Louis Cardinals,0,4,5,0,8,1,-3,1
2024,2024-04-26,746078,Miami Marlins,1,1,6,0,8,0,-2,0
2024,2024-04-26,746078,Washington Nationals,0,3,8,0,6,0,2,1
2024,2024-04-26,747129,Atlanta Braves,1,6,8,1,5,1,3,1
2024,2024-04-26,747129,Cleveland Guardians,0,2,5,1,8,1,-3,0
2024,2024-04-26,746808,Chicago White Sox,1,9,12,0,9,2,3,1
2024,2024-04-26,746808,Tampa Bay Rays,0,4,9,2,12,0,-3,0
2024,2024-04-26,745025,Texas Rangers,1,2,8,1,3,0,5,1
2024,2024-04-26,745025,Cincinnati Reds,0,1,3,0,8,1,-5,0
2024,2024-04-26,746000,Milwaukee Brewers,1,7,10,0,6,0,4,1
2024,2024-04-26,746000,New York Yankees,0,6,6,0,10,0,-4,0
2024,2024-04-26,746243,Los Angeles Angels,1,3,5,2,11,0,-6,0
2024,2024-04-26,746243,Minnesota Twins,0,5,11,0,5,2,6,1
2024,2024-04-26,745269,Seattle Mariners,1,6,5,0,3,0,2,1
2024,2024-04-26,745269,Arizona Diamondbacks,0,1,3,0,5,0,-2,0
2024,2024-04-26,745424,San Diego Padres,1,3,7,0,13,0,-6,0
2024,2024-04-26,745424,Philadelphia Phillies,0,9,13,0,7,0,6,1
2024,2024-04-26,745347,San Francisco Giants,1,3,6,1,8,0,-2,1
2024,2024-04-26,745347,Pittsburgh Pirates,0,0,8,0,6,1,2,0
2024,2024-04-27,744946,Toronto Blue Jays,1,2,4,1,11,1,-7,0
2024,2024-04-27,744946,Los Angeles Dodgers,0,4,11,1,4,1,7,1
2024,2024-04-27,747052,Baltimore Orioles,1,7,9,0,5,0,4,1
2024,2024-04-27,747052,Oakland Athletics,0,0,5,0,9,0,-4,0
2024,2024-04-27,745833,New York Mets,1,4,7,0,10,1,-3,0
2024,2024-04-27,745833,St. Louis Cardinals,0,7,10,1,7,0,3,1
2024,2024-04-27,745020,Texas Rangers,1,4,7,1,10,0,-3,0
2024,2024-04-27,745020,Cincinnati Reds,0,8,10,0,7,1,3,1
2024,2024-04-27,746971,Boston Red Sox,1,17,21,0,5,0,16,1
2024,2024-04-27,746971,Chicago Cubs,0,0,5,0,21,0,-16,0
2024,2024-04-27,746075,Miami Marlins,1,4,13,3,11,0,2,0
2024,2024-04-27,746075,Washington Nationals,0,11,11,0,13,3,-2,1
2024,2024-04-27,746560,Colorado Rockies,1,4,8,0,15,0,-7,0
2024,2024-04-27,746560,Houston Astros,0,12,15,0,8,0,7,1
2024,2024-04-27,746484,Detroit Tigers,1,6,8,4,9,1,-1,1
2024,2024-04-27,746484,Kansas City Royals,0,5,9,1,8,4,1,0
2024,2024-04-27,746803,Chicago White Sox,1,8,10,1,11,1,-1,1
2024,2024-04-27,746803,Tampa Bay Rays,0,7,11,1,10,1,1,0
2024,2024-04-27,745998,Milwaukee Brewers,1,3,5,1,19,0,-14,0
2024,2024-04-27,745998,New York Yankees,0,15,19,0,5,1,14,1
2024,2024-04-27,747131,Atlanta Braves,1,2,7,0,8,0,-1,0
2024,2024-04-27,747131,Cleveland Guardians,0,4,8,0,7,0,1,1
2024,2024-04-27,745425,San Diego Padres,1,1,3,0,8,0,-5,0
2024,2024-04-27,745425,Philadelphia Phillies,0,5,8,0,3,0,5,1
2024,2024-04-27,745350,San Francisco Giants,1,3,7,2,11,1,-4,0
2024,2024-04-27,745350,Pittsburgh Pirates,0,4,11,1,7,2,4,1
2024,2024-04-27,746245,Los Angeles Angels,1,5,11,0,17,0,-6,0
2024,2024-04-27,746245,Minnesota Twins,0,16,17,0,11,0,6,1
2024,2024-04-27,745266,Seattle Mariners,1,3,4,0,3,0,1,1
2024,2024-04-27,745266,Arizona Diamondbacks,0,1,3,0,4,0,-1,0
2024,2024-04-28,747045,Baltimore Orioles,1,6,9,0,10,1,-1,0
2024,2024-04-28,747045,Oakland Athletics,0,7,10,1,9,0,1,1
2024,2024-04-28,747125,Atlanta Braves,1,4,9,0,10,1,-1,1
2024,2024-04-28,747125,Cleveland Guardians,0,3,10,1,9,0,1,0
2024,2024-04-28,744947,Toronto Blue Jays,1,3,8,0,6,0,2,1
2024,2024-04-28,744947,Los Angeles Dodgers,0,1,6,0,8,0,-2,0
2024,2024-04-28,746483,Detroit Tigers,1,4,10,0,5,0,5,1
2024,2024-04-28,746483,Kansas City Royals,0,1,5,0,10,0,-5,0
2024,2024-04-28,745834,New York Mets,1,4,8,1,4,0,4,1
2024,2024-04-28,745834,St. Louis Cardinals,0,2,4,0,8,1,-4,0
2024,2024-04-28,746077,Miami Marlins,1,9,12,2,14,1,-2,0
2024,2024-04-28,746077,Washington Nationals,0,12,14,1,12,2,2,1
2024,2024-04-28,746805,Chicago White Sox,1,4,12,0,7,0,5,1
2024,2024-04-28,746805,Tampa Bay Rays,0,2,7,0,12,0,-5,0
2024,2024-04-28,746001,Milwaukee Brewers,1,5,11,0,18,0,-7,0
2024,2024-04-28,746001,New York Yankees,0,15,18,0,11,0,7,1
2024,2024-04-28,745022,Texas Rangers,1,4,6,2,6,0,0,1
2024,2024-04-28,745022,Cincinnati Reds,0,3,6,0,6,2,0,0
2024,2024-04-28,746561,Colorado Rockies,1,2,7,0,8,0,-1,0
2024,2024-04-28,746561,Houston Astros,0,8,8,0,7,0,1,1
2024,2024-04-28,745349,San Francisco Giants,1,3,8,0,5,0,3,1
2024,2024-04-28,745349,Pittsburgh Pirates,0,2,5,0,8,0,-3,0
2024,2024-04-28,746237,Los Angeles Angels,1,5,6,2,17,0,-11,0
2024,2024-04-28,746237,Minnesota Twins,0,11,17,0,6,2,11,1
2024,2024-04-28,745265,Seattle Mariners,1,2,5,0,6,0,-1,0
2024,2024-04-28,745265,Arizona Diamondbacks,0,3,6,0,5,0,1,1
2024,2024-04-28,745428,San Diego Padres,1,6,9,0,12,1,-3,0
2024,2024-04-28,745428,Philadelphia Phillies,0,8,12,1,9,0,3,1
2024,2024-04-28,746967,Boston Red Sox,1,5,9,0,7,1,2,1
2024,2024-04-28,746967,Chicago Cubs,0,4,7,1,9,0,-2,0
2024,2024-04-29,747046,Baltimore Orioles,1,2,4,0,7,1,-3,1
2024,2024-04-29,747046,New York Yankees,0,0,7,1,4,0,3,0
2024,2024-04-29,746074,Miami Marlins,1,2,4,1,7,0,-3,0
2024,2024-04-29,746074,Washington Nationals,0,7,7,0,4,1,3,1
2024,2024-04-29,744945,Toronto Blue Jays,1,6,12,1,11,0,1,1
2024,2024-04-29,744945,Kansas City Royals,0,5,11,0,12,1,-1,0
2024,2024-04-29,745832,New York Mets,1,1,4,0,3,0,1,0
2024,2024-04-29,745832,Chicago Cubs,0,3,3,0,4,0,-1,1
2024,2024-04-29,746804,Chicago White Sox,1,2,8,1,4,0,4,0
2024,2024-04-29,746804,Minnesota Twins,0,3,4,0,8,1,-4,1
2024,2024-04-29,745999,Milwaukee Brewers,1,0,3,0,6,0,-3,0
2024,2024-04-29,745999,Tampa Bay Rays,0,1,6,0,3,0,3,1
2024,2024-04-29,746236,Los Angeles Angels,1,6,11,0,6,1,5,1
2024,2024-04-29,746236,Philadelphia Phillies,0,5,6,1,11,0,-5,0
2024,2024-04-29,747211,Arizona Diamondbacks,1,4,7,0,10,0,-3,0
2024,2024-04-29,747211,Los Angeles Dodgers,0,8,10,0,7,0,3,1
2024,2024-04-29,745672,Oakland Athletics,1,5,8,0,2,0,6,1
2024,2024-04-29,745672,Pittsburgh Pirates,0,1,2,0,8,0,-6,0
2024,2024-04-29,745427,San Diego Padres,1,2,4,0,8,1,-4,0
2024,2024-04-29,745427,Cincinnati Reds,0,5,8,1,4,0,4,1
2024,2024-04-29,745263,Seattle Mariners,1,2,4,0,3,0,1,1
2024,2024-04-29,745263,Atlanta Braves,0,1,3,0,4,0,-1,0
2024,2024-04-30,746477,Detroit Tigers,1,1,4,0,7,0,-3,0
2024,2024-04-30,746477,St. Louis Cardinals,0,2,7,0,4,0,3,1
2024,2024-04-30,746481,Detroit Tigers,1,11,14,0,11,0,3,1
2024,2024-04-30,746481,St. Louis Cardinals,0,6,11,0,14,0,-3,0
2024,2024-04-30,747047,Baltimore Orioles,1,4,9,0,5,1,4,1
2024,2024-04-30,747047,New York Yankees,0,2,5,1,9,0,-4,0
2024,2024-04-30,746073,Miami Marlins,1,7,9,0,9,0,0,1
2024,2024-04-30,746073,Colorado Rockies,0,6,9,0,9,0,0,0
2024,2024-04-30,744942,Toronto Blue Jays,1,1,4,0,8,0,-4,0
2024,2024-04-30,744942,Kansas City Royals,0,4,8,0,4,0,4,1
2024,2024-04-30,745831,New York Mets,1,4,7,0,4,2,3,1
2024,2024-04-30,745831,Chicago Cubs,0,2,4,2,7,0,-3,0
2024,2024-04-30,746968,Boston Red Sox,1,4,11,1,4,0,7,1
2024,2024-04-30,746968,San Francisco Giants,0,0,4,0,11,1,-7,0
2024,2024-04-30,746806,Chicago White Sox,1,5,12,0,9,1,3,0
2024,2024-04-30,746806,Minnesota Twins,0,6,9,1,12,0,-3,1
2024,2024-04-30,745997,Milwaukee Brewers,1,8,10,0,5,1,5,1
2024,2024-04-30,745997,Tampa Bay Rays,0,2,5,1,10,0,-5,0
2024,2024-04-30,745018,Texas Rangers,1,7,10,0,3,1,7,1
2024,2024-04-30,745018,Washington Nationals,0,1,3,1,10,0,-7,0
2024,2024-04-30,746398,Houston Astros,1,10,12,0,7,1,5,1
2024,2024-04-30,746398,Cleveland Guardians,0,9,7,1,12,0,-5,0
2024,2024-04-30,746239,Los Angeles Angels,1,5,9,0,11,1,-2,0
2024,2024-04-30,746239,Philadelphia Phillies,0,7,11,1,9,0,2,1
2024,2024-04-30,747210,Arizona Diamondbacks,1,4,10,0,5,0,5,1
2024,2024-04-30,747210,Los Angeles Dodgers,0,3,5,0,10,0,-5,0
2024,2024-04-30,745673,Oakland Athletics,1,5,8,0,5,0,3,1
2024,2024-04-30,745673,Pittsburgh Pirates,0,2,5,0,8,0,-3,0
2024,2024-04-30,745426,San Diego Padres,1,6,10,0,8,2,2,1
2024,2024-04-30,745426,Cincinnati Reds,0,4,8,2,10,0,-2,0
2024,2024-04-30,745260,Seattle Mariners,1,3,7,2,6,0,1,1
2024,2024-04-30,745260,Atlanta Braves,0,2,6,0,7,2,-1,0
2024,2024-05-01,746478,Detroit Tigers,1,4,8,0,7,0,1,1
2024,2024-05-01,746478,St. Louis Cardinals,0,1,7,0,8,0,-1,0
2024,2024-05-01,745996,Milwaukee Brewers,1,7,10,2,5,0,5,1
2024,2024-05-01,745996,Tampa Bay Rays,0,1,5,0,10,2,-5,0
2024,2024-05-01,746800,Chicago White Sox,1,5,7,1,12,0,-5,0
2024,2024-05-01,746800,Minnesota Twins,0,10,12,0,7,1,5,1
2024,2024-05-01,744939,Toronto Blue Jays,1,1,4,0,7,0,-3,0
2024,2024-05-01,744939,Kansas City Royals,0,6,7,0,4,0,3,1
2024,2024-05-01,745670,Oakland Athletics,1,4,6,3,4,1,2,1
2024,2024-05-01,745670,Pittsburgh Pirates,0,0,4,1,6,3,-2,0
2024,2024-05-01,745261,Seattle Mariners,1,2,10,2,6,0,4,0
2024,2024-05-01,745261,Atlanta Braves,0,5,6,0,10,2,-4,1
2024,2024-05-01,746238,Los Angeles Angels,1,1,10,0,7,0,3,0
2024,2024-05-01,746238,Philadelphia Phillies,0,2,7,0,10,0,-3,1
2024,2024-05-01,745423,San Diego Padres,1,6,8,0,4,1,4,1
2024,2024-05-01,745423,Cincinnati Reds,0,2,4,1,8,0,-4,0
2024,2024-05-01,747048,Baltimore Orioles,1,0,3,0,4,0,-1,0
2024,2024-05-01,747048,New York Yankees,0,2,4,0,3,0,1,1
2024,2024-05-01,746072,Miami Marlins,1,4,7,0,4,1,3,1
2024,2024-05-01,746072,Colorado Rockies,0,1,4,1,7,0,-3,0
2024,2024-05-01,745829,New York Mets,1,0,5,0,5,0,0,0
2024,2024-05-01,745829,Chicago Cubs,0,1,5,0,5,0,0,1
2024,2024-05-01,746966,Boston Red Sox,1,6,10,0,5,0,5,1
2024,2024-05-01,746966,San Francisco Giants,0,2,5,0,10,0,-5,0
2024,2024-05-01,745023,Texas Rangers,1,0,6,0,5,0,1,0
2024,2024-05-01,745023,Washington Nationals,0,1,5,0,6,0,-1,1
2024,2024-05-01,746399,Houston Astros,1,2,7,1,9,1,-2,0
2024,2024-05-01,746399,Cleveland Guardians,0,3,9,1,7,1,2,1
2024,2024-05-01,747207,Arizona Diamondbacks,1,0,7,0,10,0,-3,0
2024,2024-05-01,747207,Los Angeles Dodgers,0,8,10,0,7,0,3,1
2024,2024-05-02,746070,Miami Marlins,1,5,9,1,5,0,4,1
2024,2024-05-02,746070,Colorado Rockies,0,4,5,0,9,1,-4,0
2024,2024-05-02,747044,Baltimore Orioles,1,7,8,0,6,1,2,1
2024,2024-05-02,747044,New York Yankees,0,2,6,1,8,0,-2,0
2024,2024-05-02,745830,New York Mets,1,7,8,0,9,1,-1,1
2024,2024-05-02,745830,Chicago Cubs,0,6,9,1,8,0,1,0
2024,2024-05-02,746969,Boston Red Sox,1,1,4,0,6,0,-2,0
2024,2024-05-02,746969,San Francisco Giants,0,3,6,0,4,0,2,1
2024,2024-05-02,745021,Texas Rangers,1,6,9,0,4,0,5,1
2024,2024-05-02,745021,Washington Nationals,0,0,4,0,9,0,-5,0
2024,2024-05-02,746403,Houston Astros,1,8,10,0,7,0,3,1
2024,2024-05-02,746403,Cleveland Guardians,0,2,7,0,10,0,-3,0
2024,2024-05-03,746890,Chicago Cubs,1,1,8,0,8,0,0,0
2024,2024-05-03,746890,Milwaukee Brewers,0,3,8,0,8,0,0,1
2024,2024-05-03,746721,Cincinnati Reds,1,0,2,0,9,0,-7,0
2024,2024-05-03,746721,Baltimore Orioles,0,3,9,0,2,0,7,1
2024,2024-05-03,745510,Pittsburgh Pirates,1,2,4,0,12,0,-8,0
2024,2024-05-03,745510,Colorado Rockies,0,3,12,0,4,0,8,1
2024,2024-05-03,745589,Philadelphia Phillies,1,4,6,1,8,2,-2,1
2024,2024-05-03,745589,San Francisco Giants,0,3,8,2,6,1,2,0
2024,2024-05-03,744868,Washington Nationals,1,9,12,1,7,2,5,1
2024,2024-05-03,744868,Toronto Blue Jays,0,3,7,2,12,1,-5,0
2024,2024-05-03,745101,Tampa Bay Rays,1,10,13,0,10,0,3,1
2024,2024-05-03,745101,New York Mets,0,8,10,0,13,0,-3,0
2024,2024-05-03,745756,New York Yankees,1,2,6,1,5,0,1,1
2024,2024-05-03,745756,Detroit Tigers,0,1,5,0,6,1,-1,0
2024,2024-05-03,746645,Cleveland Guardians,1,0,6,0,11,2,-5,0
2024,2024-05-03,746645,Los Angeles Angels,0,6,11,2,6,0,5,1
2024,2024-05-03,746318,Kansas City Royals,1,7,11,0,7,0,4,1
2024,2024-05-03,746318,Texas Rangers,0,1,7,0,11,0,-4,0
2024,2024-05-03,746402,Houston Astros,1,5,7,0,7,1,0,1
2024,2024-05-03,746402,Seattle Mariners,0,3,7,1,7,0,0,0
2024,2024-05-03,745914,Minnesota Twins,1,5,8,1,4,1,4,1
2024,2024-05-03,745914,Boston Red Sox,0,2,4,1,8,1,-4,0
2024,2024-05-03,745187,St. Louis Cardinals,1,3,6,0,3,1,3,1
2024,2024-05-03,745187,Chicago White Sox,0,0,3,1,6,0,-3,0
2024,2024-05-03,747208,Arizona Diamondbacks,1,1,3,0,12,0,-9,0
2024,2024-05-03,747208,San Diego Padres,0,7,12,0,3,0,9,1
2024,2024-05-03,745665,Oakland Athletics,1,3,5,0,7,1,-2,1
2024,2024-05-03,745665,Miami Marlins,0,1,7,1,5,0,2,0
2024,2024-05-03,746152,Los Angeles Dodgers,1,4,9,1,6,0,3,1
2024,2024-05-03,746152,Atlanta Braves,0,3,6,0,9,1,-3,0
2024,2024-05-04,745750,New York Yankees,1,5,9,0,7,0,2,1
2024,2024-05-04,745750,Detroit Tigers,0,3,7,0,9,0,-2,0
2024,2024-05-04,745911,Minnesota Twins,1,3,8,0,8,0,0,1
2024,2024-05-04,745911,Boston Red Sox,0,1,8,0,8,0,0,0
2024,2024-05-04,745183,St. Louis Cardinals,1,5,5,1,8,0,-3,0
2024,2024-05-04,745183,Chicago White Sox,0,6,8,0,5,1,3,1
2024,2024-05-04,746884,Chicago Cubs,1,6,8,2,8,0,0,1
2024,2024-05-04,746884,Milwaukee Brewers,0,5,8,0,8,2,0,0
2024,2024-05-04,745511,Pittsburgh Pirates,1,1,6,0,1,0,5,1
2024,2024-05-04,745511,Colorado Rockies,0,0,1,0,6,0,-5,0
2024,2024-05-04,744862,Washington Nationals,1,3,6,4,9,1,-3,0
2024,2024-05-04,744862,Toronto Blue Jays,0,6,9,1,6,4,3,1
2024,2024-05-04,745666,Oakland Athletics,1,20,21,1,7,1,14,1
2024,2024-05-04,745666,Miami Marlins,0,4,7,1,21,1,-14,0
2024,2024-05-04,745583,Philadelphia Phillies,1,14,12,1,10,1,2,1
2024,2024-05-04,745583,San Francisco Giants,0,3,10,1,12,1,-2,0
2024,2024-05-04,746644,Cleveland Guardians,1,7,6,1,4,0,2,1
2024,2024-05-04,746644,Los Angeles Angels,0,1,4,0,6,1,-2,0
2024,2024-05-04,746720,Cincinnati Reds,1,1,6,0,7,0,-1,0
2024,2024-05-04,746720,Baltimore Orioles,0,2,7,0,6,0,1,1
2024,2024-05-04,746311,Kansas City Royals,1,4,9,1,17,0,-8,0
2024,2024-05-04,746311,Texas Rangers,0,15,17,0,9,1,8,1
2024,2024-05-04,746394,Houston Astros,1,0,3,1,10,0,-7,0
2024,2024-05-04,746394,Seattle Mariners,0,5,10,0,3,1,7,1
2024,2024-05-04,745100,Tampa Bay Rays,1,3,7,1,6,2,1,1
2024,2024-05-04,745100,New York Mets,0,1,6,2,7,1,-1,0
2024,2024-05-04,747209,Arizona Diamondbacks,1,1,8,1,18,0,-10,0
2024,2024-05-04,747209,San Diego Padres,0,13,18,0,8,1,10,1
2024,2024-05-04,746155,Los Angeles Dodgers,1,11,16,0,6,0,10,1
2024,2024-05-04,746155,Atlanta Braves,0,2,6,0,16,0,-10,0
2024,2024-05-05,745504,Pittsburgh Pirates,1,5,9,0,7,0,2,1
2024,2024-05-05,745504,Colorado Rockies,0,3,7,0,9,0,-2,0
2024,2024-05-05,744861,Washington Nationals,1,11,11,3,10,2,1,1
2024,2024-05-05,744861,Toronto Blue Jays,0,8,10,2,11,3,-1,0
2024,2024-05-05,745751,New York Yankees,1,5,9,0,5,0,4,1
2024,2024-05-05,745751,Detroit Tigers,0,2,5,0,9,0,-4,0
2024,2024-05-05,746643,Cleveland Guardians,1,4,5,0,6,1,-1,1
2024,2024-05-05,746643,Los Angeles Angels,0,1,6,1,5,0,1,0
2024,2024-05-05,745103,Tampa Bay Rays,1,7,9,2,8,0,1,1
2024,2024-05-05,745103,New York Mets,0,6,8,0,9,2,-1,0
2024,2024-05-05,746395,Houston Astros,1,4,8,0,10,0,-2,0
2024,2024-05-05,746395,Seattle Mariners,0,5,10,0,8,0,2,1
2024,2024-05-05,746314,Kansas City Royals,1,2,7,0,8,0,-1,0
2024,2024-05-05,746314,Texas Rangers,0,3,8,0,7,0,1,1
2024,2024-05-05,745913,Minnesota Twins,1,2,9,1,11,1,-2,0
2024,2024-05-05,745913,Boston Red Sox,0,9,11,1,9,1,2,1
2024,2024-05-05,745185,St. Louis Cardinals,1,1,4,0,9,0,-5,0
2024,2024-05-05,745185,Chicago White Sox,0,5,9,0,4,0,5,1
2024,2024-05-05,746883,Chicago Cubs,1,5,7,0,5,0,2,1
2024,2024-05-05,746883,Milwaukee Brewers,0,0,5,0,7,0,-2,0
2024,2024-05-05,745667,Oakland Athletics,1,3,5,0,14,2,-9,0
2024,2024-05-05,745667,Miami Marlins,0,12,14,2,5,0,9,1
2024,2024-05-05,746719,Cincinnati Reds,1,1,3,0,11,0,-8,0
2024,2024-05-05,746719,Baltimore Orioles,0,11,11,0,3,0,8,1
2024,2024-05-05,747206,Arizona Diamondbacks,1,11,13,0,12,1,1,1
2024,2024-05-05,747206,San Diego Padres,0,4,12,1,13,0,-1,0
2024,2024-05-05,746153,Los Angeles Dodgers,1,5,5,0,5,1,0,1
2024,2024-05-05,746153,Atlanta Braves,0,1,5,1,5,0,0,0
2024,2024-05-05,745587,Philadelphia Phillies,1,5,10,0,7,1,3,1
2024,2024-05-05,745587,San Francisco Giants,0,4,7,1,10,0,-3,0
2024,2024-05-06,745585,Philadelphia Phillies,1,6,10,1,5,0,5,1
2024,2024-05-06,745585,San Francisco Giants,0,1,5,0,10,1,-5,0
2024,2024-05-06,746639,Cleveland Guardians,1,2,7,0,6,0,1,1
2024,2024-05-06,746639,Detroit Tigers,0,1,6,0,7,0,-1,0
2024,2024-05-06,745509,Pittsburgh Pirates,1,4,6,1,5,0,1,1
2024,2024-05-06,745509,Los Angeles Angels,0,1,5,0,6,1,-1,0
2024,2024-05-06,745098,Tampa Bay Rays,1,8,13,2,4,2,9,1
2024,2024-05-06,745098,Chicago White Sox,0,2,4,2,13,2,-9,0
2024,2024-05-06,746313,Kansas City Royals,1,3,5,0,3,1,2,1
2024,2024-05-06,746313,Milwaukee Brewers,0,2,3,1,5,0,-2,0
2024,2024-05-06,746886,Chicago Cubs,1,3,7,0,11,0,-4,0
2024,2024-05-06,746886,San Diego Padres,0,6,11,0,7,0,4,1
2024,2024-05-06,745912,Minnesota Twins,1,3,4,0,3,1,1,1
2024,2024-05-06,745912,Seattle Mariners,0,1,3,1,4,0,-1,0
2024,2024-05-06,745182,St. Louis Cardinals,1,3,8,1,10,0,-2,0
2024,2024-05-06,745182,New York Mets,0,4,10,0,8,1,2,1
2024,2024-05-06,745669,Oakland Athletics,1,2,7,1,5,2,2,0
2024,2024-05-06,745669,Texas Rangers,0,4,5,2,7,1,-2,1
2024,2024-05-06,746149,Los Angeles Dodgers,1,6,9,1,7,0,2,1
2024,2024-05-06,746149,Miami Marlins,0,3,7,0,9,1,-2,0
2024,2024-05-07,745668,Oakland Athletics,1,8,7,2,19,2,-12,0
2024,2024-05-07,745668,Texas Rangers,0,15,19,2,7,2,12,1
2024,2024-05-07,746638,Cleveland Guardians,1,7,8,2,15,0,-7,0
2024,2024-05-07,746638,Detroit Tigers,0,11,15,0,8,2,7,1
2024,2024-05-07,746718,Cincinnati Reds,1,2,3,1,8,0,-5,0
2024,2024-05-07,746718,Arizona Diamondbacks,0,6,8,0,3,1,5,1
2024,2024-05-07,745508,Pittsburgh Pirates,1,0,3,1,15,1,-12,0
2024,2024-05-07,745508,Los Angeles Angels,0,9,15,1,3,1,12,1
2024,2024-05-07,745586,Philadelphia Phillies,1,10,11,0,6,0,5,1
2024,2024-05-07,745586,Toronto Blue Jays,0,1,6,0,11,0,-5,0
2024,2024-05-07,744859,Washington Nationals,1,3,6,1,3,0,3,1
2024,2024-05-07,744859,Baltimore Orioles,0,0,3,0,6,1,-3,0
2024,2024-05-07,745095,Tampa Bay Rays,1,5,8,2,6,1,2,1
2024,2024-05-07,745095,Chicago White Sox,0,1,6,1,8,2,-2,0
2024,2024-05-07,745752,New York Yankees,1,10,13,1,3,0,10,1
2024,2024-05-07,745752,Houston Astros,0,3,3,0,13,1,-10,0
2024,2024-05-07,747126,Atlanta Braves,1,4,7,2,8,0,-1,1
2024,2024-05-07,747126,Boston Red Sox,0,2,8,0,7,2,1,0
2024,2024-05-07,746885,Chicago Cubs,1,3,10,1,9,0,1,1
2024,2024-05-07,746885,San Diego Padres,0,2,9,0,10,1,-1,0
2024,2024-05-07,745915,Minnesota Twins,1,6,9,0,10,0,-1,0
2024,2024-05-07,745915,Seattle Mariners,0,10,10,0,9,0,1,1
2024,2024-05-07,746315,Kansas City Royals,1,5,12,2,12,0,0,0
2024,2024-05-07,746315,Milwaukee Brewers,0,6,12,0,12,2,0,1
2024,2024-05-07,745186,St. Louis Cardinals,1,5,11,0,14,0,-3,0
2024,2024-05-07,745186,New York Mets,0,7,14,0,11,0,3,1
2024,2024-05-07,746559,Colorado Rockies,1,0,4,0,10,0,-6,0
2024,2024-05-07,746559,San Francisco Giants,0,5,10,0,4,0,6,1
2024,2024-05-07,746147,Los Angeles Dodgers,1,8,5,0,6,1,-1,1
2024,2024-05-07,746147,Miami Marlins,0,2,6,1,5,0,1,0
2024,2024-05-08,745507,Pittsburgh Pirates,1,4,6,0,10,0,-4,0
2024,2024-05-08,745507,Los Angeles Angels,0,5,10,0,6,0,4,1
2024,2024-05-08,745584,Philadelphia Phillies,1,3,7,0,12,0,-5,0
2024,2024-05-08,745584,Toronto Blue Jays,0,5,12,0,7,0,5,1
2024,2024-05-08,746640,Cleveland Guardians,1,5,5,0,7,2,-2,1
2024,2024-05-08,746640,Detroit Tigers,0,4,7,2,5,0,2,0
2024,2024-05-08,746312,Kansas City Royals,1,6,9,0,8,0,1,1
2024,2024-05-08,746312,Milwaukee Brewers,0,4,8,0,9,0,-1,0
2024,2024-05-08,746879,Chicago Cubs,1,0,1,0,8,0,-7,0
2024,2024-05-08,746879,San Diego Padres,0,3,8,0,1,0,7,1
2024,2024-05-08,746151,Los Angeles Dodgers,1,3,6,0,6,0,0,1
2024,2024-05-08,746151,Miami Marlins,0,1,6,0,6,0,0,0
2024,2024-05-08,745664,Oakland Athletics,1,9,10,0,9,0,1,1
2024,2024-05-08,745664,Texas Rangers,0,4,9,0,10,0,-1,0
2024,2024-05-08,745659,Oakland Athletics,1,11,14,1,16,1,-2,0
2024,2024-05-08,745659,Texas Rangers,0,12,16,1,14,1,2,1
2024,2024-05-08,746717,Cincinnati Reds,1,3,9,1,8,1,1,0
2024,2024-05-08,746717,Arizona Diamondbacks,0,4,8,1,9,1,-1,1
2024,2024-05-08,744858,Washington Nationals,1,6,9,2,10,0,-1,0
2024,2024-05-08,744858,Baltimore Orioles,0,7,10,0,9,2,1,1
2024,2024-05-08,745097,Tampa Bay Rays,1,1,4,0,12,0,-8,0
2024,2024-05-08,745097,Chicago White Sox,0,4,12,0,4,0,8,1
2024,2024-05-08,745749,New York Yankees,1,9,11,0,11,0,0,1
2024,2024-05-08,745749,Houston Astros,0,4,11,0,11,0,0,0
2024,2024-05-08,747127,Atlanta Braves,1,5,9,1,7,0,2,1
2024,2024-05-08,747127,Boston Red Sox,0,0,7,0,9,1,-2,0
2024,2024-05-08,745906,Minnesota Twins,1,6,7,0,10,0,-3,1
2024,2024-05-08,745906,Seattle Mariners,0,3,10,0,7,0,3,0
2024,2024-05-08,746562,Colorado Rockies,1,6,12,1,13,1,-1,0
2024,2024-05-08,746562,San Francisco Giants,0,8,13,1,12,1,1,1
2024,2024-05-09,746715,Cincinnati Reds,1,4,9,0,9,0,0,0
2024,2024-05-09,746715,Arizona Diamondbacks,0,5,9,0,9,0,0,1
2024,2024-05-09,745910,Minnesota Twins,1,11,11,0,6,2,5,1
2024,2024-05-09,745910,Seattle Mariners,0,1,6,2,11,0,-5,0
2024,2024-05-09,746563,Colorado Rockies,1,9,14,0,7,0,7,1
2024,2024-05-09,746563,San Francisco Giants,0,1,7,0,14,0,-7,0
2024,2024-05-09,745748,New York Yankees,1,3,6,1,11,1,-5,0
2024,2024-05-09,745748,Houston Astros,0,4,11,1,6,1,5,1
2024,2024-05-09,746802,Chicago White Sox,1,3,8,0,9,0,-1,1
2024,2024-05-09,746802,Cleveland Guardians,0,2,9,0,8,0,1,0
2024,2024-05-09,745995,Milwaukee Brewers,1,7,10,1,6,0,4,1
2024,2024-05-09,745995,St. Louis Cardinals,0,1,6,0,10,1,-4,0
2024,2024-05-09,746241,Los Angeles Angels,1,4,5,1,12,1,-7,0
2024,2024-05-09,746241,Kansas City Royals,0,10,12,1,5,1,7,1
2024,2024-05-10,746479,Detroit Tigers,1,2,7,1,8,1,-1,0
2024,2024-05-10,746479,Houston Astros,0,5,8,1,7,1,1,1
2024,2024-05-10,745506,Pittsburgh Pirates,1,2,7,1,14,3,-7,0
2024,2024-05-10,745506,Chicago Cubs,0,7,14,3,7,1,7,1
2024,2024-05-10,745094,Tampa Bay Rays,1,0,6,1,9,0,-3,0
2024,2024-05-10,745094,New York Yankees,0,2,9,0,6,1,3,1
2024,2024-05-10,747043,Baltimore Orioles,1,4,7,0,7,0,0,1
2024,2024-05-10,747043,Arizona Diamondbacks,0,2,7,0,7,0,0,0
2024,2024-05-10,744940,Toronto Blue Jays,1,2,8,0,7,0,1,0
2024,2024-05-10,744940,Minnesota Twins,0,3,7,0,8,0,-1,1
2024,2024-05-10,746964,Boston Red Sox,1,1,9,1,8,0,1,0
2024,2024-05-10,746964,Washington Nationals,0,5,8,0,9,1,-1,1
2024,2024-05-10,745827,New York Mets,1,2,4,1,7,0,-3,0
2024,2024-05-10,745827,Atlanta Braves,0,4,7,0,4,1,3,1
2024,2024-05-10,746071,Miami Marlins,1,2,5,2,15,0,-10,0
2024,2024-05-10,746071,Philadelphia Phillies,0,8,15,0,5,2,10,1
2024,2024-05-10,746801,Chicago White Sox,1,6,8,0,8,2,0,1
2024,2024-05-10,746801,Cleveland Guardians,0,3,8,2,8,0,0,0
2024,2024-05-10,745993,Milwaukee Brewers,1,11,12,0,5,1,7,1
2024,2024-05-10,745993,St. Louis Cardinals,0,2,5,1,12,0,-7,0
2024,2024-05-10,746553,Colorado Rockies,1,4,10,1,5,1,5,1
2024,2024-05-10,746553,Texas Rangers,0,2,5,1,10,1,-5,0
2024,2024-05-10,746240,Los Angeles Angels,1,1,5,0,7,2,-2,0
2024,2024-05-10,746240,Kansas City Royals,0,2,7,2,5,0,2,1
2024,2024-05-10,745421,San Diego Padres,1,2,3,1,4,0,-1,1
2024,2024-05-10,745421,Los Angeles Dodgers,0,1,4,0,3,1,1,0
2024,2024-05-10,745264,Seattle Mariners,1,8,11,0,7,0,4,1
2024,2024-05-10,745264,Oakland Athletics,0,1,7,0,11,0,-4,0
2024,2024-05-10,745340,San Francisco Giants,1,2,7,1,9,0,-2,0
2024,2024-05-10,745340,Cincinnati Reds,0,4,9,0,7,1,2,1
2024,2024-05-11,744943,Toronto Blue Jays,1,10,16,1,13,0,3,1
2024,2024-05-11,744943,Minnesota Twins,0,8,13,0,16,1,-3,0
2024,2024-05-11,747041,Baltimore Orioles,1,5,13,0,7,0,6,1
2024,2024-05-11,747041,Arizona Diamondbacks,0,4,7,0,13,0,-6,0
2024,2024-05-11,745505,Pittsburgh Pirates,1,10,11,0,10,0,1,1
2024,2024-05-11,745505,Chicago Cubs,0,9,10,0,11,0,-1,0
2024,2024-05-11,746963,Boston Red Sox,1,4,6,1,4,2,2,1
2024,2024-05-11,746963,Washington Nationals,0,2,4,2,6,1,-2,0
2024,2024-05-11,745828,New York Mets,1,1,2,1,7,0,-5,0
2024,2024-05-11,745828,Atlanta Braves,0,4,7,0,2,1,5,1
2024,2024-05-11,746069,Miami Marlins,1,3,11,1,12,0,-1,0
2024,2024-05-11,746069,Philadelphia Phillies,0,8,12,0,11,1,1,1
2024,2024-05-11,745096,Tampa Bay Rays,1,7,8,0,5,0,3,1
2024,2024-05-11,745096,New York Yankees,0,2,5,0,8,0,-3,0
2024,2024-05-11,746480,Detroit Tigers,1,8,11,0,8,1,3,1
2024,2024-05-11,746480,Houston Astros,0,2,8,1,11,0,-3,0
2024,2024-05-11,746797,Chicago White Sox,1,3,7,0,4,1,3,1
2024,2024-05-11,746797,Cleveland Guardians,0,1,4,1,7,0,-3,0
2024,2024-05-11,745344,San Francisco Giants,1,5,7,0,8,1,-1,1
2024,2024-05-11,745344,Cincinnati Reds,0,1,8,1,7,0,1,0
2024,2024-05-11,745994,Milwaukee Brewers,1,5,6,0,12,0,-6,1
2024,2024-05-11,745994,St. Louis Cardinals,0,3,12,0,6,0,6,0
2024,2024-05-11,746554,Colorado Rockies,1,8,14,0,8,1,6,1
2024,2024-05-11,746554,Texas Rangers,0,3,8,1,14,0,-6,0
2024,2024-05-11,745422,San Diego Padres,1,0,6,0,5,0,1,0
2024,2024-05-11,745422,Los Angeles Dodgers,0,5,5,0,6,0,-1,1
2024,2024-05-11,746232,Los Angeles Angels,1,9,10,0,8,0,2,1
2024,2024-05-11,746232,Kansas City Royals,0,3,8,0,10,0,-2,0
2024,2024-05-11,745262,Seattle Mariners,1,1,3,0,9,0,-6,0
2024,2024-05-11,745262,Oakland Athletics,0,8,9,0,3,0,6,1
2024,2024-05-12,747042,Baltimore Orioles,1,2,4,2,8,2,-4,0
2024,2024-05-12,747042,Arizona Diamondbacks,0,9,8,2,4,2,4,1
2024,2024-05-12,746965,Boston Red Sox,1,3,7,1,5,2,2,1
2024,2024-05-12,746965,Washington Nationals,0,2,5,2,7,1,-2,0
2024,2024-05-12,745499,Pittsburgh Pirates,1,4,8,0,9,0,-1,0
2024,2024-05-12,745499,Chicago Cubs,0,5,9,0,8,0,1,1
2024,2024-05-12,744941,Toronto Blue Jays,1,1,2,2,6,0,-4,0
2024,2024-05-12,744941,Minnesota Twins,0,5,6,0,2,2,4,1
2024,2024-05-12,746476,Detroit Tigers,1,3,6,1,18,0,-12,0
2024,2024-05-12,746476,Houston Astros,0,9,18,0,6,1,12,1
2024,2024-05-12,746068,Miami Marlins,1,7,8,0,6,0,2,1
2024,2024-05-12,746068,Philadelphia Phillies,0,6,6,0,8,0,-2,0
2024,2024-05-12,745092,Tampa Bay Rays,1,6,8,0,11,0,-3,0
2024,2024-05-12,745092,New York Yankees,0,10,11,0,8,0,3,1
2024,2024-05-12,746798,Chicago White Sox,1,0,6,2,5,0,1,0
2024,2024-05-12,746798,Cleveland Guardians,0,7,5,0,6,2,-1,1
2024,2024-05-12,745990,Milwaukee Brewers,1,3,7,0,11,0,-4,0
2024,2024-05-12,745990,St. Louis Cardinals,0,4,11,0,7,0,4,1
2024,2024-05-12,746555,Colorado Rockies,1,3,7,0,9,0,-2,1
2024,2024-05-12,746555,Texas Rangers,0,1,9,0,7,0,2,0
2024,2024-05-12,745345,San Francisco Giants,1,6,9,1,10,2,-1,1
2024,2024-05-12,745345,Cincinnati Reds,0,5,10,2,9,1,1,0
2024,2024-05-12,746234,Los Angeles Angels,1,2,6,2,11,0,-5,0
2024,2024-05-12,746234,Kansas City Royals,0,4,11,0,6,2,5,1
2024,2024-05-12,745419,San Diego Padres,1,4,9,1,4,0,5,1
2024,2024-05-12,745419,Los Angeles Dodgers,0,0,4,0,9,1,-5,0
2024,2024-05-12,745255,Seattle Mariners,1,8,8,0,9,1,-1,1
2024,2024-05-12,745255,Oakland Athletics,0,4,9,1,8,0,1,0
2024,2024-05-12,745825,New York Mets,1,4,10,0,6,0,4,1
2024,2024-05-12,745825,Atlanta Braves,0,3,6,0,10,0,-4,0
2024,2024-05-13,747040,Baltimore Orioles,1,2,3,0,8,0,-5,0
2024,2024-05-13,747040,Toronto Blue Jays,0,3,8,0,3,0,5,1
2024,2024-05-13,746471,Detroit Tigers,1,6,8,0,12,2,-4,1
2024,2024-05-13,746471,Miami Marlins,0,5,12,2,8,0,4,0
2024,2024-05-13,746961,Boston Red Sox,1,3,8,0,10,0,-2,0
2024,2024-05-13,746961,Tampa Bay Rays,0,5,10,0,8,0,2,1
2024,2024-05-13,745826,New York Mets,1,4,9,0,8,1,1,0
2024,2024-05-13,745826,Philadelphia Phillies,0,5,8,1,9,0,-1,1
2024,2024-05-13,747128,Atlanta Braves,1,2,10,0,5,0,5,1
2024,2024-05-13,747128,Chicago Cubs,0,0,5,0,10,0,-5,0
2024,2024-05-13,745991,Milwaukee Brewers,1,6,13,1,13,2,0,0
2024,2024-05-13,745991,Pittsburgh Pirates,0,8,13,2,13,1,0,1
2024,2024-05-13,745019,Texas Rangers,1,0,4,0,9,1,-5,0
2024,2024-05-13,745019,Cleveland Guardians,0,7,9,1,4,0,5,1
2024,2024-05-13,746393,Houston Astros,1,9,10,1,9,3,1,1
2024,2024-05-13,746393,Oakland Athletics,0,2,9,3,10,1,-1,0
2024,2024-05-13,746233,Los Angeles Angels,1,5,7,2,10,1,-3,0
2024,2024-05-13,746233,St. Louis Cardinals,0,10,10,1,7,2,3,1
2024,2024-05-13,747204,Arizona Diamondbacks,1,6,11,0,11,0,0,1
2024,2024-05-13,747204,Cincinnati Reds,0,5,11,0,11,0,0,0
2024,2024-05-13,745420,San Diego Padres,1,4,4,3,9,0,-5,0
2024,2024-05-13,745420,Colorado Rockies,0,5,9,0,4,3,5,1
2024,2024-05-13,745256,Seattle Mariners,1,6,11,1,6,0,5,1
2024,2024-05-13,745256,Kansas City Royals,0,2,6,0,11,1,-5,0
2024,2024-05-13,745343,San Francisco Giants,1,4,6,1,11,0,-5,0
2024,2024-05-13,745343,Los Angeles Dodgers,0,6,11,0,6,1,5,1
2024,2024-05-14,745821,New York Mets,1,0,4,0,7,0,-3,0
2024,2024-05-14,745821,Philadelphia Phillies,0,4,7,0,4,0,3,1
2024,2024-05-14,746796,Chicago White Sox,1,3,8,1,10,3,-2,0
2024,2024-05-14,746796,Washington Nationals,0,6,10,3,8,1,2,1
2024,2024-05-14,746799,Chicago White Sox,1,4,7,1,4,0,3,1
2024,2024-05-14,746799,Washington Nationals,0,0,4,0,7,1,-3,0
2024,2024-05-14,746473,Detroit Tigers,1,0,4,0,4,0,0,0
2024,2024-05-14,746473,Miami Marlins,0,1,4,0,4,0,0,1
2024,2024-05-14,746962,Boston Red Sox,1,5,7,1,8,0,-1,1
2024,2024-05-14,746962,Tampa Bay Rays,0,4,8,0,7,1,1,0
2024,2024-05-14,747124,Atlanta Braves,1,7,9,0,3,1,6,1
2024,2024-05-14,747124,Chicago Cubs,0,0,3,1,9,0,-6,0
2024,2024-05-14,745909,Minnesota Twins,1,1,7,1,13,0,-6,0
2024,2024-05-14,745909,New York Yankees,0,5,13,0,7,1,6,1
2024,2024-05-14,745989,Milwaukee Brewers,1,4,10,1,3,0,7,1
2024,2024-05-14,745989,Pittsburgh Pirates,0,3,3,0,10,1,-7,0
2024,2024-05-14,745014,Texas Rangers,1,4,7,0,7,0,0,0
2024,2024-05-14,745014,Cleveland Guardians,0,7,7,0,7,0,0,1
2024,2024-05-14,746396,Houston Astros,1,2,6,0,7,0,-1,1
2024,2024-05-14,746396,Oakland Athletics,0,1,7,0,6,0,1,0
2024,2024-05-14,746235,Los Angeles Angels,1,6,12,1,12,0,0,0
2024,2024-05-14,746235,St. Louis Cardinals,0,7,12,0,12,1,0,1
2024,2024-05-14,747205,Arizona Diamondbacks,1,2,6,0,13,0,-7,0
2024,2024-05-14,747205,Cincinnati Reds,0,6,13,0,6,0,7,1
2024,2024-05-14,745418,San Diego Padres,1,3,11,0,10,0,1,0
2024,2024-05-14,745418,Colorado Rockies,0,6,10,0,11,0,-1,1
2024,2024-05-14,745257,Seattle Mariners,1,2,7,0,5,0,2,0
2024,2024-05-14,745257,Kansas City Royals,0,4,5,0,7,0,-2,1
2024,2024-05-14,745342,San Francisco Giants,1,2,9,2,13,0,-4,0
2024,2024-05-14,745342,Los Angeles Dodgers,0,10,13,0,9,2,4,1
2024,2024-05-15,747038,Baltimore Orioles,1,3,11,0,5,0,6,1
2024,2024-05-15,747038,Toronto Blue Jays,0,2,5,0,11,0,-6,0
2024,2024-05-15,746472,Detroit Tigers,1,0,7,0,4,0,3,0
2024,2024-05-15,746472,Miami Marlins,0,2,4,0,7,0,-3,1
2024,2024-05-15,745992,Milwaukee Brewers,1,10,13,1,8,0,5,1
2024,2024-05-15,745992,Pittsburgh Pirates,0,2,8,0,13,1,-5,0
2024,2024-05-15,746795,Chicago White Sox,1,2,9,1,3,1,6,1
2024,2024-05-15,746795,Washington Nationals,0,0,3,1,9,1,-6,0
2024,2024-05-15,747203,Arizona Diamondbacks,1,2,6,0,3,0,3,1
2024,2024-05-15,747203,Cincinnati Reds,0,1,3,0,6,0,-3,0
2024,2024-05-15,745417,San Diego Padres,1,0,4,0,12,0,-8,0
2024,2024-05-15,745417,Colorado Rockies,0,8,12,0,4,0,8,1
2024,2024-05-15,745259,Seattle Mariners,1,4,9,1,6,1,3,1
2024,2024-05-15,745259,Kansas City Royals,0,2,6,1,9,1,-3,0
2024,2024-05-15,745582,Philadelphia Phillies,1,10,10,2,9,2,1,1
2024,2024-05-15,745582,New York Mets,0,5,9,2,10,2,-1,0
2024,2024-05-15,746960,Boston Red Sox,1,3,8,2,7,0,1,0
2024,2024-05-15,746960,Tampa Bay Rays,0,4,7,0,8,2,-1,1
2024,2024-05-15,747123,Atlanta Braves,1,1,8,1,13,0,-5,0
2024,2024-05-15,747123,Chicago Cubs,0,7,13,0,8,1,5,1
2024,2024-05-15,745908,Minnesota Twins,1,0,4,0,13,1,-9,0
2024,2024-05-15,745908,New York Yankees,0,4,13,1,4,0,9,1
2024,2024-05-15,745015,Texas Rangers,1,4,7,0,6,1,1,1
2024,2024-05-15,745015,Cleveland Guardians,0,0,6,1,7,0,-1,0
2024,2024-05-15,746397,Houston Astros,1,3,8,1,2,1,6,1
2024,2024-05-15,746397,Oakland Athletics,0,0,2,1,8,1,-6,0
2024,2024-05-15,746231,Los Angeles Angels,1,7,14,0,9,1,5,1
2024,2024-05-15,746231,St. Louis Cardinals,0,2,9,1,14,0,-5,0
2024,2024-05-15,745341,San Francisco Giants,1,4,7,0,7,1,0,1
2024,2024-05-15,745341,Los Angeles Dodgers,0,1,7,1,7,0,0,0
2024,2024-05-16,745907,Minnesota Twins,1,0,3,0,9,2,-6,0
2024,2024-05-16,745907,New York Yankees,0,5,9,2,3,0,6,1
2024,2024-05-16,745580,Philadelphia Phillies,1,5,9,2,8,1,1,0
2024,2024-05-16,745580,New York Mets,0,6,8,1,9,2,-1,1
2024,2024-05-16,746959,Boston Red Sox,1,5,9,1,8,1,1,0
2024,2024-05-16,746959,Tampa Bay Rays,0,7,8,1,9,1,-1,1
2024,2024-05-16,746881,Chicago Cubs,1,4,7,1,7,1,0,0
2024,2024-05-16,746881,Pittsburgh Pirates,0,5,7,1,7,1,0,1
2024,2024-05-16,746391,Houston Astros,1,8,8,0,4,0,4,1
2024,2024-05-16,746391,Oakland Athletics,0,1,4,0,8,0,-4,0
2024,2024-05-16,746150,Los Angeles Dodgers,1,2,4,0,11,0,-7,0
2024,2024-05-16,746150,Cincinnati Reds,0,7,11,0,4,0,7,1
2024,2024-05-17,746878,Chicago Cubs,1,3,4,1,15,0,-11,0
2024,2024-05-17,746878,Pittsburgh Pirates,0,9,15,0,4,1,11,1
2024,2024-05-17,745579,Philadelphia Phillies,1,4,5,0,4,0,1,1
2024,2024-05-17,745579,Washington Nationals,0,2,4,0,5,0,-1,0
2024,2024-05-17,747037,Baltimore Orioles,1,9,10,0,9,1,1,1
2024,2024-05-17,747037,Seattle Mariners,0,2,9,1,10,0,-1,0
2024,2024-05-17,745747,New York Yankees,1,4,9,1,8,0,1,1
2024,2024-05-17,745747,Chicago White Sox,0,2,8,0,9,1,-1,0
2024,2024-05-17,744934,Toronto Blue Jays,1,3,4,2,8,1,-4,0
2024,2024-05-17,744934,Tampa Bay Rays,0,4,8,1,4,2,4,1
2024,2024-05-17,746641,Cleveland Guardians,1,3,7,0,4,1,3,1
2024,2024-05-17,746641,Minnesota Twins,0,2,4,1,7,0,-3,0
2024,2024-05-17,746065,Miami Marlins,1,8,13,0,6,1,7,1
2024,2024-05-17,746065,New York Mets,0,0,6,1,13,0,-7,0
2024,2024-05-17,747122,Atlanta Braves,1,1,7,0,13,1,-6,0
2024,2024-05-17,747122,San Diego Padres,0,3,13,1,7,0,6,1
2024,2024-05-17,746310,Kansas City Royals,1,6,11,0,4,0,7,1
2024,2024-05-17,746310,Oakland Athletics,0,2,4,0,11,0,-7,0
2024,2024-05-17,745016,Texas Rangers,1,3,5,3,14,0,-9,0
2024,2024-05-17,745016,Los Angeles Angels,0,9,14,0,5,3,9,1
2024,2024-05-17,746388,Houston Astros,1,5,10,0,7,0,3,1
2024,2024-05-17,746388,Milwaukee Brewers,0,4,7,0,10,0,-3,0
2024,2024-05-17,745178,St. Louis Cardinals,1,10,14,1,12,1,2,1
2024,2024-05-17,745178,Boston Red Sox,0,6,12,1,14,1,-2,0
2024,2024-05-17,747201,Arizona Diamondbacks,1,0,3,0,17,1,-14,0
2024,2024-05-17,747201,Detroit Tigers,0,13,17,1,3,0,14,1
2024,2024-05-17,746148,Los Angeles Dodgers,1,7,9,1,8,1,1,1
2024,2024-05-17,746148,Cincinnati Reds,0,3,8,1,9,1,-1,0
2024,2024-05-17,745335,San Francisco Giants,1,10,14,0,11,0,3,1
2024,2024-05-17,745335,Colorado Rockies,0,5,11,0,14,0,-3,0
2024,2024-05-18,745744,New York Yankees,1,6,9,0,6,1,3,1
2024,2024-05-18,745744,Chicago White Sox,0,1,6,1,9,0,-3,0
2024,2024-05-18,746882,Chicago Cubs,1,1,5,0,4,0,1,1
2024,2024-05-18,746882,Pittsburgh Pirates,0,0,4,0,5,0,-1,0
2024,2024-05-18,744938,Toronto Blue Jays,1,4,10,1,12,1,-2,0
2024,2024-05-18,744938,Tampa Bay Rays,0,5,12,1,10,1,2,1
2024,2024-05-18,747036,Baltimore Orioles,1,3,6,0,7,0,-1,0
2024,2024-05-18,747036,Seattle Mariners,0,4,7,0,6,0,1,1
2024,2024-05-18,745339,San Francisco Giants,1,14,18,1,10,1,8,1
2024,2024-05-18,745339,Colorado Rockies,0,4,10,1,18,1,-8,0
2024,2024-05-18,746067,Miami Marlins,1,10,13,1,15,0,-2,1
2024,2024-05-18,746067,New York Mets,0,9,15,0,13,1,2,0
2024,2024-05-18,745581,Philadelphia Phillies,1,4,7,0,11,2,-4,1
2024,2024-05-18,745581,Washington Nationals,0,3,11,2,7,0,4,0
2024,2024-05-18,746642,Cleveland Guardians,1,11,16,2,10,1,6,1
2024,2024-05-18,746642,Minnesota Twins,0,4,10,1,16,2,-6,0
2024,2024-05-18,746308,Kansas City Royals,1,5,11,1,11,0,0,1
2024,2024-05-18,746308,Oakland Athletics,0,3,11,0,11,1,0,0
2024,2024-05-18,746389,Houston Astros,1,2,8,0,6,0,2,0
2024,2024-05-18,746389,Milwaukee Brewers,0,4,6,0,8,0,-2,1
2024,2024-05-18,745177,St. Louis Cardinals,1,7,14,1,6,2,8,1
2024,2024-05-18,745177,Boston Red Sox,0,2,6,2,14,1,-8,0
2024,2024-05-18,745013,Texas Rangers,1,3,6,1,5,0,1,1
2024,2024-05-18,745013,Los Angeles Angels,0,2,5,0,6,1,-1,0
2024,2024-05-18,747202,Arizona Diamondbacks,1,3,8,0,15,0,-7,0
2024,2024-05-18,747202,Detroit Tigers,0,8,15,0,8,0,7,1
2024,2024-05-18,746142,Los Angeles Dodgers,1,4,6,0,3,0,3,1
2024,2024-05-18,746142,Cincinnati Reds,0,0,3,0,6,0,-3,0
2024,2024-05-19,745179,St. Louis Cardinals,1,3,6,1,14,0,-8,0
2024,2024-05-19,745179,Boston Red Sox,0,11,14,0,6,1,8,1
2024,2024-05-19,747035,Baltimore Orioles,1,6,12,1,8,1,4,1
2024,2024-05-19,747035,Seattle Mariners,0,3,8,1,12,1,-4,0
2024,2024-05-19,745577,Philadelphia Phillies,1,11,12,1,7,0,5,1
2024,2024-05-19,745577,Washington Nationals,0,5,7,0,12,1,-5,0
2024,2024-05-19,745745,New York Yankees,1,7,10,0,6,0,4,1
2024,2024-05-19,745745,Chicago White Sox,0,2,6,0,10,0,-4,0
2024,2024-05-19,744937,Toronto Blue Jays,1,5,7,0,4,1,3,1
2024,2024-05-19,744937,Tampa Bay Rays,0,2,4,1,7,0,-3,0
2024,2024-05-19,746636,Cleveland Guardians,1,5,4,2,4,0,0,1
2024,2024-05-19,746636,Minnesota Twins,0,2,4,0,4,2,0,0
2024,2024-05-19,746064,Miami Marlins,1,3,8,0,12,0,-4,0
2024,2024-05-19,746064,New York Mets,0,7,12,0,8,0,4,1
2024,2024-05-19,746306,Kansas City Royals,1,8,10,0,11,0,-1,1
2024,2024-05-19,746306,Oakland Athletics,0,4,11,0,10,0,1,0
2024,2024-05-19,746392,Houston Astros,1,9,14,0,10,1,4,1
2024,2024-05-19,746392,Milwaukee Brewers,0,4,10,1,14,0,-4,0
2024,2024-05-19,746880,Chicago Cubs,1,2,2,1,10,0,-8,0
2024,2024-05-19,746880,Pittsburgh Pirates,0,3,10,0,2,1,8,1
2024,2024-05-19,745012,Texas Rangers,1,1,7,0,6,0,1,0
2024,2024-05-19,745012,Los Angeles Angels,0,4,6,0,7,0,-1,1
2024,2024-05-19,745336,San Francisco Giants,1,4,9,0,3,1,6,1
2024,2024-05-19,745336,Colorado Rockies,0,1,3,1,9,0,-6,0
2024,2024-05-19,747198,Arizona Diamondbacks,1,6,12,0,8,0,4,1
2024,2024-05-19,747198,Detroit Tigers,0,4,8,0,12,0,-4,0
2024,2024-05-19,746144,Los Angeles Dodgers,1,3,7,1,6,0,1,1
2024,2024-05-19,746144,Cincinnati Reds,0,2,6,0,7,1,-1,0
2024,2024-05-19,747120,Atlanta Braves,1,1,4,1,14,0,-10,0
2024,2024-05-19,747120,San Diego Padres,0,9,14,0,4,1,10,1
2024,2024-05-20,747119,Atlanta Braves,1,5,12,0,10,1,2,0
2024,2024-05-20,747119,San Diego Padres,0,6,10,1,12,0,-2,1
2024,2024-05-20,747121,Atlanta Braves,1,3,11,0,7,0,4,1
2024,2024-05-20,747121,San Diego Padres,0,0,7,0,11,0,-4,0
2024,2024-05-20,744935,Toronto Blue Jays,1,9,12,0,9,0,3,1
2024,2024-05-20,744935,Chicago White Sox,0,3,9,0,12,0,-3,0
2024,2024-05-20,746637,Cleveland Guardians,1,3,4,0,6,1,-2,1
2024,2024-05-20,746637,New York Mets,0,1,6,1,4,0,2,0
2024,2024-05-20,746066,Miami Marlins,1,3,7,1,4,0,3,1
2024,2024-05-20,746066,Milwaukee Brewers,0,2,4,0,7,1,-3,0
2024,2024-05-20,744857,Washington Nationals,1,12,14,0,8,1,6,1
2024,2024-05-20,744857,Minnesota Twins,0,3,8,1,14,0,-6,0
2024,2024-05-20,745093,Tampa Bay Rays,1,0,3,0,7,0,-4,0
2024,2024-05-20,745093,Boston Red Sox,0,5,7,0,3,0,4,1
2024,2024-05-20,745746,New York Yankees,1,4,12,1,7,2,5,0
2024,2024-05-20,745746,Seattle Mariners,0,5,7,2,12,1,-5,1
2024,2024-05-20,746307,Kansas City Royals,1,8,11,0,7,2,4,1
2024,2024-05-20,746307,Detroit Tigers,0,3,7,2,11,0,-4,0
2024,2024-05-20,745181,St. Louis Cardinals,1,6,8,2,3,0,5,1
2024,2024-05-20,745181,Baltimore Orioles,0,3,3,0,8,2,-5,0
2024,2024-05-20,746390,Houston Astros,1,7,10,0,13,0,-3,0
2024,2024-05-20,746390,Los Angeles Angels,0,9,13,0,10,0,3,1
2024,2024-05-20,746146,Los Angeles Dodgers,1,6,8,1,10,1,-2,1
2024,2024-05-20,746146,Arizona Diamondbacks,0,4,10,1,8,1,2,0
2024,2024-05-21,746633,Cleveland Guardians,1,7,7,0,11,1,-4,1
2024,2024-05-21,746633,New York Mets,0,6,11,1,7,0,4,0
2024,2024-05-21,746716,Cincinnati Reds,1,2,3,0,5,1,-2,1
2024,2024-05-21,746716,San Diego Padres,0,0,5,1,3,0,2,0
2024,2024-05-21,745503,Pittsburgh Pirates,1,7,11,1,9,1,2,1
2024,2024-05-21,745503,San Francisco Giants,0,6,9,1,11,1,-2,0
2024,2024-05-21,745578,Philadelphia Phillies,1,5,8,1,9,0,-1,1
2024,2024-05-21,745578,Texas Rangers,0,2,9,0,8,1,1,0
2024,2024-05-21,746058,Miami Marlins,1,5,12,0,11,1,1,0
2024,2024-05-21,746058,Milwaukee Brewers,0,7,11,1,12,0,-1,1
2024,2024-05-21,744860,Washington Nationals,1,0,3,0,10,0,-7,0
2024,2024-05-21,744860,Minnesota Twins,0,10,10,0,3,0,7,1
2024,2024-05-21,745090,Tampa Bay Rays,1,2,7,0,7,0,0,0
2024,2024-05-21,745090,Boston Red Sox,0,5,7,0,7,0,0,1
2024,2024-05-21,745742,New York Yankees,1,3,5,0,10,1,-5,0
2024,2024-05-21,745742,Seattle Mariners,0,6,10,1,5,0,5,1
2024,2024-05-21,744936,Toronto Blue Jays,1,0,2,1,8,0,-6,0
2024,2024-05-21,744936,Chicago White Sox,0,5,8,0,2,1,6,1
2024,2024-05-21,746309,Kansas City Royals,1,10,15,0,6,1,9,1
2024,2024-05-21,746309,Detroit Tigers,0,3,6,1,15,0,-9,0
2024,2024-05-21,746875,Chicago Cubs,1,4,7,1,5,1,2,1
2024,2024-05-21,746875,Atlanta Braves,0,3,5,1,7,1,-2,0
2024,2024-05-21,745180,St. Louis Cardinals,1,3,5,1,3,0,2,1
2024,2024-05-21,745180,Baltimore Orioles,0,1,3,0,5,1,-2,0
2024,2024-05-21,746385,Houston Astros,1,6,10,0,11,0,-1,1
2024,2024-05-21,746385,Los Angeles Angels,0,5,11,0,10,0,1,0
2024,2024-05-21,745662,Oakland Athletics,1,5,6,1,8,0,-2,1
2024,2024-05-21,745662,Colorado Rockies,0,4,8,0,6,1,2,0
2024,2024-05-21,746145,Los Angeles Dodgers,1,3,6,0,12,1,-6,0
2024,2024-05-21,746145,Arizona Diamondbacks,0,7,12,1,6,0,6,1
2024,2024-05-22,744856,Washington Nationals,1,2,7,0,7,0,0,0
2024,2024-05-22,744856,Minnesota Twins,0,3,7,0,7,0,0,1
2024,2024-05-22,746634,Cleveland Guardians,1,6,8,0,8,0,0,1
2024,2024-05-22,746634,New York Mets,0,3,8,0,8,0,0,0
2024,2024-05-22,745173,St. Louis Cardinals,1,5,8,1,8,2,0,1
2024,2024-05-22,745173,Baltimore Orioles,0,4,8,2,8,1,0,0
2024,2024-05-22,746386,Houston Astros,1,1,6,0,3,1,3,0
2024,2024-05-22,746386,Los Angeles Angels,0,2,3,1,6,0,-3,1
2024,2024-05-22,746304,Kansas City Royals,1,8,9,0,6,1,3,1
2024,2024-05-22,746304,Detroit Tigers,0,3,6,1,9,0,-3,0
2024,2024-05-22,746712,Cincinnati Reds,1,3,6,1,14,0,-8,0
2024,2024-05-22,746712,San Diego Padres,0,7,14,0,6,1,8,1
2024,2024-05-22,745502,Pittsburgh Pirates,1,5,6,2,12,0,-6,0
2024,2024-05-22,745502,San Francisco Giants,0,9,12,0,6,2,6,1
2024,2024-05-22,745576,Philadelphia Phillies,1,11,8,0,7,4,1,1
2024,2024-05-22,745576,Texas Rangers,0,4,7,4,8,0,-1,0
2024,2024-05-22,746063,Miami Marlins,1,1,4,0,4,0,0,1
2024,2024-05-22,746063,Milwaukee Brewers,0,0,4,0,4,0,0,0
2024,2024-05-22,745089,Tampa Bay Rays,1,5,8,1,8,0,0,0
2024,2024-05-22,745089,Boston Red Sox,0,8,8,0,8,1,0,1
2024,2024-05-22,745743,New York Yankees,1,7,7,0,6,0,1,1
2024,2024-05-22,745743,Seattle Mariners,0,3,6,0,7,0,-1,0
2024,2024-05-22,744933,Toronto Blue Jays,1,9,10,2,6,1,4,1
2024,2024-05-22,744933,Chicago White Sox,0,2,6,1,10,2,-4,0
2024,2024-05-22,746876,Chicago Cubs,1,2,3,1,9,1,-6,0
2024,2024-05-22,746876,Atlanta Braves,0,9,9,1,3,1,6,1
2024,2024-05-22,745661,Oakland Athletics,1,3,8,0,12,0,-4,0
2024,2024-05-22,745661,Colorado Rockies,0,4,12,0,8,0,4,1
2024,2024-05-22,746143,Los Angeles Dodgers,1,0,6,1,9,0,-3,0
2024,2024-05-22,746143,Arizona Diamondbacks,0,6,9,0,6,1,3,1
2024,2024-05-23,745500,Pittsburgh Pirates,1,6,9,0,13,1,-4,0
2024,2024-05-23,745500,San Francisco Giants,0,7,13,1,9,0,4,1
2024,2024-05-23,745741,New York Yankees,1,5,11,0,3,0,8,1
2024,2024-05-23,745741,Seattle Mariners,0,0,3,0,11,0,-8,0
2024,2024-05-23,745573,Philadelphia Phillies,1,5,12,0,6,1,6,1
2024,2024-05-23,745573,Texas Rangers,0,2,6,1,12,0,-6,0
2024,2024-05-23,746714,Cincinnati Reds,1,4,8,0,12,0,-4,0
2024,2024-05-23,746714,San Diego Padres,0,6,12,0,8,0,4,1
2024,2024-05-23,746874,Chicago Cubs,1,0,4,0,6,0,-2,0
2024,2024-05-23,746874,Atlanta Braves,0,3,6,0,4,0,2,1
2024,2024-05-23,745660,Oakland Athletics,1,10,17,1,11,0,6,1
2024,2024-05-23,745660,Colorado Rockies,0,9,11,0,17,1,-6,0
2024,2024-05-23,746474,Detroit Tigers,1,1,5,0,13,0,-8,0
2024,2024-05-23,746474,Toronto Blue Jays,0,9,13,0,5,0,8,1
2024,2024-05-23,746792,Chicago White Sox,1,6,7,0,13,0,-6,0
2024,2024-05-23,746792,Baltimore Orioles,0,8,13,0,7,0,6,1
2024,2024-05-24,746475,Detroit Tigers,1,6,7,0,10,1,-3,1
2024,2024-05-24,746475,Toronto Blue Jays,0,2,10,1,7,0,3,0
2024,2024-05-24,745501,Pittsburgh Pirates,1,11,14,0,7,2,7,1
2024,2024-05-24,745501,Atlanta Braves,0,5,7,2,14,0,-7,0
2024,2024-05-24,744853,Washington Nationals,1,6,8,0,5,0,3,1
2024,2024-05-24,744853,Seattle Mariners,0,1,5,0,8,0,-3,0
2024,2024-05-24,745087,Tampa Bay Rays,1,1,4,0,12,0,-8,0
2024,2024-05-24,745087,Kansas City Royals,0,8,12,0,4,0,8,1
2024,2024-05-24,746713,Cincinnati Reds,1,9,6,0,11,0,-5,1
2024,2024-05-24,746713,Los Angeles Dodgers,0,6,11,0,6,0,5,0
2024,2024-05-24,745822,New York Mets,1,7,9,0,9,3,0,0
2024,2024-05-24,745822,San Francisco Giants,0,8,9,3,9,0,0,1
2024,2024-05-24,745905,Minnesota Twins,1,3,10,0,4,0,6,1
2024,2024-05-24,745905,Texas Rangers,0,2,4,0,10,0,-6,0
2024,2024-05-24,746956,Boston Red Sox,1,2,9,1,11,0,-2,0
2024,2024-05-24,746956,Milwaukee Brewers,0,7,11,0,9,1,2,1
2024,2024-05-24,746793,Chicago White Sox,1,4,9,1,8,1,1,0
2024,2024-05-24,746793,Baltimore Orioles,0,6,8,1,9,1,-1,1
2024,2024-05-24,746558,Colorado Rockies,1,3,11,0,7,0,4,1
2024,2024-05-24,746558,Philadelphia Phillies,0,2,7,0,11,0,-4,0
2024,2024-05-24,746227,Los Angeles Angels,1,4,9,1,10,0,-1,0
2024,2024-05-24,746227,Cleveland Guardians,0,10,10,0,9,1,1,1
2024,2024-05-24,745663,Oakland Athletics,1,3,10,0,12,1,-2,0
2024,2024-05-24,745663,Houston Astros,0,6,12,1,10,0,2,1
2024,2024-05-24,747200,Arizona Diamondbacks,1,0,4,0,9,1,-5,0
2024,2024-05-24,747200,Miami Marlins,0,3,9,1,4,0,5,1
2024,2024-05-24,745415,San Diego Padres,1,0,3,0,10,0,-7,0
2024,2024-05-24,745415,New York Yankees,0,8,10,0,3,0,7,1
2024,2024-05-25,746470,Detroit Tigers,1,2,8,1,6,0,2,1
2024,2024-05-25,746470,Toronto Blue Jays,0,1,6,0,8,1,-2,0
2024,2024-05-25,745823,New York Mets,1,2,4,1,8,1,-4,0
2024,2024-05-25,745823,San Francisco Giants,0,7,8,1,4,1,4,1
2024,2024-05-25,745901,Minnesota Twins,1,5,7,0,5,0,2,1
2024,2024-05-25,745901,Texas Rangers,0,3,5,0,7,0,-2,0
2024,2024-05-25,746794,Chicago White Sox,1,3,5,0,8,0,-3,0
2024,2024-05-25,746794,Baltimore Orioles,0,5,8,0,5,0,3,1
2024,2024-05-25,744851,Washington Nationals,1,3,6,0,5,0,1,1
2024,2024-05-25,744851,Seattle Mariners,0,1,5,0,6,0,-1,0
2024,2024-05-25,745493,Pittsburgh Pirates,1,4,7,0,9,1,-2,1
2024,2024-05-25,745493,Atlanta Braves,0,1,9,1,7,0,2,0
2024,2024-05-25,745658,Oakland Athletics,1,3,6,1,4,0,2,1
2024,2024-05-25,745658,Houston Astros,0,1,4,0,6,1,-2,0
2024,2024-05-25,745086,Tampa Bay Rays,1,4,7,0,11,1,-4,0
2024,2024-05-25,745086,Kansas City Royals,0,7,11,1,7,0,4,1
2024,2024-05-25,746958,Boston Red Sox,1,3,5,0,11,0,-6,0
2024,2024-05-25,746958,Milwaukee Brewers,0,6,11,0,5,0,6,1
2024,2024-05-25,746710,Cincinnati Reds,1,3,9,0,5,0,4,1
2024,2024-05-25,746710,Los Angeles Dodgers,0,1,5,0,9,0,-4,0
2024,2024-05-25,745176,St. Louis Cardinals,1,7,15,1,12,0,3,1
2024,2024-05-25,745176,Chicago Cubs,0,6,12,0,15,1,-3,0
2024,2024-05-25,746556,Colorado Rockies,1,4,9,0,12,1,-3,0
2024,2024-05-25,746556,Philadelphia Phillies,0,8,12,1,9,0,3,1
2024,2024-05-25,746226,Los Angeles Angels,1,3,8,0,6,1,2,0
2024,2024-05-25,746226,Cleveland Guardians,0,4,6,1,8,0,-2,1
2024,2024-05-25,745411,San Diego Padres,1,1,4,0,9,0,-5,0
2024,2024-05-25,745411,New York Yankees,0,4,9,0,4,0,5,1
2024,2024-05-25,747199,Arizona Diamondbacks,1,3,5,0,11,1,-6,1
2024,2024-05-25,747199,Miami Marlins,0,2,11,1,5,0,6,0
2024,2024-05-26,746469,Detroit Tigers,1,14,17,0,14,0,3,1
2024,2024-05-26,746469,Toronto Blue Jays,0,11,14,0,17,0,-3,0
2024,2024-05-26,746711,Cincinnati Reds,1,4,8,1,5,0,3,1
2024,2024-05-26,746711,Los Angeles Dodgers,0,1,5,0,8,1,-3,0
2024,2024-05-26,744855,Washington Nationals,1,5,8,1,10,0,-2,0
2024,2024-05-26,744855,Seattle Mariners,0,9,10,0,8,1,2,1
2024,2024-05-26,745498,Pittsburgh Pirates,1,1,5,0,14,0,-9,0
2024,2024-05-26,745498,Atlanta Braves,0,8,14,0,5,0,9,1
2024,2024-05-26,746957,Boston Red Sox,1,2,9,0,8,0,1,1
2024,2024-05-26,746957,Milwaukee Brewers,0,1,8,0,9,0,-1,0
2024,2024-05-26,745824,New York Mets,1,4,8,1,7,1,1,1
2024,2024-05-26,745824,San Francisco Giants,0,3,7,1,8,1,-1,0
2024,2024-05-26,745088,Tampa Bay Rays,1,4,6,0,7,0,-1,1
2024,2024-05-26,745088,Kansas City Royals,0,1,7,0,6,0,1,0
2024,2024-05-26,745902,Minnesota Twins,1,2,3,2,9,1,-6,0
2024,2024-05-26,745902,Texas Rangers,0,6,9,1,3,2,6,1
2024,2024-05-26,746789,Chicago White Sox,1,1,1,1,6,1,-5,0
2024,2024-05-26,746789,Baltimore Orioles,0,4,6,1,1,1,5,1
2024,2024-05-26,746557,Colorado Rockies,1,5,6,1,5,1,1,1
2024,2024-05-26,746557,Philadelphia Phillies,0,2,5,1,6,1,-1,0
2024,2024-05-26,746230,Los Angeles Angels,1,4,9,1,6,0,3,0
2024,2024-05-26,746230,Cleveland Guardians,0,5,6,0,9,1,-3,1
2024,2024-05-26,745653,Oakland Athletics,1,2,6,2,11,1,-5,0
2024,2024-05-26,745653,Houston Astros,0,5,11,1,6,2,5,1
2024,2024-05-26,747197,Arizona Diamondbacks,1,1,6,1,9,0,-3,0
2024,2024-05-26,747197,Miami Marlins,0,3,9,0,6,1,3,1
2024,2024-05-26,745413,San Diego Padres,1,5,9,0,8,1,1,1
2024,2024-05-26,745413,New York Yankees,0,2,8,1,9,0,-1,0
2024,2024-05-26,745172,St. Louis Cardinals,1,4,6,1,8,1,-2,1
2024,2024-05-26,745172,Chicago Cubs,0,3,8,1,6,1,2,0
2024,2024-05-27,747034,Baltimore Orioles,1,11,14,0,8,0,6,1
2024,2024-05-27,747034,Boston Red Sox,0,3,8,0,14,0,-6,0
2024,2024-05-27,745904,Minnesota Twins,1,6,7,1,10,1,-3,1
2024,2024-05-27,745904,Kansas City Royals,0,5,10,1,7,1,3,0
2024,2024-05-27,746788,Chicago White Sox,1,1,10,0,6,1,4,0
2024,2024-05-27,746788,Toronto Blue Jays,0,5,6,1,10,0,-4,1
2024,2024-05-27,746549,Colorado Rockies,1,8,8,0,10,1,-2,1
2024,2024-05-27,746549,Cleveland Guardians,0,6,10,1,8,0,2,0
2024,2024-05-27,746708,Cincinnati Reds,1,3,5,0,5,2,0,1
2024,2024-05-27,746708,St. Louis Cardinals,0,1,5,2,5,0,0,0
2024,2024-05-27,747118,Atlanta Braves,1,4,8,0,15,0,-7,0
2024,2024-05-27,747118,Washington Nationals,0,8,15,0,8,0,7,1
2024,2024-05-27,745986,Milwaukee Brewers,1,5,6,0,5,1,1,1
2024,2024-05-27,745986,Chicago Cubs,0,1,5,1,6,0,-1,0
2024,2024-05-27,745338,San Francisco Giants,1,8,12,1,7,3,5,1
2024,2024-05-27,745338,Philadelphia Phillies,0,4,7,3,12,1,-5,0
2024,2024-05-27,745416,San Diego Padres,1,2,8,0,4,2,4,1
2024,2024-05-27,745416,Miami Marlins,0,1,4,2,8,0,-4,0
2024,2024-05-27,745254,Seattle Mariners,1,3,6,1,6,0,0,1
2024,2024-05-27,745254,Houston Astros,0,2,6,0,6,1,0,0
2024,2024-05-28,745818,New York Mets,1,2,4,1,11,0,-7,0
2024,2024-05-28,745818,Los Angeles Dodgers,0,5,11,0,4,1,7,1
2024,2024-05-28,745816,New York Mets,1,0,3,0,10,0,-7,0
2024,2024-05-28,745816,Los Angeles Dodgers,0,3,10,0,3,0,7,1
2024,2024-05-28,747033,Baltimore Orioles,1,3,8,1,11,0,-3,0
2024,2024-05-28,747033,Boston Red Sox,0,8,11,0,8,1,3,1
2024,2024-05-28,746709,Cincinnati Reds,1,1,4,1,13,0,-9,0
2024,2024-05-28,746709,St. Louis Cardinals,0,7,13,0,4,1,9,1
2024,2024-05-28,745091,Tampa Bay Rays,1,0,3,0,6,0,-3,0
2024,2024-05-28,745091,Oakland Athletics,0,3,6,0,3,0,3,1
2024,2024-05-28,747115,Atlanta Braves,1,2,5,0,7,0,-2,1
2024,2024-05-28,747115,Washington Nationals,0,0,7,0,5,0,2,0
2024,2024-05-28,745903,Minnesota Twins,1,4,10,0,5,1,5,1
2024,2024-05-28,745903,Kansas City Royals,0,2,5,1,10,0,-5,0
2024,2024-05-28,746791,Chicago White Sox,1,2,8,1,13,0,-5,0
2024,2024-05-28,746791,Toronto Blue Jays,0,7,13,0,8,1,5,1
2024,2024-05-28,745987,Milwaukee Brewers,1,3,3,0,9,0,-6,0
2024,2024-05-28,745987,Chicago Cubs,0,6,9,0,3,0,6,1
2024,2024-05-28,745017,Texas Rangers,1,4,6,0,8,0,-2,1
2024,2024-05-28,745017,Arizona Diamondbacks,0,2,8,0,6,0,2,0
2024,2024-05-28,746552,Colorado Rockies,1,7,10,1,13,1,-3,0
2024,2024-05-28,746552,Cleveland Guardians,0,13,13,1,10,1,3,1
2024,2024-05-28,746229,Los Angeles Angels,1,4,9,0,9,0,0,1
2024,2024-05-28,746229,New York Yankees,0,3,9,0,9,0,0,0
2024,2024-05-28,745258,Seattle Mariners,1,4,7,1,5,1,2,1
2024,2024-05-28,745258,Houston Astros,0,2,5,1,7,1,-2,0
2024,2024-05-28,745412,San Diego Padres,1,4,9,0,6,1,3,1
2024,2024-05-28,745412,Miami Marlins,0,0,6,1,9,0,-3,0
2024,2024-05-28,745337,San Francisco Giants,1,1,4,0,7,0,-3,1
2024,2024-05-28,745337,Philadelphia Phillies,0,0,7,0,4,0,3,0
2024,2024-05-29,746467,Detroit Tigers,1,8,10,0,3,3,7,1
2024,2024-05-29,746467,Pittsburgh Pirates,0,0,3,3,10,0,-7,0
2024,2024-05-29,746468,Detroit Tigers,1,2,4,0,13,0,-9,0
2024,2024-05-29,746468,Pittsburgh Pirates,0,10,13,0,4,0,9,1
2024,2024-05-29,746706,Cincinnati Reds,1,3,8,0,12,1,-4,0
2024,2024-05-29,746706,St. Louis Cardinals,0,5,12,1,8,0,4,1
2024,2024-05-29,745011,Texas Rangers,1,6,8,0,9,0,-1,1
2024,2024-05-29,745011,Arizona Diamondbacks,0,1,9,0,8,0,1,0
2024,2024-05-29,745333,San Francisco Giants,1,1,6,0,14,1,-8,0
2024,2024-05-29,745333,Philadelphia Phillies,0,6,14,1,6,0,8,1
2024,2024-05-29,745817,New York Mets,1,3,9,2,16,0,-7,0
2024,2024-05-29,745817,Los Angeles Dodgers,0,10,16,0,9,2,7,1
2024,2024-05-29,745414,San Diego Padres,1,1,8,2,16,0,-8,0
2024,2024-05-29,745414,Miami Marlins,0,9,16,0,8,2,8,1
2024,2024-05-29,747031,Baltimore Orioles,1,6,6,2,6,0,0,1
2024,2024-05-29,747031,Boston Red Sox,0,1,6,0,6,2,0,0
2024,2024-05-29,745084,Tampa Bay Rays,1,4,9,1,6,0,3,1
2024,2024-05-29,745084,Oakland Athletics,0,3,6,0,9,1,-3,0
2024,2024-05-29,747117,Atlanta Braves,1,2,8,1,13,1,-5,0
2024,2024-05-29,747117,Washington Nationals,0,7,13,1,8,1,5,1
2024,2024-05-29,745900,Minnesota Twins,1,1,8,0,10,1,-2,0
2024,2024-05-29,745900,Kansas City Royals,0,6,10,1,8,0,2,1
2024,2024-05-29,746790,Chicago White Sox,1,1,4,0,7,0,-3,0
2024,2024-05-29,746790,Toronto Blue Jays,0,3,7,0,4,0,3,1
2024,2024-05-29,745988,Milwaukee Brewers,1,10,10,2,9,0,1,1
2024,2024-05-29,745988,Chicago Cubs,0,6,9,0,10,2,-1,0
2024,2024-05-29,746551,Colorado Rockies,1,7,9,0,8,0,1,1
2024,2024-05-29,746551,Cleveland Guardians,0,4,8,0,9,0,-1,0
2024,2024-05-29,746228,Los Angeles Angels,1,1,3,2,6,0,-3,0
2024,2024-05-29,746228,New York Yankees,0,2,6,0,3,2,3,1
2024,2024-05-29,745250,Seattle Mariners,1,2,4,0,7,1,-3,1
2024,2024-05-29,745250,Houston Astros,0,1,7,1,4,0,3,0
2024,2024-05-30,745081,Tampa Bay Rays,1,6,6,1,11,1,-5,1
2024,2024-05-30,745081,Oakland Athletics,0,5,11,1,6,1,5,0
2024,2024-05-30,745898,Minnesota Twins,1,7,9,1,7,2,2,1
2024,2024-05-30,745898,Kansas City Royals,0,6,7,2,9,1,-2,0
2024,2024-05-30,745985,Milwaukee Brewers,1,6,9,0,9,0,0,1
2024,2024-05-30,745985,Chicago Cubs,0,4,9,0,9,0,0,0
2024,2024-05-30,745249,Seattle Mariners,1,0,4,0,9,0,-5,0
2024,2024-05-30,745249,Houston Astros,0,4,9,0,4,0,5,1
2024,2024-05-30,746954,Boston Red Sox,1,0,2,1,8,1,-6,0
2024,2024-05-30,746954,Detroit Tigers,0,5,8,1,2,1,6,1
2024,2024-05-30,745819,New York Mets,1,3,9,1,4,0,5,1
2024,2024-05-30,745819,Arizona Diamondbacks,0,2,4,0,9,1,-5,0
2024,2024-05-30,747114,Atlanta Braves,1,1,5,2,8,0,-3,0
2024,2024-05-30,747114,Washington Nationals,0,3,8,0,5,2,3,1
2024,2024-05-30,746225,Los Angeles Angels,1,3,4,0,5,1,-1,0
2024,2024-05-30,746225,New York Yankees,0,8,5,1,4,0,1,1
2024,2024-05-31,746877,Chicago Cubs,1,4,8,0,8,2,0,0
2024,2024-05-31,746877,Cincinnati Reds,0,5,8,2,8,0,0,1
2024,2024-05-31,745574,Philadelphia Phillies,1,4,7,0,3,0,4,1
2024,2024-05-31,745574,St. Louis Cardinals,0,2,3,0,7,0,-4,0
2024,2024-05-31,747032,Baltimore Orioles,1,3,11,0,5,0,6,1
2024,2024-05-31,747032,Tampa Bay Rays,0,1,5,0,11,0,-6,0
2024,2024-05-31,744928,Toronto Blue Jays,1,5,6,0,6,0,0,1
2024,2024-05-31,744928,Pittsburgh Pirates,0,3,6,0,6,0,0,0
2024,2024-05-31,746955,Boston Red Sox,1,7,12,2,7,0,5,1
2024,2024-05-31,746955,Detroit Tigers,0,3,7,0,12,2,-5,0
2024,2024-05-31,746635,Cleveland Guardians,1,7,9,1,4,0,5,1
2024,2024-05-31,746635,Washington Nationals,0,1,4,0,9,1,-5,0
2024,2024-05-31,745820,New York Mets,1,10,15,1,9,1,6,1
2024,2024-05-31,745820,Arizona Diamondbacks,0,9,9,1,15,1,-6,0
2024,2024-05-31,746059,Miami Marlins,1,8,12,0,6,1,6,1
2024,2024-05-31,746059,Texas Rangers,0,2,6,1,12,0,-6,0
2024,2024-05-31,747116,Atlanta Braves,1,4,6,0,6,0,0,1
2024,2024-05-31,747116,Oakland Athletics,0,2,6,0,6,0,0,0
2024,2024-05-31,746303,Kansas City Royals,1,8,13,0,18,0,-5,0
2024,2024-05-31,746303,San Diego Padres,0,11,18,0,13,0,5,1
2024,2024-05-31,746387,Houston Astros,1,1,6,1,6,0,0,0
2024,2024-05-31,746387,Minnesota Twins,0,6,6,0,6,1,0,1
2024,2024-05-31,745983,Milwaukee Brewers,1,12,23,1,9,0,14,1
2024,2024-05-31,745983,Chicago White Sox,0,5,9,0,23,1,-14,0
2024,2024-05-31,746140,Los Angeles Dodgers,1,1,5,1,7,0,-2,0
2024,2024-05-31,746140,Colorado Rockies,0,4,7,0,5,1,2,1
2024,2024-05-31,745253,Seattle Mariners,1,5,9,0,7,1,2,1
2024,2024-05-31,745253,Los Angeles Angels,0,4,7,1,9,0,-2,0
2024,2024-05-31,745331,San Francisco Giants,1,2,6,2,8,1,-2,0
2024,2024-05-31,745331,New York Yankees,0,6,8,1,6,2,2,1
2024,2024-06-01,744932,Toronto Blue Jays,1,1,6,1,11,0,-5,0
2024,2024-06-01,744932,Pittsburgh Pirates,0,8,11,0,6,1,5,1
2024,2024-06-01,747029,Baltimore Orioles,1,9,10,0,10,0,0,1
2024,2024-06-01,747029,Tampa Bay Rays,0,5,10,0,10,0,0,0
2024,2024-06-01,746952,Boston Red Sox,1,6,10,0,7,3,3,1
2024,2024-06-01,746952,Detroit Tigers,0,3,7,3,10,0,-3,0
2024,2024-06-01,746629,Cleveland Guardians,1,3,5,0,6,0,-1,1
2024,2024-06-01,746629,Washington Nationals,0,2,6,0,5,0,1,0
2024,2024-06-01,745812,New York Mets,1,5,12,1,11,0,1,0
2024,2024-06-01,745812,Arizona Diamondbacks,0,10,11,0,12,1,-1,1
2024,2024-06-01,746305,Kansas City Royals,1,3,8,0,11,1,-3,0
2024,2024-06-01,746305,San Diego Padres,0,7,11,1,8,0,3,1
2024,2024-06-01,746384,Houston Astros,1,5,10,0,4,0,6,1
2024,2024-06-01,746384,Minnesota Twins,0,2,4,0,10,0,-6,0
2024,2024-06-01,747111,Atlanta Braves,1,9,13,0,16,1,-3,0
2024,2024-06-01,747111,Oakland Athletics,0,11,16,1,13,0,3,1
2024,2024-06-01,746062,Miami Marlins,1,0,7,1,13,0,-6,0
2024,2024-06-01,746062,Texas Rangers,0,7,13,0,7,1,6,1
2024,2024-06-01,745980,Milwaukee Brewers,1,4,7,0,8,1,-1,1
2024,2024-06-01,745980,Chicago White Sox,0,3,8,1,7,0,1,0
2024,2024-06-01,746870,Chicago Cubs,1,7,6,2,10,1,-4,1
2024,2024-06-01,746870,Cincinnati Reds,0,5,10,1,6,2,4,0
2024,2024-06-01,745251,Seattle Mariners,1,9,9,0,6,0,3,1
2024,2024-06-01,745251,Los Angeles Angels,0,0,6,0,9,0,-3,0
2024,2024-06-01,745575,Philadelphia Phillies,1,6,7,1,5,1,2,1
2024,2024-06-01,745575,St. Louis Cardinals,0,1,5,1,7,1,-2,0
2024,2024-06-01,745332,San Francisco Giants,1,3,5,0,11,1,-6,0
2024,2024-06-01,745332,New York Yankees,0,7,11,1,5,0,6,1
2024,2024-06-01,746138,Los Angeles Dodgers,1,4,11,0,9,2,2,1
2024,2024-06-01,746138,Colorado Rockies,0,1,9,2,11,0,-2,0
2024,2024-06-02,746383,Houston Astros,1,3,6,0,7,1,-1,0
2024,2024-06-02,746383,Minnesota Twins,0,4,7,1,6,0,1,1
2024,2024-06-02,746953,Boston Red Sox,1,4,8,0,14,1,-6,0
2024,2024-06-02,746953,Detroit Tigers,0,8,14,1,8,0,6,1
2024,2024-06-02,747030,Baltimore Orioles,1,3,15,0,13,0,2,0
2024,2024-06-02,747030,Tampa Bay Rays,0,4,13,0,15,0,-2,1
2024,2024-06-02,747110,Atlanta Braves,1,3,7,0,2,1,5,1
2024,2024-06-02,747110,Oakland Athletics,0,1,2,1,7,0,-5,0
2024,2024-06-02,744929,Toronto Blue Jays,1,5,11,0,11,1,0,1
2024,2024-06-02,744929,Pittsburgh Pirates,0,4,11,1,11,0,0,0
2024,2024-06-02,746632,Cleveland Guardians,1,2,6,0,8,0,-2,0
2024,2024-06-02,746632,Washington Nationals,0,5,8,0,6,0,2,1
2024,2024-06-02,745813,New York Mets,1,4,5,0,9,0,-4,0
2024,2024-06-02,745813,Arizona Diamondbacks,0,5,9,0,5,0,4,1
2024,2024-06-02,746061,Miami Marlins,1,0,7,0,10,0,-3,0
2024,2024-06-02,746061,Texas Rangers,0,6,10,0,7,0,3,1
2024,2024-06-02,746301,Kansas City Royals,1,4,7,1,10,0,-3,1
2024,2024-06-02,746301,San Diego Padres,0,3,10,0,7,1,3,0
2024,2024-06-02,745984,Milwaukee Brewers,1,6,9,0,5,0,4,1
2024,2024-06-02,745984,Chicago White Sox,0,3,5,0,9,0,-4,0
2024,2024-06-02,746871,Chicago Cubs,1,2,8,0,10,0,-2,0
2024,2024-06-02,746871,Cincinnati Reds,0,5,10,0,8,0,2,1
2024,2024-06-02,745330,San Francisco Giants,1,5,11,1,11,0,0,0
2024,2024-06-02,745330,New York Yankees,0,7,11,0,11,1,0,1
2024,2024-06-02,746141,Los Angeles Dodgers,1,4,8,0,5,0,3,1
2024,2024-06-02,746141,Colorado Rockies,0,0,5,0,8,0,-3,0
2024,2024-06-02,745252,Seattle Mariners,1,5,5,1,4,2,1,1
2024,2024-06-02,745252,Los Angeles Angels,0,1,4,2,5,1,-1,0
2024,2024-06-02,745572,Philadelphia Phillies,1,4,7,0,9,3,-2,0
2024,2024-06-02,745572,St. Louis Cardinals,0,5,9,3,7,0,2,1
2024,2024-06-03,745569,Philadelphia Phillies,1,3,7,0,5,0,2,1
2024,2024-06-03,745569,Milwaukee Brewers,0,1,5,0,7,0,-2,0
2024,2024-06-03,744854,Washington Nationals,1,7,11,1,13,2,-2,0
2024,2024-06-03,744854,New York Mets,0,8,13,2,11,1,2,1
2024,2024-06-03,744930,Toronto Blue Jays,1,2,8,1,10,1,-2,0
2024,2024-06-03,744930,Baltimore Orioles,0,7,10,1,8,1,2,1
2024,2024-06-03,745009,Texas Rangers,1,1,8,0,4,0,4,0
2024,2024-06-03,745009,Detroit Tigers,0,2,4,0,8,0,-4,1
2024,2024-06-03,746382,Houston Astros,1,7,9,1,8,2,1,1
2024,2024-06-03,746382,St. Louis Cardinals,0,4,8,2,9,1,-1,0
2024,2024-06-03,746548,Colorado Rockies,1,3,9,0,18,1,-9,0
2024,2024-06-03,746548,Cincinnati Reds,0,13,18,1,9,0,9,1
2024,2024-06-03,746224,Los Angeles Angels,1,2,4,0,6,1,-2,1
2024,2024-06-03,746224,San Diego Padres,0,1,6,1,4,0,2,0
2024,2024-06-03,747194,Arizona Diamondbacks,1,4,9,0,8,0,1,1
2024,2024-06-03,747194,San Francisco Giants,0,2,8,0,9,0,-1,0
2024,2024-06-04,746630,Cleveland Guardians,1,8,7,0,10,1,-3,1
2024,2024-06-04,746630,Kansas City Royals,0,5,10,1,7,0,3,0
2024,2024-06-04,745497,Pittsburgh Pirates,1,1,4,0,5,1,-1,1
2024,2024-06-04,745497,Los Angeles Dodgers,0,0,5,1,4,0,1,0
2024,2024-06-04,746060,Miami Marlins,1,5,12,0,12,1,0,0
2024,2024-06-04,746060,Tampa Bay Rays,0,9,12,1,12,0,0,1
2024,2024-06-04,745568,Philadelphia Phillies,1,2,8,0,7,0,1,1
2024,2024-06-04,745568,Milwaukee Brewers,0,1,7,0,8,0,-1,0
2024,2024-06-04,744850,Washington Nationals,1,3,6,0,13,0,-7,0
2024,2024-06-04,744850,New York Mets,0,6,13,0,6,0,7,1
2024,2024-06-04,745739,New York Yankees,1,5,6,0,2,0,4,1
2024,2024-06-04,745739,Minnesota Twins,0,1,2,0,6,0,-4,0
2024,2024-06-04,744931,Toronto Blue Jays,1,1,5,0,9,0,-4,0
2024,2024-06-04,744931,Baltimore Orioles,0,10,9,0,5,0,4,1
2024,2024-06-04,746949,Boston Red Sox,1,3,5,2,8,1,-3,0
2024,2024-06-04,746949,Atlanta Braves,0,8,8,1,5,2,3,1
2024,2024-06-04,745010,Texas Rangers,1,1,5,1,6,0,-1,0
2024,2024-06-04,745010,Detroit Tigers,0,3,6,0,5,1,1,1
2024,2024-06-04,746872,Chicago Cubs,1,7,8,1,9,0,-1,1
2024,2024-06-04,746872,Chicago White Sox,0,6,9,0,8,1,1,0
2024,2024-06-04,746380,Houston Astros,1,8,10,0,11,2,-1,1
2024,2024-06-04,746380,St. Louis Cardinals,0,5,11,2,10,0,1,0
2024,2024-06-04,746550,Colorado Rockies,1,1,3,0,12,3,-9,0
2024,2024-06-04,746550,Cincinnati Reds,0,4,12,3,3,0,9,1
2024,2024-06-04,746222,Los Angeles Angels,1,4,5,0,7,0,-2,1
2024,2024-06-04,746222,San Diego Padres,0,2,7,0,5,0,2,0
2024,2024-06-04,745656,Oakland Athletics,1,3,8,1,10,0,-2,0
2024,2024-06-04,745656,Seattle Mariners,0,4,10,0,8,1,2,1
2024,2024-06-04,747196,Arizona Diamondbacks,1,8,13,0,6,1,7,1
2024,2024-06-04,747196,San Francisco Giants,0,5,6,1,13,0,-7,0
2024,2024-06-05,746950,Boston Red Sox,1,9,13,1,1,0,12,1
2024,2024-06-05,746950,Atlanta Braves,0,0,1,0,13,1,-12,0
2024,2024-06-05,746379,Houston Astros,1,2,5,0,5,0,0,0
2024,2024-06-05,746379,St. Louis Cardinals,0,4,5,0,5,0,0,1
2024,2024-06-05,746544,Colorado Rockies,1,7,13,0,12,1,1,0
2024,2024-06-05,746544,Cincinnati Reds,0,12,12,1,13,0,-1,1
2024,2024-06-05,747195,Arizona Diamondbacks,1,3,9,1,14,0,-5,0
2024,2024-06-05,747195,San Francisco Giants,0,9,14,0,9,1,5,1
2024,2024-06-05,744852,Washington Nationals,1,1,7,0,11,0,-4,0
2024,2024-06-05,744852,New York Mets,0,9,11,0,7,0,4,1
2024,2024-06-05,745570,Philadelphia Phillies,1,2,3,0,3,0,0,1
2024,2024-06-05,745570,Milwaukee Brewers,0,0,3,0,3,0,0,0
2024,2024-06-05,745494,Pittsburgh Pirates,1,10,9,2,11,2,-2,1
2024,2024-06-05,745494,Los Angeles Dodgers,0,6,11,2,9,2,2,0
2024,2024-06-05,746056,Miami Marlins,1,3,7,1,8,0,-1,0
2024,2024-06-05,746056,Tampa Bay Rays,0,5,8,0,7,1,1,1
2024,2024-06-05,745740,New York Yankees,1,9,9,0,6,0,3,1
2024,2024-06-05,745740,Minnesota Twins,0,5,6,0,9,0,-3,0
2024,2024-06-05,744927,Toronto Blue Jays,1,3,9,0,6,1,3,1
2024,2024-06-05,744927,Baltimore Orioles,0,2,6,1,9,0,-3,0
2024,2024-06-05,745007,Texas Rangers,1,9,12,0,2,2,10,1
2024,2024-06-05,745007,Detroit Tigers,0,1,2,2,12,0,-10,0
2024,2024-06-05,746873,Chicago Cubs,1,7,8,0,13,0,-5,1
2024,2024-06-05,746873,Chicago White Sox,0,6,13,0,8,0,5,0
2024,2024-06-05,746221,Los Angeles Angels,1,3,6,1,8,0,-2,1
2024,2024-06-05,746221,San Diego Padres,0,2,8,0,6,1,2,0
2024,2024-06-05,745654,Oakland Athletics,1,2,5,0,4,2,1,1
2024,2024-06-05,745654,Seattle Mariners,0,1,4,2,5,0,-1,0
2024,2024-06-06,744923,Toronto Blue Jays,1,6,7,0,6,0,1,1
2024,2024-06-06,744923,Baltimore Orioles,0,5,6,0,7,0,-1,0
2024,2024-06-06,746631,Cleveland Guardians,1,3,9,2,10,1,-1,0
2024,2024-06-06,746631,Kansas City Royals,0,4,10,1,9,2,1,1
2024,2024-06-06,745657,Oakland Athletics,1,0,2,0,4,1,-2,0
2024,2024-06-06,745657,Seattle Mariners,0,3,4,1,2,0,2,1
2024,2024-06-06,745495,Pittsburgh Pirates,1,7,13,1,14,4,-1,0
2024,2024-06-06,745495,Los Angeles Dodgers,0,11,14,4,13,1,1,1
2024,2024-06-06,744844,Washington Nationals,1,2,6,0,7,0,-1,0
2024,2024-06-06,744844,Atlanta Braves,0,5,7,0,6,0,1,1
2024,2024-06-06,745738,New York Yankees,1,8,7,0,10,1,-3,1
2024,2024-06-06,745738,Minnesota Twins,0,5,10,1,7,0,3,0
2024,2024-06-06,746707,Cincinnati Reds,1,8,9,0,5,0,4,1
2024,2024-06-06,746707,Chicago Cubs,0,4,5,0,9,0,-4,0
2024,2024-06-06,745174,St. Louis Cardinals,1,2,8,0,4,1,4,0
2024,2024-06-06,745174,Colorado Rockies,0,3,4,1,8,0,-4,1
2024,2024-06-06,746784,Chicago White Sox,1,2,4,1,24,0,-20,0
2024,2024-06-06,746784,Boston Red Sox,0,14,24,0,4,1,20,1
2024,2024-06-06,745408,San Diego Padres,1,3,10,2,9,1,1,0
2024,2024-06-06,745408,Arizona Diamondbacks,0,4,9,1,10,2,-1,1
2024,2024-06-07,745169,St. Louis Cardinals,1,8,12,2,10,0,2,1
2024,2024-06-07,745169,Colorado Rockies,0,5,10,0,12,2,-2,0
2024,2024-06-07,745496,Pittsburgh Pirates,1,3,4,0,8,0,-4,1
2024,2024-06-07,745496,Minnesota Twins,0,0,8,0,4,0,4,0
2024,2024-06-07,746466,Detroit Tigers,1,0,2,0,16,0,-14,0
2024,2024-06-07,746466,Milwaukee Brewers,0,10,16,0,2,0,14,1
2024,2024-06-07,744845,Washington Nationals,1,2,5,0,6,1,-1,1
2024,2024-06-07,744845,Atlanta Braves,0,1,6,1,5,0,1,0
2024,2024-06-07,745083,Tampa Bay Rays,1,3,9,0,9,1,0,0
2024,2024-06-07,745083,Baltimore Orioles,0,6,9,1,9,0,0,1
2024,2024-06-07,745737,New York Yankees,1,1,5,1,4,1,1,0
2024,2024-06-07,745737,Los Angeles Dodgers,0,2,4,1,5,1,-1,1
2024,2024-06-07,746704,Cincinnati Reds,1,3,5,0,6,1,-1,1
2024,2024-06-07,746704,Chicago Cubs,0,2,6,1,5,0,1,0
2024,2024-06-07,746053,Miami Marlins,1,3,7,0,6,0,1,1
2024,2024-06-07,746053,Cleveland Guardians,0,2,6,0,7,0,-1,0
2024,2024-06-07,745008,Texas Rangers,1,2,5,0,11,0,-6,0
2024,2024-06-07,745008,San Francisco Giants,0,5,11,0,5,0,6,1
2024,2024-06-07,746302,Kansas City Royals,1,10,10,1,10,1,0,1
2024,2024-06-07,746302,Seattle Mariners,0,9,10,1,10,1,0,0
2024,2024-06-07,746785,Chicago White Sox,1,7,8,2,6,1,2,1
2024,2024-06-07,746785,Boston Red Sox,0,2,6,1,8,2,-2,0
2024,2024-06-07,746220,Los Angeles Angels,1,1,4,0,11,0,-7,0
2024,2024-06-07,746220,Houston Astros,0,7,11,0,4,0,7,1
2024,2024-06-07,745406,San Diego Padres,1,10,14,0,9,0,5,1
2024,2024-06-07,745406,Arizona Diamondbacks,0,3,9,0,14,0,-5,0
2024,2024-06-07,745655,Oakland Athletics,1,2,5,0,5,0,0,1
2024,2024-06-07,745655,Toronto Blue Jays,0,1,5,0,5,0,0,0
2024,2024-06-08,745814,New York Mets,1,2,10,0,11,0,-1,0
2024,2024-06-08,745814,Philadelphia Phillies,0,7,11,0,10,0,1,1
2024,2024-06-08,745001,Texas Rangers,1,1,5,0,6,0,-1,0
2024,2024-06-08,745001,San Francisco Giants,0,3,6,0,5,0,1,1
2024,2024-06-08,745492,Pittsburgh Pirates,1,4,10,0,6,2,4,1
2024,2024-06-08,745492,Minnesota Twins,0,0,6,2,10,0,-4,0
2024,2024-06-08,744848,Washington Nationals,1,7,12,0,7,2,5,1
2024,2024-06-08,744848,Atlanta Braves,0,3,7,2,12,0,-5,0
2024,2024-06-08,745652,Oakland Athletics,1,0,5,0,10,0,-5,0
2024,2024-06-08,745652,Toronto Blue Jays,0,7,10,0,5,0,5,1
2024,2024-06-08,746703,Cincinnati Reds,1,4,6,0,10,1,-4,1
2024,2024-06-08,746703,Chicago Cubs,0,3,10,1,6,0,4,0
2024,2024-06-08,746300,Kansas City Royals,1,8,9,0,7,0,2,1
2024,2024-06-08,746300,Seattle Mariners,0,4,7,0,9,0,-2,0
2024,2024-06-08,745082,Tampa Bay Rays,1,0,2,0,9,0,-7,0
2024,2024-06-08,745082,Baltimore Orioles,0,5,9,0,2,0,7,1
2024,2024-06-08,746786,Chicago White Sox,1,6,10,0,5,0,5,1
2024,2024-06-08,746786,Boston Red Sox,0,1,5,0,10,0,-5,0
2024,2024-06-08,746461,Detroit Tigers,1,4,5,2,10,2,-5,0
2024,2024-06-08,746461,Milwaukee Brewers,0,5,10,2,5,2,5,1
2024,2024-06-08,745166,St. Louis Cardinals,1,5,5,2,12,2,-7,0
2024,2024-06-08,745166,Colorado Rockies,0,6,12,2,5,2,7,1
2024,2024-06-08,746057,Miami Marlins,1,0,4,0,12,0,-8,0
2024,2024-06-08,746057,Cleveland Guardians,0,8,12,0,4,0,8,1
2024,2024-06-08,745735,New York Yankees,1,3,10,1,11,0,-1,0
2024,2024-06-08,745735,Los Angeles Dodgers,0,11,11,0,10,1,1,1
2024,2024-06-08,745410,San Diego Padres,1,13,14,0,5,2,9,1
2024,2024-06-08,745410,Arizona Diamondbacks,0,1,5,2,14,0,-9,0
2024,2024-06-08,746223,Los Angeles Angels,1,1,6,0,11,0,-5,0
2024,2024-06-08,746223,Houston Astros,0,6,11,0,6,0,5,1
2024,2024-06-09,745571,Philadelphia Phillies,1,5,10,0,7,0,3,0
2024,2024-06-09,745571,New York Mets,0,6,7,0,10,0,-3,1
2024,2024-06-09,745003,Texas Rangers,1,7,9,0,5,0,4,1
2024,2024-06-09,745003,San Francisco Giants,0,2,5,0,9,0,-4,0
2024,2024-06-09,745491,Pittsburgh Pirates,1,5,10,1,13,0,-3,0
2024,2024-06-09,745491,Minnesota Twins,0,11,13,0,10,1,3,1
2024,2024-06-09,744849,Washington Nationals,1,8,7,0,8,1,-1,1
2024,2024-06-09,744849,Atlanta Braves,0,5,8,1,7,0,1,0
2024,2024-06-09,746705,Cincinnati Reds,1,2,5,0,11,0,-6,0
2024,2024-06-09,746705,Chicago Cubs,0,4,11,0,5,0,6,1
2024,2024-06-09,745085,Tampa Bay Rays,1,2,6,0,13,0,-7,0
2024,2024-06-09,745085,Baltimore Orioles,0,9,13,0,6,0,7,1
2024,2024-06-09,746054,Miami Marlins,1,3,5,2,10,1,-5,0
2024,2024-06-09,746054,Cleveland Guardians,0,6,10,1,5,2,5,1
2024,2024-06-09,746463,Detroit Tigers,1,10,12,0,7,0,5,1
2024,2024-06-09,746463,Milwaukee Brewers,0,2,7,0,12,0,-5,0
2024,2024-06-09,746297,Kansas City Royals,1,5,9,1,10,0,-1,0
2024,2024-06-09,746297,Seattle Mariners,0,6,10,0,9,1,1,1
2024,2024-06-09,746787,Chicago White Sox,1,4,8,1,8,2,0,0
2024,2024-06-09,746787,Boston Red Sox,0,6,8,2,8,1,0,1
2024,2024-06-09,745167,St. Louis Cardinals,1,5,10,0,5,1,5,1
2024,2024-06-09,745167,Colorado Rockies,0,1,5,1,10,0,-5,0
2024,2024-06-09,746216,Los Angeles Angels,1,9,13,0,14,1,-1,1
2024,2024-06-09,746216,Houston Astros,0,7,14,1,13,0,1,0
2024,2024-06-09,745651,Oakland Athletics,1,4,7,0,7,0,0,0
2024,2024-06-09,745651,Toronto Blue Jays,0,6,7,0,7,0,0,1
2024,2024-06-09,745407,San Diego Padres,1,3,7,1,15,1,-8,0
2024,2024-06-09,745407,Arizona Diamondbacks,0,9,15,1,7,1,8,1
2024,2024-06-09,745736,New York Yankees,1,6,9,0,9,0,0,1
2024,2024-06-09,745736,Los Angeles Dodgers,0,4,9,0,9,0,0,0
2024,2024-06-10,745080,Tampa Bay Rays,1,2,5,0,11,1,-6,0
2024,2024-06-10,745080,Baltimore Orioles,0,5,11,1,5,0,6,1
2024,2024-06-10,745897,Minnesota Twins,1,5,7,0,6,1,1,1
2024,2024-06-10,745897,Colorado Rockies,0,0,6,1,7,0,-1,0
2024,2024-06-10,746295,Kansas City Royals,1,2,7,0,9,0,-2,0
2024,2024-06-10,746295,New York Yankees,0,4,9,0,7,0,2,1
2024,2024-06-10,745982,Milwaukee Brewers,1,3,6,0,4,0,2,1
2024,2024-06-10,745982,Toronto Blue Jays,0,1,4,0,6,0,-2,0
2024,2024-06-10,745409,San Diego Padres,1,6,10,0,8,1,2,1
2024,2024-06-10,745409,Oakland Athletics,0,1,8,1,10,0,-2,0
2024,2024-06-10,745248,Seattle Mariners,1,8,11,0,9,0,2,1
2024,2024-06-10,745248,Chicago White Sox,0,4,9,0,11,0,-2,0
2024,2024-06-10,745334,San Francisco Giants,1,4,9,1,9,1,0,1
2024,2024-06-10,745334,Houston Astros,0,3,9,1,9,1,0,0
2024,2024-06-11,747027,Baltimore Orioles,1,4,6,1,5,1,1,1
2024,2024-06-11,747027,Atlanta Braves,0,0,5,1,6,1,-1,0
2024,2024-06-11,746464,Detroit Tigers,1,4,6,2,5,2,1,0
2024,2024-06-11,746464,Washington Nationals,0,5,5,2,6,2,-1,1
2024,2024-06-11,745077,Tampa Bay Rays,1,5,8,1,10,0,-2,1
2024,2024-06-11,745077,Chicago Cubs,0,2,10,0,8,1,2,0
2024,2024-06-11,746702,Cincinnati Reds,1,3,6,0,9,1,-3,0
2024,2024-06-11,746702,Cleveland Guardians,0,5,9,1,6,0,3,1
2024,2024-06-11,746951,Boston Red Sox,1,1,4,2,7,1,-3,0
2024,2024-06-11,746951,Philadelphia Phillies,0,4,7,1,4,2,3,1
2024,2024-06-11,745815,New York Mets,1,2,4,1,6,0,-2,0
2024,2024-06-11,745815,Miami Marlins,0,4,6,0,4,1,2,1
2024,2024-06-11,745899,Minnesota Twins,1,4,8,2,7,0,1,0
2024,2024-06-11,745899,Colorado Rockies,0,5,7,0,8,2,-1,1
2024,2024-06-11,745170,St. Louis Cardinals,1,1,8,0,3,0,5,0
2024,2024-06-11,745170,Pittsburgh Pirates,0,2,3,0,8,0,-5,1
2024,2024-06-11,746296,Kansas City Royals,1,1,5,2,10,0,-5,0
2024,2024-06-11,746296,New York Yankees,0,10,10,0,5,2,5,1
2024,2024-06-11,745981,Milwaukee Brewers,1,0,5,1,9,0,-4,0
2024,2024-06-11,745981,Toronto Blue Jays,0,3,9,0,5,1,4,1
2024,2024-06-11,747190,Arizona Diamondbacks,1,9,15,0,11,0,4,1
2024,2024-06-11,747190,Los Angeles Angels,0,4,11,0,15,0,-4,0
2024,2024-06-11,745404,San Diego Padres,1,4,10,0,9,0,1,1
2024,2024-06-11,745404,Oakland Athletics,0,3,9,0,10,0,-1,0
2024,2024-06-11,745244,Seattle Mariners,1,4,5,1,10,2,-5,1
2024,2024-06-11,745244,Chicago White Sox,0,3,10,2,5,1,5,0
2024,2024-06-11,745327,San Francisco Giants,1,1,3,1,7,0,-4,0
2024,2024-06-11,745327,Houston Astros,0,3,7,0,3,1,4,1
2024,2024-06-11,746139,Los Angeles Dodgers,1,15,14,0,5,0,9,1
2024,2024-06-11,746139,Texas Rangers,0,2,5,0,14,0,-9,0
2024,2024-06-12,745896,Minnesota Twins,1,17,24,2,12,1,12,1
2024,2024-06-12,745896,Colorado Rockies,0,9,12,1,24,2,-12,0
2024,2024-06-12,745978,Milwaukee Brewers,1,5,11,0,7,1,4,1
2024,2024-06-12,745978,Toronto Blue Jays,0,4,7,1,11,0,-4,0
2024,2024-06-12,745328,San Francisco Giants,1,5,10,0,9,2,1,1
2024,2024-06-12,745328,Houston Astros,0,3,9,2,10,0,-1,0
2024,2024-06-12,745405,San Diego Padres,1,5,6,0,10,1,-4,1
2024,2024-06-12,745405,Oakland Athletics,0,4,10,1,6,0,4,0
2024,2024-06-12,747028,Baltimore Orioles,1,4,9,1,7,1,2,1
2024,2024-06-12,747028,Atlanta Braves,0,2,7,1,9,1,-2,0
2024,2024-06-12,746462,Detroit Tigers,1,5,12,2,13,1,-1,0
2024,2024-06-12,746462,Washington Nationals,0,7,13,1,12,2,1,1
2024,2024-06-12,745079,Tampa Bay Rays,1,3,7,0,9,0,-2,0
2024,2024-06-12,745079,Chicago Cubs,0,4,9,0,7,0,2,1
2024,2024-06-12,746701,Cincinnati Reds,1,4,6,0,7,0,-1,1
2024,2024-06-12,746701,Cleveland Guardians,0,2,7,0,6,0,1,0
2024,2024-06-12,746948,Boston Red Sox,1,8,13,0,9,1,4,1
2024,2024-06-12,746948,Philadelphia Phillies,0,6,9,1,13,0,-4,0
2024,2024-06-12,745811,New York Mets,1,10,14,0,9,2,5,1
2024,2024-06-12,745811,Miami Marlins,0,4,9,2,14,0,-5,0
2024,2024-06-12,745171,St. Louis Cardinals,1,4,11,1,6,0,5,1
2024,2024-06-12,745171,Pittsburgh Pirates,0,2,6,0,11,1,-5,0
2024,2024-06-12,746294,Kansas City Royals,1,5,11,0,11,0,0,0
2024,2024-06-12,746294,New York Yankees,0,11,11,0,11,0,0,1
2024,2024-06-12,747193,Arizona Diamondbacks,1,3,6,0,14,0,-8,0
2024,2024-06-12,747193,Los Angeles Angels,0,8,14,0,6,0,8,1
2024,2024-06-12,745246,Seattle Mariners,1,2,6,0,3,0,3,1
2024,2024-06-12,745246,Chicago White Sox,0,1,3,0,6,0,-3,0
2024,2024-06-12,746137,Los Angeles Dodgers,1,2,7,2,8,0,-1,0
2024,2024-06-12,746137,Texas Rangers,0,3,8,0,7,2,1,1
2024,2024-06-13,747026,Baltimore Orioles,1,3,6,2,12,0,-6,0
2024,2024-06-13,747026,Atlanta Braves,0,6,12,0,6,2,6,1
2024,2024-06-13,746465,Detroit Tigers,1,7,10,0,5,0,5,1
2024,2024-06-13,746465,Washington Nationals,0,2,5,0,10,0,-5,0
2024,2024-06-13,746299,Kansas City Royals,1,4,9,1,5,0,4,1
2024,2024-06-13,746299,New York Yankees,0,3,5,0,9,1,-4,0
2024,2024-06-13,745168,St. Louis Cardinals,1,4,8,0,7,0,1,1
2024,2024-06-13,745168,Pittsburgh Pirates,0,3,7,0,8,0,-1,0
2024,2024-06-13,745075,Tampa Bay Rays,1,3,7,1,3,2,4,1
2024,2024-06-13,745075,Chicago Cubs,0,2,3,2,7,1,-4,0
2024,2024-06-13,746944,Boston Red Sox,1,9,14,0,10,0,4,1
2024,2024-06-13,746944,Philadelphia Phillies,0,3,10,0,14,0,-4,0
2024,2024-06-13,745809,New York Mets,1,3,3,0,8,0,-5,1
2024,2024-06-13,745809,Miami Marlins,0,2,8,0,3,0,5,0
2024,2024-06-13,745894,Minnesota Twins,1,6,13,0,4,0,9,1
2024,2024-06-13,745894,Oakland Athletics,0,2,4,0,13,0,-9,0
2024,2024-06-13,747192,Arizona Diamondbacks,1,11,9,0,6,0,3,1
2024,2024-06-13,747192,Los Angeles Angels,0,1,6,0,9,0,-3,0
2024,2024-06-13,745245,Seattle Mariners,1,2,3,0,8,0,-5,0
2024,2024-06-13,745245,Chicago White Sox,0,3,8,0,3,0,5,1
2024,2024-06-13,746136,Los Angeles Dodgers,1,1,5,0,7,0,-2,0
2024,2024-06-13,746136,Texas Rangers,0,3,7,0,5,0,2,1
2024,2024-06-14,746869,Chicago Cubs,1,0,3,0,9,0,-6,0
2024,2024-06-14,746869,St. Louis Cardinals,0,3,9,0,3,0,6,1
2024,2024-06-14,746947,Boston Red Sox,1,1,5,2,10,0,-5,0
2024,2024-06-14,746947,New York Yankees,0,8,10,0,5,2,5,1
2024,2024-06-14,744847,Washington Nationals,1,8,12,1,7,2,5,1
2024,2024-06-14,744847,Miami Marlins,0,1,7,2,12,1,-5,0
2024,2024-06-14,747025,Baltimore Orioles,1,3,8,0,7,0,1,0
2024,2024-06-14,747025,Philadelphia Phillies,0,5,7,0,8,0,-1,1
2024,2024-06-14,744924,Toronto Blue Jays,1,1,3,0,9,0,-6,0
2024,2024-06-14,744924,Cleveland Guardians,0,3,9,0,3,0,6,1
2024,2024-06-14,745810,New York Mets,1,2,4,1,5,0,-1,1
2024,2024-06-14,745810,San Diego Padres,0,1,5,0,4,1,1,0
2024,2024-06-14,747112,Atlanta Braves,1,7,12,0,8,2,4,1
2024,2024-06-14,747112,Tampa Bay Rays,0,3,8,2,12,0,-4,0
2024,2024-06-14,746378,Houston Astros,1,4,6,0,5,0,1,1
2024,2024-06-14,746378,Detroit Tigers,0,0,5,0,6,0,-1,0
2024,2024-06-14,745892,Minnesota Twins,1,6,10,1,5,1,5,1
2024,2024-06-14,745892,Oakland Athletics,0,5,5,1,10,1,-5,0
2024,2024-06-14,745979,Milwaukee Brewers,1,5,8,0,10,5,-2,0
2024,2024-06-14,745979,Cincinnati Reds,0,6,10,5,8,0,2,1
2024,2024-06-14,746545,Colorado Rockies,1,2,9,0,9,0,0,0
2024,2024-06-14,746545,Pittsburgh Pirates,0,5,9,0,9,0,0,1
2024,2024-06-14,747191,Arizona Diamondbacks,1,7,10,0,8,2,2,1
2024,2024-06-14,747191,Chicago White Sox,0,1,8,2,10,0,-2,0
2024,2024-06-14,746134,Los Angeles Dodgers,1,4,8,0,5,1,3,1
2024,2024-06-14,746134,Kansas City Royals,0,3,5,1,8,0,-3,0
2024,2024-06-14,745247,Seattle Mariners,1,3,8,0,5,1,3,1
2024,2024-06-14,745247,Texas Rangers,0,2,5,1,8,0,-3,0
2024,2024-06-14,745326,San Francisco Giants,1,6,10,1,11,0,-1,0
2024,2024-06-14,745326,Los Angeles Angels,0,8,11,0,10,1,1,1
2024,2024-06-15,746865,Chicago Cubs,1,5,9,0,4,1,5,1
2024,2024-06-15,746865,St. Louis Cardinals,0,1,4,1,9,0,-5,0
2024,2024-06-15,744925,Toronto Blue Jays,1,5,7,1,8,0,-1,1
2024,2024-06-15,744925,Cleveland Guardians,0,0,8,0,7,1,1,0
2024,2024-06-15,745329,San Francisco Giants,1,3,10,1,6,1,4,0
2024,2024-06-15,745329,Los Angeles Angels,0,4,6,1,10,1,-4,1
2024,2024-06-15,747024,Baltimore Orioles,1,6,11,0,7,1,4,1
2024,2024-06-15,747024,Philadelphia Phillies,0,2,7,1,11,0,-4,0
2024,2024-06-15,744846,Washington Nationals,1,4,9,0,4,0,5,1
2024,2024-06-15,744846,Miami Marlins,0,0,4,0,9,0,-5,0
2024,2024-06-15,746381,Houston Astros,1,5,10,1,19,0,-9,0
2024,2024-06-15,746381,Detroit Tigers,0,13,19,0,10,1,9,1
2024,2024-06-15,745805,New York Mets,1,5,10,1,2,0,8,1
2024,2024-06-15,745805,San Diego Padres,0,1,2,0,10,1,-8,0
2024,2024-06-15,747113,Atlanta Braves,1,9,11,0,6,0,5,1
2024,2024-06-15,747113,Tampa Bay Rays,0,2,6,0,11,0,-5,0
2024,2024-06-15,745976,Milwaukee Brewers,1,3,4,0,5,0,-1,1
2024,2024-06-15,745976,Cincinnati Reds,0,1,5,0,4,0,1,0
2024,2024-06-15,745241,Seattle Mariners,1,7,7,1,9,1,-2,1
2024,2024-06-15,745241,Texas Rangers,0,5,9,1,7,1,2,0
2024,2024-06-15,746946,Boston Red Sox,1,8,12,1,6,1,6,1
2024,2024-06-15,746946,New York Yankees,0,4,6,1,12,1,-6,0
2024,2024-06-15,746135,Los Angeles Dodgers,1,2,6,0,7,0,-1,0
2024,2024-06-15,746135,Kansas City Royals,0,7,7,0,6,0,1,1
2024,2024-06-15,746547,Colorado Rockies,1,16,16,1,10,1,6,1
2024,2024-06-15,746547,Pittsburgh Pirates,0,4,10,1,16,1,-6,0
2024,2024-06-15,747187,Arizona Diamondbacks,1,2,10,1,12,0,-2,0
2024,2024-06-15,747187,Chicago White Sox,0,9,12,0,10,1,2,1
2024,2024-06-16,746866,Chicago Cubs,1,1,5,0,9,0,-4,0
2024,2024-06-16,746866,St. Louis Cardinals,0,2,9,0,5,0,4,1
2024,2024-06-16,747023,Baltimore Orioles,1,8,10,3,10,1,0,1
2024,2024-06-16,747023,Philadelphia Phillies,0,3,10,1,10,3,0,0
2024,2024-06-16,747109,Atlanta Braves,1,6,9,0,8,2,1,0
2024,2024-06-16,747109,Tampa Bay Rays,0,8,8,2,9,0,-1,1
2024,2024-06-16,744839,Washington Nationals,1,3,9,1,8,0,1,1
2024,2024-06-16,744839,Miami Marlins,0,1,8,0,9,1,-1,0
2024,2024-06-16,744926,Toronto Blue Jays,1,7,11,0,13,0,-2,1
2024,2024-06-16,744926,Cleveland Guardians,0,6,13,0,11,0,2,0
2024,2024-06-16,745807,New York Mets,1,11,14,2,10,0,4,1
2024,2024-06-16,745807,San Diego Padres,0,6,10,0,14,2,-4,0
2024,2024-06-16,746377,Houston Astros,1,4,5,1,3,0,2,1
2024,2024-06-16,746377,Detroit Tigers,0,1,3,0,5,1,-2,0
2024,2024-06-16,745895,Minnesota Twins,1,6,12,0,9,0,3,1
2024,2024-06-16,745895,Oakland Athletics,0,2,9,0,12,0,-3,0
2024,2024-06-16,745891,Minnesota Twins,1,8,14,1,11,0,3,1
2024,2024-06-16,745891,Oakland Athletics,0,7,11,0,14,1,-3,0
2024,2024-06-16,745977,Milwaukee Brewers,1,5,8,3,8,1,0,1
2024,2024-06-16,745977,Cincinnati Reds,0,4,8,1,8,3,0,0
2024,2024-06-16,746546,Colorado Rockies,1,2,9,0,15,0,-6,0
2024,2024-06-16,746546,Pittsburgh Pirates,0,8,15,0,9,0,6,1
2024,2024-06-16,745321,San Francisco Giants,1,13,16,0,9,2,7,1
2024,2024-06-16,745321,Los Angeles Angels,0,6,9,2,16,0,-7,0
2024,2024-06-16,746130,Los Angeles Dodgers,1,3,5,0,3,0,2,1
2024,2024-06-16,746130,Kansas City Royals,0,0,3,0,5,0,-2,0
2024,2024-06-16,745242,Seattle Mariners,1,5,6,0,2,0,4,1
2024,2024-06-16,745242,Texas Rangers,0,0,2,0,6,0,-4,0
2024,2024-06-16,747189,Arizona Diamondbacks,1,12,9,1,11,0,-2,1
2024,2024-06-16,747189,Chicago White Sox,0,5,11,0,9,1,2,0
2024,2024-06-16,746945,Boston Red Sox,1,9,14,1,6,1,8,1
2024,2024-06-16,746945,New York Yankees,0,3,6,1,14,1,-8,0
2024,2024-06-17,745490,Pittsburgh Pirates,1,4,8,0,7,1,1,1
2024,2024-06-17,745490,Cincinnati Reds,0,1,7,1,8,0,-1,0
2024,2024-06-17,745567,Philadelphia Phillies,1,9,18,1,7,0,11,1
2024,2024-06-17,745567,San Diego Padres,0,2,7,0,18,1,-11,0
2024,2024-06-17,746055,Miami Marlins,1,6,8,1,10,0,-2,0
2024,2024-06-17,746055,St. Louis Cardinals,0,7,10,0,8,1,2,1
2024,2024-06-17,744918,Toronto Blue Jays,1,3,10,1,11,0,-1,0
2024,2024-06-17,744918,Boston Red Sox,0,7,11,0,10,1,1,1
2024,2024-06-17,747108,Atlanta Braves,1,2,7,0,5,0,2,1
2024,2024-06-17,747108,Detroit Tigers,0,1,5,0,7,0,-2,0
2024,2024-06-17,746868,Chicago Cubs,1,6,10,0,9,0,1,0
2024,2024-06-17,746868,San Francisco Giants,0,7,9,0,10,0,-1,1
2024,2024-06-17,745005,Texas Rangers,1,2,6,0,22,0,-16,0
2024,2024-06-17,745005,New York Mets,0,14,22,0,6,0,16,1
2024,2024-06-17,746543,Colorado Rockies,1,5,6,0,14,1,-8,0
2024,2024-06-17,746543,Los Angeles Dodgers,0,9,14,1,6,0,8,1
2024,2024-06-17,746215,Los Angeles Angels,1,5,7,1,5,1,2,1
2024,2024-06-17,746215,Milwaukee Brewers,0,3,5,1,7,1,-2,0
2024,2024-06-18,746049,Miami Marlins,1,9,15,1,10,1,5,1
2024,2024-06-18,746049,St. Louis Cardinals,0,8,10,1,15,1,-5,0
2024,2024-06-18,745488,Pittsburgh Pirates,1,1,4,0,9,0,-5,0
2024,2024-06-18,745488,Cincinnati Reds,0,2,9,0,4,0,5,1
2024,2024-06-18,746627,Cleveland Guardians,1,5,10,0,11,1,-1,0
2024,2024-06-18,746627,Seattle Mariners,0,8,11,1,10,0,1,1
2024,2024-06-18,745563,Philadelphia Phillies,1,4,13,0,4,0,9,1
2024,2024-06-18,745563,San Diego Padres,0,3,4,0,13,0,-9,0
2024,2024-06-18,744843,Washington Nationals,1,0,4,1,14,0,-10,0
2024,2024-06-18,744843,Arizona Diamondbacks,0,5,14,0,4,1,10,1
2024,2024-06-18,745733,New York Yankees,1,4,6,0,8,0,-2,1
2024,2024-06-18,745733,Baltimore Orioles,0,2,8,0,6,0,2,0
2024,2024-06-18,744917,Toronto Blue Jays,1,3,7,0,12,1,-5,0
2024,2024-06-18,744917,Boston Red Sox,0,4,12,1,7,0,5,1
2024,2024-06-18,747107,Atlanta Braves,1,2,5,0,5,2,0,1
2024,2024-06-18,747107,Detroit Tigers,0,1,5,2,5,0,0,0
2024,2024-06-18,745893,Minnesota Twins,1,7,13,0,8,1,5,1
2024,2024-06-18,745893,Tampa Bay Rays,0,6,8,1,13,0,-5,0
2024,2024-06-18,746867,Chicago Cubs,1,5,11,0,4,0,7,1
2024,2024-06-18,746867,San Francisco Giants,0,2,4,0,11,0,-7,0
2024,2024-06-18,745004,Texas Rangers,1,6,9,0,10,0,-1,0
2024,2024-06-18,745004,New York Mets,0,7,10,0,9,0,1,1
2024,2024-06-18,746783,Chicago White Sox,1,2,2,0,7,0,-5,1
2024,2024-06-18,746783,Houston Astros,0,0,7,0,2,0,5,0
2024,2024-06-18,746542,Colorado Rockies,1,9,11,0,9,0,2,0
2024,2024-06-18,746542,Los Angeles Dodgers,0,11,9,0,11,0,-2,1
2024,2024-06-18,746217,Los Angeles Angels,1,3,9,3,8,0,1,0
2024,2024-06-18,746217,Milwaukee Brewers,0,6,8,0,9,3,-1,1
2024,2024-06-18,745650,Oakland Athletics,1,7,11,1,7,0,4,1
2024,2024-06-18,745650,Kansas City Royals,0,5,7,0,11,1,-4,0
2024,2024-06-19,747106,Atlanta Braves,1,7,12,0,8,2,4,1
2024,2024-06-19,747106,Detroit Tigers,0,0,8,2,12,0,-4,0
2024,2024-06-19,745489,Pittsburgh Pirates,1,1,3,0,2,0,1,1
2024,2024-06-19,745489,Cincinnati Reds,0,0,2,0,3,0,-1,0
2024,2024-06-19,746050,Miami Marlins,1,4,8,1,10,0,-2,1
2024,2024-06-19,746050,St. Louis Cardinals,0,3,10,0,8,1,2,0
2024,2024-06-19,745561,Philadelphia Phillies,1,2,6,2,12,0,-6,0
2024,2024-06-19,745561,San Diego Padres,0,5,12,0,6,2,6,1
2024,2024-06-19,746864,Chicago Cubs,1,6,11,0,6,3,5,1
2024,2024-06-19,746864,San Francisco Giants,0,5,6,3,11,0,-5,0
2024,2024-06-19,744842,Washington Nationals,1,3,6,1,4,0,2,1
2024,2024-06-19,744842,Arizona Diamondbacks,0,1,4,0,6,1,-2,0
2024,2024-06-19,746625,Cleveland Guardians,1,8,9,0,3,0,6,1
2024,2024-06-19,746625,Seattle Mariners,0,0,3,0,9,0,-6,0
2024,2024-06-19,745732,New York Yankees,1,6,9,3,11,0,-2,0
2024,2024-06-19,745732,Baltimore Orioles,0,7,11,0,9,3,2,1
2024,2024-06-19,744920,Toronto Blue Jays,1,3,10,4,10,0,0,0
2024,2024-06-19,744920,Boston Red Sox,0,7,10,0,10,4,0,1
2024,2024-06-19,745887,Minnesota Twins,1,2,9,2,8,0,1,0
2024,2024-06-19,745887,Tampa Bay Rays,0,3,8,0,9,2,-1,1
2024,2024-06-19,745002,Texas Rangers,1,5,5,0,5,0,0,1
2024,2024-06-19,745002,New York Mets,0,3,5,0,5,0,0,0
2024,2024-06-19,746781,Chicago White Sox,1,1,8,0,12,0,-4,0
2024,2024-06-19,746781,Houston Astros,0,4,12,0,8,0,4,1
2024,2024-06-19,746538,Colorado Rockies,1,7,10,0,10,1,0,1
2024,2024-06-19,746538,Los Angeles Dodgers,0,6,10,1,10,0,0,0
2024,2024-06-19,746219,Los Angeles Angels,1,0,4,0,6,1,-2,0
2024,2024-06-19,746219,Milwaukee Brewers,0,2,6,1,4,0,2,1
2024,2024-06-19,745646,Oakland Athletics,1,5,8,0,8,1,0,1
2024,2024-06-19,745646,Kansas City Royals,0,1,8,1,8,0,0,0
2024,2024-06-20,744841,Washington Nationals,1,2,4,1,12,0,-8,0
2024,2024-06-20,744841,Arizona Diamondbacks,0,5,12,0,4,1,8,1
2024,2024-06-20,746626,Cleveland Guardians,1,6,9,0,5,0,4,1
2024,2024-06-20,746626,Seattle Mariners,0,3,5,0,9,0,-4,0
2024,2024-06-20,745889,Minnesota Twins,1,6,10,0,11,0,-1,0
2024,2024-06-20,745889,Tampa Bay Rays,0,7,11,0,10,0,1,1
2024,2024-06-20,746782,Chicago White Sox,1,3,6,2,11,0,-5,0
2024,2024-06-20,746782,Houston Astros,0,5,11,0,6,2,5,1
2024,2024-06-20,746539,Colorado Rockies,1,3,6,0,12,0,-6,0
2024,2024-06-20,746539,Los Angeles Dodgers,0,5,12,0,6,0,6,1
2024,2024-06-20,745645,Oakland Athletics,1,2,9,0,7,1,2,0
2024,2024-06-20,745645,Kansas City Royals,0,3,7,1,9,0,-2,1
2024,2024-06-20,745734,New York Yankees,1,5,6,2,20,0,-14,0
2024,2024-06-20,745734,Baltimore Orioles,0,17,20,0,6,2,14,1
2024,2024-06-20,745164,St. Louis Cardinals,1,6,7,0,11,0,-4,1
2024,2024-06-20,745164,San Francisco Giants,0,5,11,0,7,0,4,0
2024,2024-06-20,745401,San Diego Padres,1,7,10,0,9,0,1,1
2024,2024-06-20,745401,Milwaukee Brewers,0,6,9,0,10,0,-1,0
2024,2024-06-21,746861,Chicago Cubs,1,1,6,0,14,1,-8,0
2024,2024-06-21,746861,New York Mets,0,11,14,1,6,0,8,1
2024,2024-06-21,745483,Pittsburgh Pirates,1,3,5,0,17,0,-12,0
2024,2024-06-21,745483,Tampa Bay Rays,0,10,17,0,5,0,12,1
2024,2024-06-21,745562,Philadelphia Phillies,1,4,7,1,9,0,-2,0
2024,2024-06-21,745562,Arizona Diamondbacks,0,5,9,0,7,1,2,1
2024,2024-06-21,746460,Detroit Tigers,1,2,5,0,6,0,-1,1
2024,2024-06-21,746460,Chicago White Sox,0,1,6,0,5,0,1,0
2024,2024-06-21,745729,New York Yankees,1,1,3,1,14,0,-11,0
2024,2024-06-21,745729,Atlanta Braves,0,8,14,0,3,1,11,1
2024,2024-06-21,746698,Cincinnati Reds,1,5,7,0,6,3,1,1
2024,2024-06-21,746698,Boston Red Sox,0,2,6,3,7,0,-1,0
2024,2024-06-21,746624,Cleveland Guardians,1,7,5,0,6,1,-1,1
2024,2024-06-21,746624,Toronto Blue Jays,0,1,6,1,5,0,1,0
2024,2024-06-21,746052,Miami Marlins,1,3,7,0,6,0,1,1
2024,2024-06-21,746052,Seattle Mariners,0,2,6,0,7,0,-1,0
2024,2024-06-21,745006,Texas Rangers,1,6,9,0,6,0,3,1
2024,2024-06-21,745006,Kansas City Royals,0,2,6,0,9,0,-3,0
2024,2024-06-21,746375,Houston Astros,1,14,14,0,18,2,-4,1
2024,2024-06-21,746375,Baltimore Orioles,0,11,18,2,14,0,4,0
2024,2024-06-21,746540,Colorado Rockies,1,5,11,0,19,2,-8,0
2024,2024-06-21,746540,Washington Nationals,0,11,19,2,11,0,8,1
2024,2024-06-21,745649,Oakland Athletics,1,6,9,0,10,0,-1,1
2024,2024-06-21,745649,Minnesota Twins,0,5,10,0,9,0,1,0
2024,2024-06-21,745403,San Diego Padres,1,9,15,2,11,1,4,1
2024,2024-06-21,745403,Milwaukee Brewers,0,5,11,1,15,2,-4,0
2024,2024-06-21,746131,Los Angeles Dodgers,1,2,5,0,4,0,1,0
2024,2024-06-21,746131,Los Angeles Angels,0,3,4,0,5,0,-1,1
2024,2024-06-22,746459,Detroit Tigers,1,1,5,0,12,0,-7,0
2024,2024-06-22,746459,Chicago White Sox,0,5,12,0,5,0,7,1
2024,2024-06-22,745163,St. Louis Cardinals,1,9,14,0,10,0,4,1
2024,2024-06-22,745163,San Francisco Giants,0,4,10,0,14,0,-4,0
2024,2024-06-22,746863,Chicago Cubs,1,8,9,0,7,1,2,1
2024,2024-06-22,746863,New York Mets,0,1,7,1,9,0,-2,0
2024,2024-06-22,745486,Pittsburgh Pirates,1,4,5,0,5,0,0,1
2024,2024-06-22,745486,Tampa Bay Rays,0,3,5,0,5,0,0,0
2024,2024-06-22,744997,Texas Rangers,1,6,7,0,3,1,4,1
2024,2024-06-22,744997,Kansas City Royals,0,0,3,1,7,0,-4,0
2024,2024-06-22,745564,Philadelphia Phillies,1,12,14,0,2,0,12,1
2024,2024-06-22,745564,Arizona Diamondbacks,0,1,2,0,14,0,-12,0
2024,2024-06-22,745644,Oakland Athletics,1,2,4,1,16,0,-12,0
2024,2024-06-22,745644,Minnesota Twins,0,10,16,0,4,1,12,1
2024,2024-06-22,746700,Cincinnati Reds,1,3,11,1,9,0,2,0
2024,2024-06-22,746700,Boston Red Sox,0,4,9,0,11,1,-2,1
2024,2024-06-22,746376,Houston Astros,1,5,6,0,4,0,2,1
2024,2024-06-22,746376,Baltimore Orioles,0,1,4,0,6,0,-2,0
2024,2024-06-22,746622,Cleveland Guardians,1,6,8,0,4,0,4,1
2024,2024-06-22,746622,Toronto Blue Jays,0,3,4,0,8,0,-4,0
2024,2024-06-22,746048,Miami Marlins,1,0,4,1,15,2,-11,0
2024,2024-06-22,746048,Seattle Mariners,0,9,15,2,4,1,11,1
2024,2024-06-22,745731,New York Yankees,1,8,9,1,4,0,5,1
2024,2024-06-22,745731,Atlanta Braves,0,3,4,0,9,1,-5,0
2024,2024-06-22,745402,San Diego Padres,1,6,10,0,10,0,0,1
2024,2024-06-22,745402,Milwaukee Brewers,0,4,10,0,10,0,0,0
2024,2024-06-22,746541,Colorado Rockies,1,8,12,2,11,0,1,1
2024,2024-06-22,746541,Washington Nationals,0,7,11,0,12,2,-1,0
2024,2024-06-22,746132,Los Angeles Dodgers,1,7,9,0,3,0,6,1
2024,2024-06-22,746132,Los Angeles Angels,0,2,3,0,9,0,-6,0
2024,2024-06-23,745566,Philadelphia Phillies,1,4,11,0,6,1,5,1
2024,2024-06-23,745566,Arizona Diamondbacks,0,1,6,1,11,0,-5,0
2024,2024-06-23,745485,Pittsburgh Pirates,1,1,3,0,9,0,-6,0
2024,2024-06-23,745485,Tampa Bay Rays,0,3,9,0,3,0,6,1
2024,2024-06-23,745727,New York Yankees,1,1,7,0,6,0,1,0
2024,2024-06-23,745727,Atlanta Braves,0,3,6,0,7,0,-1,1
2024,2024-06-23,746699,Cincinnati Reds,1,4,10,1,10,0,0,0
2024,2024-06-23,746699,Boston Red Sox,0,7,10,0,10,1,0,1
2024,2024-06-23,746621,Cleveland Guardians,1,6,13,0,9,2,4,1
2024,2024-06-23,746621,Toronto Blue Jays,0,5,9,2,13,0,-4,0
2024,2024-06-23,746457,Detroit Tigers,1,11,16,0,6,1,10,1
2024,2024-06-23,746457,Chicago White Sox,0,2,6,1,16,0,-10,0
2024,2024-06-23,746051,Miami Marlins,1,6,7,0,7,0,0,1
2024,2024-06-23,746051,Seattle Mariners,0,4,7,0,7,0,0,0
2024,2024-06-23,746373,Houston Astros,1,8,15,0,7,0,8,1
2024,2024-06-23,746373,Baltimore Orioles,0,1,7,0,15,0,-8,0
2024,2024-06-23,745165,St. Louis Cardinals,1,5,11,0,2,0,9,1
2024,2024-06-23,745165,San Francisco Giants,0,3,2,0,11,0,-9,0
2024,2024-06-23,745000,Texas Rangers,1,4,10,0,2,1,8,1
2024,2024-06-23,745000,Kansas City Royals,0,0,2,1,10,0,-8,0
2024,2024-06-23,746536,Colorado Rockies,1,1,5,1,4,0,1,0
2024,2024-06-23,746536,Washington Nationals,0,2,4,0,5,1,-1,1
2024,2024-06-23,745648,Oakland Athletics,1,0,3,0,6,0,-3,0
2024,2024-06-23,745648,Minnesota Twins,0,3,6,0,3,0,3,1
2024,2024-06-23,745396,San Diego Padres,1,2,8,0,14,1,-6,0
2024,2024-06-23,745396,Milwaukee Brewers,0,6,14,1,8,0,6,1
2024,2024-06-23,746862,Chicago Cubs,1,2,7,1,9,0,-2,0
2024,2024-06-23,746862,New York Mets,0,5,9,0,7,1,2,1
2024,2024-06-24,747021,Baltimore Orioles,1,2,5,0,8,1,-3,0
2024,2024-06-24,747021,Cleveland Guardians,0,3,8,1,5,0,3,1
2024,2024-06-24,746458,Detroit Tigers,1,1,7,1,15,0,-8,0
2024,2024-06-24,746458,Philadelphia Phillies,0,8,15,0,7,1,8,1
2024,2024-06-24,745078,Tampa Bay Rays,1,4,11,0,3,1,8,1
2024,2024-06-24,745078,Seattle Mariners,0,3,3,1,11,0,-8,0
2024,2024-06-24,746696,Cincinnati Reds,1,11,12,1,10,1,2,1
2024,2024-06-24,746696,Pittsburgh Pirates,0,5,10,1,12,1,-2,0
2024,2024-06-24,746941,Boston Red Sox,1,7,12,1,9,0,3,1
2024,2024-06-24,746941,Toronto Blue Jays,0,6,9,0,12,1,-3,0
2024,2024-06-24,745160,St. Louis Cardinals,1,4,11,0,6,0,5,1
2024,2024-06-24,745160,Atlanta Braves,0,3,6,0,11,0,-5,0
2024,2024-06-24,746780,Chicago White Sox,1,0,5,1,9,0,-4,0
2024,2024-06-24,746780,Los Angeles Dodgers,0,3,9,0,5,1,4,1
2024,2024-06-24,746298,Kansas City Royals,1,4,6,1,4,0,2,1
2024,2024-06-24,746298,Miami Marlins,0,1,4,0,6,1,-2,0
2024,2024-06-24,745974,Milwaukee Brewers,1,6,8,1,7,0,1,1
2024,2024-06-24,745974,Texas Rangers,0,3,7,0,8,1,-1,0
2024,2024-06-24,746218,Los Angeles Angels,1,5,9,0,6,0,3,1
2024,2024-06-24,746218,Oakland Athletics,0,1,6,0,9,0,-3,0
2024,2024-06-24,745397,San Diego Padres,1,7,8,0,11,0,-3,1
2024,2024-06-24,745397,Washington Nationals,0,6,11,0,8,0,3,0
2024,2024-06-24,745323,San Francisco Giants,1,5,9,0,10,0,-1,1
2024,2024-06-24,745323,Chicago Cubs,0,4,10,0,9,0,1,0
2024,2024-06-25,747022,Baltimore Orioles,1,8,16,1,14,0,2,0
2024,2024-06-25,747022,Cleveland Guardians,0,10,14,0,16,1,-2,1
2024,2024-06-25,746454,Detroit Tigers,1,4,8,1,4,1,4,1
2024,2024-06-25,746454,Philadelphia Phillies,0,1,4,1,8,1,-4,0
2024,2024-06-25,745076,Tampa Bay Rays,1,11,11,0,6,2,5,1
2024,2024-06-25,745076,Seattle Mariners,0,3,6,2,11,0,-5,0
2024,2024-06-25,746697,Cincinnati Reds,1,5,9,0,10,2,-1,0
2024,2024-06-25,746697,Pittsburgh Pirates,0,9,10,2,9,0,1,1
2024,2024-06-25,746943,Boston Red Sox,1,4,5,3,11,2,-6,0
2024,2024-06-25,746943,Toronto Blue Jays,0,9,11,2,5,3,6,1
2024,2024-06-25,745806,New York Mets,1,9,12,1,7,2,5,1
2024,2024-06-25,745806,New York Yankees,0,7,7,2,12,1,-5,0
2024,2024-06-25,746372,Houston Astros,1,5,9,1,6,0,3,1
2024,2024-06-25,746372,Colorado Rockies,0,2,6,0,9,1,-3,0
2024,2024-06-25,746775,Chicago White Sox,1,3,8,0,7,0,1,0
2024,2024-06-25,746775,Los Angeles Dodgers,0,4,7,0,8,0,-1,1
2024,2024-06-25,746293,Kansas City Royals,1,1,4,1,7,0,-3,0
2024,2024-06-25,746293,Miami Marlins,0,2,7,0,4,1,3,1
2024,2024-06-25,745973,Milwaukee Brewers,1,3,8,0,5,0,3,1
2024,2024-06-25,745973,Texas Rangers,0,1,5,0,8,0,-3,0
2024,2024-06-25,746213,Los Angeles Angels,1,7,9,2,9,0,0,1
2024,2024-06-25,746213,Oakland Athletics,0,5,9,0,9,2,0,0
2024,2024-06-25,745399,San Diego Padres,1,9,9,2,9,0,0,1
2024,2024-06-25,745399,Washington Nationals,0,7,9,0,9,2,0,0
2024,2024-06-25,747188,Arizona Diamondbacks,1,5,8,1,6,0,2,1
2024,2024-06-25,747188,Minnesota Twins,0,4,6,0,8,1,-2,0
2024,2024-06-25,745322,San Francisco Giants,1,5,8,0,4,0,4,1
2024,2024-06-25,745322,Chicago Cubs,0,1,4,0,8,0,-4,0
2024,2024-06-26,745073,Tampa Bay Rays,1,2,5,0,5,0,0,0
2024,2024-06-26,745073,Seattle Mariners,0,5,5,0,5,0,0,1
2024,2024-06-26,746695,Cincinnati Reds,1,1,4,0,10,0,-6,0
2024,2024-06-26,746695,Pittsburgh Pirates,0,6,10,0,4,0,6,1
2024,2024-06-26,746456,Detroit Tigers,1,2,4,0,12,0,-8,0
2024,2024-06-26,746456,Philadelphia Phillies,0,6,12,0,4,0,8,1
2024,2024-06-26,745157,St. Louis Cardinals,1,2,4,0,9,0,-5,0
2024,2024-06-26,745157,Atlanta Braves,0,6,9,0,4,0,5,1
2024,2024-06-26,745158,St. Louis Cardinals,1,4,8,0,6,1,2,1
2024,2024-06-26,745158,Atlanta Braves,0,1,6,1,8,0,-2,0
2024,2024-06-26,746374,Houston Astros,1,7,10,0,4,4,6,1
2024,2024-06-26,746374,Colorado Rockies,0,1,4,4,10,0,-6,0
2024,2024-06-26,746291,Kansas City Royals,1,5,10,0,5,0,5,1
2024,2024-06-26,746291,Miami Marlins,0,1,5,0,10,0,-5,0
2024,2024-06-26,745975,Milwaukee Brewers,1,6,11,0,10,1,1,1
2024,2024-06-26,745975,Texas Rangers,0,5,10,1,11,0,-1,0
2024,2024-06-26,746212,Los Angeles Angels,1,5,7,0,7,0,0,1
2024,2024-06-26,746212,Oakland Athletics,0,2,7,0,7,0,0,0
2024,2024-06-26,745400,San Diego Padres,1,8,9,0,5,1,4,1
2024,2024-06-26,745400,Washington Nationals,0,5,5,1,9,0,-4,0
2024,2024-06-26,747019,Baltimore Orioles,1,4,9,0,5,0,4,1
2024,2024-06-26,747019,Cleveland Guardians,0,2,5,0,9,0,-4,0
2024,2024-06-26,746942,Boston Red Sox,1,1,4,2,6,0,-2,0
2024,2024-06-26,746942,Toronto Blue Jays,0,4,6,0,4,2,2,1
2024,2024-06-26,745808,New York Mets,1,12,12,1,6,1,6,1
2024,2024-06-26,745808,New York Yankees,0,2,6,1,12,1,-6,0
2024,2024-06-26,746777,Chicago White Sox,1,0,4,0,6,0,-2,0
2024,2024-06-26,746777,Los Angeles Dodgers,0,4,6,0,4,0,2,1
2024,2024-06-26,747184,Arizona Diamondbacks,1,3,4,0,14,0,-10,0
2024,2024-06-26,747184,Minnesota Twins,0,8,14,0,4,0,10,1
2024,2024-06-26,745325,San Francisco Giants,1,4,6,1,9,0,-3,1
2024,2024-06-26,745325,Chicago Cubs,0,3,9,0,6,1,3,0
2024,2024-06-27,747185,Arizona Diamondbacks,1,6,9,1,14,1,-5,0
2024,2024-06-27,747185,Minnesota Twins,0,13,14,1,9,1,5,1
2024,2024-06-27,745324,San Francisco Giants,1,3,6,0,10,0,-4,0
2024,2024-06-27,745324,Chicago Cubs,0,5,10,0,6,0,4,1
2024,2024-06-27,746816,Chicago White Sox,1,1,4,1,3,0,1,1
2024,2024-06-27,746816,Atlanta Braves,0,0,3,0,4,1,-1,0
2024,2024-06-27,745565,Philadelphia Phillies,1,4,8,1,13,1,-5,0
2024,2024-06-27,745565,Miami Marlins,0,7,13,1,8,1,5,1
2024,2024-06-27,747020,Baltimore Orioles,1,11,14,0,12,0,2,1
2024,2024-06-27,747020,Texas Rangers,0,2,12,0,14,0,-2,0
2024,2024-06-27,744919,Toronto Blue Jays,1,9,11,0,3,0,8,1
2024,2024-06-27,744919,New York Yankees,0,2,3,0,11,0,-8,0
2024,2024-06-27,745162,St. Louis Cardinals,1,4,7,0,16,0,-9,0
2024,2024-06-27,745162,Cincinnati Reds,0,11,16,0,7,0,9,1
2024,2024-06-27,746288,Kansas City Royals,1,2,6,0,7,0,-1,1
2024,2024-06-27,746288,Cleveland Guardians,0,1,7,0,6,0,1,0
2024,2024-06-27,746210,Los Angeles Angels,1,5,8,0,4,0,4,1
2024,2024-06-27,746210,Detroit Tigers,0,0,4,0,8,0,-4,0
2024,2024-06-28,745560,Philadelphia Phillies,1,2,7,0,3,1,4,1
2024,2024-06-28,745560,Miami Marlins,0,0,3,1,7,0,-4,0
2024,2024-06-28,745070,Tampa Bay Rays,1,3,9,1,5,1,4,1
2024,2024-06-28,745070,Washington Nationals,0,1,5,1,9,1,-4,0
2024,2024-06-28,747017,Baltimore Orioles,1,2,5,0,4,1,1,1
2024,2024-06-28,747017,Texas Rangers,0,1,4,1,5,0,-1,0
2024,2024-06-28,744922,Toronto Blue Jays,1,5,10,1,18,0,-8,0
2024,2024-06-28,744922,New York Yankees,0,16,18,0,10,1,8,1
2024,2024-06-28,745804,New York Mets,1,7,9,0,12,1,-3,1
2024,2024-06-28,745804,Houston Astros,0,2,12,1,9,0,3,0
2024,2024-06-28,746939,Boston Red Sox,1,2,8,0,12,1,-4,0
2024,2024-06-28,746939,San Diego Padres,0,9,12,1,8,0,4,1
2024,2024-06-28,746776,Chicago White Sox,1,5,8,0,3,0,5,1
2024,2024-06-28,746776,Colorado Rockies,0,3,3,0,8,0,-5,0
2024,2024-06-28,747105,Atlanta Braves,1,6,10,0,6,0,4,1
2024,2024-06-28,747105,Pittsburgh Pirates,0,1,6,0,10,0,-4,0
2024,2024-06-28,746292,Kansas City Royals,1,10,13,1,8,0,5,1
2024,2024-06-28,746292,Cleveland Guardians,0,3,8,0,13,1,-5,0
2024,2024-06-28,745970,Milwaukee Brewers,1,4,5,1,5,1,0,1
2024,2024-06-28,745970,Chicago Cubs,0,2,5,1,5,1,0,0
2024,2024-06-28,745161,St. Louis Cardinals,1,1,4,0,4,1,0,1
2024,2024-06-28,745161,Cincinnati Reds,0,0,4,1,4,0,0,0
2024,2024-06-28,746214,Los Angeles Angels,1,5,10,0,2,0,8,1
2024,2024-06-28,746214,Detroit Tigers,0,2,2,0,10,0,-8,0
2024,2024-06-28,747183,Arizona Diamondbacks,1,4,7,0,14,0,-7,0
2024,2024-06-28,747183,Oakland Athletics,0,9,14,0,7,0,7,1
2024,2024-06-28,745238,Seattle Mariners,1,3,5,0,6,1,-1,1
2024,2024-06-28,745238,Minnesota Twins,0,2,6,1,5,0,1,0
2024,2024-06-28,745319,San Francisco Giants,1,5,8,0,7,1,1,1
2024,2024-06-28,745319,Los Angeles Dodgers,0,3,7,1,8,0,-1,0
2024,2024-06-29,746778,Chicago White Sox,1,11,12,0,4,0,8,1
2024,2024-06-29,746778,Colorado Rockies,0,3,4,0,12,0,-8,0
2024,2024-06-29,745159,St. Louis Cardinals,1,4,8,1,13,3,-5,0
2024,2024-06-29,745159,Cincinnati Reds,0,9,13,3,8,1,5,1
2024,2024-06-29,744921,Toronto Blue Jays,1,9,14,1,8,0,6,1
2024,2024-06-29,744921,New York Yankees,0,3,8,0,14,1,-6,0
2024,2024-06-29,745559,Philadelphia Phillies,1,2,5,1,8,0,-3,0
2024,2024-06-29,745559,Miami Marlins,0,3,8,0,5,1,3,1
2024,2024-06-29,746289,Kansas City Royals,1,2,6,0,9,0,-3,0
2024,2024-06-29,746289,Cleveland Guardians,0,7,9,0,6,0,3,1
2024,2024-06-29,745801,New York Mets,1,6,9,0,10,2,-1,0
2024,2024-06-29,745801,Houston Astros,0,9,10,2,9,0,1,1
2024,2024-06-29,747186,Arizona Diamondbacks,1,3,12,0,2,1,10,1
2024,2024-06-29,747186,Oakland Athletics,0,0,2,1,12,0,-10,0
2024,2024-06-29,746940,Boston Red Sox,1,1,6,3,16,0,-10,0
2024,2024-06-29,746940,San Diego Padres,0,11,16,0,6,3,10,1
2024,2024-06-29,745071,Tampa Bay Rays,1,1,2,0,13,0,-11,0
2024,2024-06-29,745071,Washington Nationals,0,8,13,0,2,0,11,1
2024,2024-06-29,747104,Atlanta Braves,1,2,7,0,7,0,0,1
2024,2024-06-29,747104,Pittsburgh Pirates,0,1,7,0,7,0,0,0
2024,2024-06-29,745972,Milwaukee Brewers,1,3,11,0,8,0,3,0
2024,2024-06-29,745972,Chicago Cubs,0,5,8,0,11,0,-3,1
2024,2024-06-29,745317,San Francisco Giants,1,7,13,0,16,1,-3,0
2024,2024-06-29,745317,Los Angeles Dodgers,0,14,16,1,13,0,3,1
2024,2024-06-29,747018,Baltimore Orioles,1,6,7,0,9,0,-2,1
2024,2024-06-29,747018,Texas Rangers,0,5,9,0,7,0,2,0
2024,2024-06-29,746211,Los Angeles Angels,1,6,9,1,7,1,2,1
2024,2024-06-29,746211,Detroit Tigers,0,5,7,1,9,1,-2,0
2024,2024-06-29,745239,Seattle Mariners,1,1,6,0,10,0,-4,0
2024,2024-06-29,745239,Minnesota Twins,0,5,10,0,6,0,4,1
2024,2024-06-30,747101,Atlanta Braves,1,2,6,1,6,0,0,0
2024,2024-06-30,747101,Pittsburgh Pirates,0,4,6,0,6,1,0,1
2024,2024-06-30,746938,Boston Red Sox,1,4,8,0,8,0,0,1
2024,2024-06-30,746938,San Diego Padres,0,1,8,0,8,0,0,0
2024,2024-06-30,745555,Philadelphia Phillies,1,7,14,3,12,2,2,1
2024,2024-06-30,745555,Miami Marlins,0,6,12,2,14,3,-2,0
2024,2024-06-30,744916,Toronto Blue Jays,1,1,4,0,12,0,-8,0
2024,2024-06-30,744916,New York Yankees,0,8,12,0,4,0,8,1
2024,2024-06-30,745802,New York Mets,1,5,5,0,15,0,-10,0
2024,2024-06-30,745802,Houston Astros,0,10,15,0,5,0,10,1
2024,2024-06-30,745072,Tampa Bay Rays,1,5,9,0,3,0,6,1
2024,2024-06-30,745072,Washington Nationals,0,0,3,0,9,0,-6,0
2024,2024-06-30,746290,Kansas City Royals,1,6,11,0,8,1,3,1
2024,2024-06-30,746290,Cleveland Guardians,0,2,8,1,11,0,-3,0
2024,2024-06-30,746779,Chicago White Sox,1,4,10,1,6,0,4,0
2024,2024-06-30,746779,Colorado Rockies,0,5,6,0,10,1,-4,1
2024,2024-06-30,745971,Milwaukee Brewers,1,7,10,0,2,0,8,1
2024,2024-06-30,745971,Chicago Cubs,0,1,2,0,10,0,-8,0
2024,2024-06-30,745154,St. Louis Cardinals,1,2,7,0,2,0,5,1
2024,2024-06-30,745154,Cincinnati Reds,0,0,2,0,7,0,-5,0
2024,2024-06-30,745320,San Francisco Giants,1,10,16,0,8,2,8,1
2024,2024-06-30,745320,Los Angeles Dodgers,0,4,8,2,16,0,-8,0
2024,2024-06-30,746209,Los Angeles Angels,1,6,9,0,8,0,1,0
2024,2024-06-30,746209,Detroit Tigers,0,7,8,0,9,0,-1,1
2024,2024-06-30,747182,Arizona Diamondbacks,1,5,8,1,5,0,3,1
2024,2024-06-30,747182,Oakland Athletics,0,1,5,0,8,1,-3,0
2024,2024-06-30,745243,Seattle Mariners,1,3,9,0,8,1,1,0
2024,2024-06-30,745243,Minnesota Twins,0,5,8,1,9,0,-1,1
2024,2024-06-30,747016,Baltimore Orioles,1,2,7,1,13,0,-6,0
2024,2024-06-30,747016,Texas Rangers,0,11,13,0,7,1,6,1
2024,2024-07-01,744914,Toronto Blue Jays,1,1,4,0,4,0,0,0
2024,2024-07-01,744914,Houston Astros,0,3,4,0,4,0,0,1
2024,2024-07-01,744840,Washington Nationals,1,7,11,1,12,2,-1,0
2024,2024-07-01,744840,New York Mets,0,9,12,2,11,1,1,1
2024,2024-07-01,746535,Colorado Rockies,1,8,13,0,14,1,-1,1
2024,2024-07-01,746535,Milwaukee Brewers,0,7,14,1,13,0,1,0
2024,2024-07-02,745482,Pittsburgh Pirates,1,4,7,0,13,0,-6,0
2024,2024-07-02,745482,St. Louis Cardinals,0,7,13,0,7,0,6,1
2024,2024-07-02,746623,Cleveland Guardians,1,7,7,0,9,1,-2,1
2024,2024-07-02,746623,Chicago White Sox,0,6,9,1,7,0,2,0
2024,2024-07-02,746047,Miami Marlins,1,3,7,0,13,0,-6,0
2024,2024-07-02,746047,Boston Red Sox,0,8,13,0,7,0,6,1
2024,2024-07-02,744838,Washington Nationals,1,2,6,0,11,2,-5,0
2024,2024-07-02,744838,New York Mets,0,7,11,2,6,0,5,1
2024,2024-07-02,745730,New York Yankees,1,4,6,0,5,2,1,0
2024,2024-07-02,745730,Cincinnati Reds,0,5,5,2,6,0,-1,1
2024,2024-07-02,744913,Toronto Blue Jays,1,7,6,2,8,0,-2,1
2024,2024-07-02,744913,Houston Astros,0,6,8,0,6,2,2,0
2024,2024-07-02,747102,Atlanta Braves,1,3,6,1,9,0,-3,0
2024,2024-07-02,747102,San Francisco Giants,0,5,9,0,6,1,3,1
2024,2024-07-02,745886,Minnesota Twins,1,5,7,1,5,0,2,1
2024,2024-07-02,745886,Detroit Tigers,0,3,5,0,7,1,-2,0
2024,2024-07-02,744999,Texas Rangers,1,7,10,0,2,1,8,1
2024,2024-07-02,744999,San Diego Padres,0,0,2,1,10,0,-8,0
2024,2024-07-02,746860,Chicago Cubs,1,4,5,0,9,0,-4,0
2024,2024-07-02,746860,Philadelphia Phillies,0,6,9,0,5,0,4,1
2024,2024-07-02,746282,Kansas City Royals,1,1,6,0,9,0,-3,0
2024,2024-07-02,746282,Tampa Bay Rays,0,5,9,0,6,0,3,1
2024,2024-07-02,746537,Colorado Rockies,1,3,7,0,12,1,-5,0
2024,2024-07-02,746537,Milwaukee Brewers,0,4,12,1,7,0,5,1
2024,2024-07-02,745647,Oakland Athletics,1,7,7,0,11,0,-4,1
2024,2024-07-02,745647,Los Angeles Angels,0,5,11,0,7,0,4,0
2024,2024-07-02,745240,Seattle Mariners,1,0,2,0,9,0,-7,0
2024,2024-07-02,745240,Baltimore Orioles,0,2,9,0,2,0,7,1
2024,2024-07-02,746133,Los Angeles Dodgers,1,6,12,1,10,1,2,1
2024,2024-07-02,746133,Arizona Diamondbacks,0,5,10,1,12,1,-2,0
2024,2024-07-03,745487,Pittsburgh Pirates,1,5,11,0,8,0,3,1
2024,2024-07-03,745487,St. Louis Cardinals,0,4,8,0,11,0,-3,0
2024,2024-07-03,746617,Cleveland Guardians,1,2,5,0,12,0,-7,0
2024,2024-07-03,746617,Chicago White Sox,0,8,12,0,5,0,7,1
2024,2024-07-03,746045,Miami Marlins,1,2,9,0,12,1,-3,0
2024,2024-07-03,746045,Boston Red Sox,0,7,12,1,9,0,3,1
2024,2024-07-03,744837,Washington Nationals,1,7,9,0,5,0,4,1
2024,2024-07-03,744837,New York Mets,0,5,5,0,9,0,-4,0
2024,2024-07-03,745728,New York Yankees,1,2,5,0,3,0,2,0
2024,2024-07-03,745728,Cincinnati Reds,0,3,3,0,5,0,-2,1
2024,2024-07-03,744915,Toronto Blue Jays,1,2,5,1,11,0,-6,0
2024,2024-07-03,744915,Houston Astros,0,9,11,0,5,1,6,1
2024,2024-07-03,747100,Atlanta Braves,1,3,10,0,4,1,6,1
2024,2024-07-03,747100,San Francisco Giants,0,1,4,1,10,0,-6,0
2024,2024-07-03,744998,Texas Rangers,1,4,9,0,13,0,-4,0
2024,2024-07-03,744998,San Diego Padres,0,6,13,0,9,0,4,1
2024,2024-07-03,746858,Chicago Cubs,1,3,9,1,9,0,0,0
2024,2024-07-03,746858,Philadelphia Phillies,0,5,9,0,9,1,0,1
2024,2024-07-03,746283,Kansas City Royals,1,4,7,2,5,0,2,1
2024,2024-07-03,746283,Tampa Bay Rays,0,2,5,0,7,2,-2,0
2024,2024-07-03,745888,Minnesota Twins,1,2,8,0,11,0,-3,0
2024,2024-07-03,745888,Detroit Tigers,0,9,11,0,8,0,3,1
2024,2024-07-03,746534,Colorado Rockies,1,0,8,0,9,0,-1,0
2024,2024-07-03,746534,Milwaukee Brewers,0,3,9,0,8,0,1,1
2024,2024-07-03,745643,Oakland Athletics,1,5,10,0,5,1,5,1
2024,2024-07-03,745643,Los Angeles Angels,0,0,5,1,10,0,-5,0
2024,2024-07-03,746128,Los Angeles Dodgers,1,4,6,0,16,0,-10,0
2024,2024-07-03,746128,Arizona Diamondbacks,0,12,16,0,6,0,10,1
2024,2024-07-03,745234,Seattle Mariners,1,1,5,0,6,0,-1,0
2024,2024-07-03,745234,Baltimore Orioles,0,4,6,0,5,0,1,1
2024,2024-07-04,744834,Washington Nationals,1,1,5,0,1,0,4,1
2024,2024-07-04,744834,New York Mets,0,0,1,0,5,0,-4,0
2024,2024-07-04,745484,Pittsburgh Pirates,1,2,7,0,11,0,-4,0
2024,2024-07-04,745484,St. Louis Cardinals,0,3,11,0,7,0,4,1
2024,2024-07-04,745726,New York Yankees,1,4,7,2,9,0,-2,0
2024,2024-07-04,745726,Cincinnati Reds,0,8,9,0,7,2,2,1
2024,2024-07-04,744912,Toronto Blue Jays,1,3,10,0,9,0,1,0
2024,2024-07-04,744912,Houston Astros,0,5,9,0,10,0,-1,1
2024,2024-07-04,745890,Minnesota Twins,1,12,14,1,7,1,7,1
2024,2024-07-04,745890,Detroit Tigers,0,3,7,1,14,1,-7,0
2024,2024-07-04,746619,Cleveland Guardians,1,8,12,0,8,1,4,1
2024,2024-07-04,746619,Chicago White Sox,0,4,8,1,12,0,-4,0
2024,2024-07-04,746043,Miami Marlins,1,5,8,2,8,0,0,0
2024,2024-07-04,746043,Boston Red Sox,0,6,8,0,8,2,0,1
2024,2024-07-04,746857,Chicago Cubs,1,10,12,0,6,0,6,1
2024,2024-07-04,746857,Philadelphia Phillies,0,2,6,0,12,0,-6,0
2024,2024-07-04,744996,Texas Rangers,1,1,6,0,9,0,-3,0
2024,2024-07-04,744996,San Diego Padres,0,3,9,0,6,0,3,1
2024,2024-07-04,745641,Oakland Athletics,1,5,4,0,4,1,0,1
2024,2024-07-04,745641,Los Angeles Angels,0,0,4,1,4,0,0,0
2024,2024-07-04,745236,Seattle Mariners,1,7,7,0,10,0,-3,1
2024,2024-07-04,745236,Baltimore Orioles,0,3,10,0,7,0,3,0
2024,2024-07-04,747103,Atlanta Braves,1,2,8,1,6,1,2,0
2024,2024-07-04,747103,San Francisco Giants,0,4,6,1,8,1,-2,1
2024,2024-07-04,746285,Kansas City Royals,1,8,10,0,16,2,-6,0
2024,2024-07-04,746285,Tampa Bay Rays,0,10,16,2,10,0,6,1
2024,2024-07-04,746532,Colorado Rockies,1,4,8,0,8,1,0,1
2024,2024-07-04,746532,Milwaukee Brewers,0,3,8,1,8,0,0,0
2024,2024-07-04,746126,Los Angeles Dodgers,1,3,6,1,12,0,-6,0
2024,2024-07-04,746126,Arizona Diamondbacks,0,9,12,0,6,1,6,1
2024,2024-07-05,746859,Chicago Cubs,1,5,9,1,2,0,7,1
2024,2024-07-05,746859,Los Angeles Angels,0,1,2,0,9,1,-7,0
2024,2024-07-05,745479,Pittsburgh Pirates,1,14,16,1,5,1,11,1
2024,2024-07-05,745479,New York Mets,0,2,5,1,16,1,-11,0
2024,2024-07-05,744836,Washington Nationals,1,6,14,0,14,0,0,0
2024,2024-07-05,744836,St. Louis Cardinals,0,7,14,0,14,0,0,1
2024,2024-07-05,745725,New York Yankees,1,3,6,2,8,1,-2,0
2024,2024-07-05,745725,Boston Red Sox,0,5,8,1,6,2,2,1
2024,2024-07-05,746693,Cincinnati Reds,1,4,7,0,11,1,-4,0
2024,2024-07-05,746693,Detroit Tigers,0,5,11,1,7,0,4,1
2024,2024-07-05,746620,Cleveland Guardians,1,2,11,1,6,0,5,0
2024,2024-07-05,746620,San Francisco Giants,0,4,6,0,11,1,-5,1
2024,2024-07-05,746046,Miami Marlins,1,2,7,0,10,1,-3,0
2024,2024-07-05,746046,Chicago White Sox,0,3,10,1,7,0,3,1
2024,2024-07-05,747097,Atlanta Braves,1,6,8,3,15,0,-7,0
2024,2024-07-05,747097,Philadelphia Phillies,0,8,15,0,8,3,7,1
2024,2024-07-05,744992,Texas Rangers,1,3,10,0,3,0,7,1
2024,2024-07-05,744992,Tampa Bay Rays,0,0,3,0,10,0,-7,0
2024,2024-07-05,746533,Colorado Rockies,1,4,8,1,10,0,-2,1
2024,2024-07-05,746533,Kansas City Royals,0,2,10,0,8,1,2,0
2024,2024-07-05,745884,Minnesota Twins,1,12,17,1,16,0,1,0
2024,2024-07-05,745884,Houston Astros,0,13,16,0,17,1,-1,1
2024,2024-07-05,745639,Oakland Athletics,1,2,5,3,8,1,-3,0
2024,2024-07-05,745639,Baltimore Orioles,0,3,8,1,5,3,3,1
2024,2024-07-05,745398,San Diego Padres,1,10,14,0,12,1,2,1
2024,2024-07-05,745398,Arizona Diamondbacks,0,8,12,1,14,0,-2,0
2024,2024-07-05,745237,Seattle Mariners,1,2,8,0,2,1,6,1
2024,2024-07-05,745237,Toronto Blue Jays,0,1,2,1,8,0,-6,0
2024,2024-07-05,746127,Los Angeles Dodgers,1,8,10,1,4,0,6,1
2024,2024-07-05,746127,Milwaukee Brewers,0,5,4,0,10,1,-6,0
2024,2024-07-06,745724,New York Yankees,1,14,14,1,8,0,6,1
2024,2024-07-06,745724,Boston Red Sox,0,4,8,0,14,1,-6,0
2024,2024-07-06,745885,Minnesota Twins,1,9,14,0,7,0,7,1
2024,2024-07-06,745885,Houston Astros,0,3,7,0,14,0,-7,0
2024,2024-07-06,746856,Chicago Cubs,1,0,4,2,12,0,-8,0
2024,2024-07-06,746856,Los Angeles Angels,0,7,12,0,4,2,8,1
2024,2024-07-06,745476,Pittsburgh Pirates,1,2,6,0,11,2,-5,0
2024,2024-07-06,745476,New York Mets,0,5,11,2,6,0,5,1
2024,2024-07-06,744835,Washington Nationals,1,14,15,0,11,1,4,1
2024,2024-07-06,744835,St. Louis Cardinals,0,6,11,1,15,0,-4,0
2024,2024-07-06,744995,Texas Rangers,1,4,8,0,7,0,1,1
2024,2024-07-06,744995,Tampa Bay Rays,0,3,7,0,8,0,-1,0
2024,2024-07-06,745642,Oakland Athletics,1,19,18,1,16,0,2,1
2024,2024-07-06,745642,Baltimore Orioles,0,8,16,0,18,1,-2,0
2024,2024-07-06,746694,Cincinnati Reds,1,3,6,1,7,0,-1,0
2024,2024-07-06,746694,Detroit Tigers,0,5,7,0,6,1,1,1
2024,2024-07-06,746615,Cleveland Guardians,1,5,6,2,6,0,0,1
2024,2024-07-06,746615,San Francisco Giants,0,4,6,0,6,2,0,0
2024,2024-07-06,745235,Seattle Mariners,1,4,6,2,11,0,-5,0
2024,2024-07-06,745235,Toronto Blue Jays,0,5,11,0,6,2,5,1
2024,2024-07-06,746044,Miami Marlins,1,4,9,0,6,0,3,1
2024,2024-07-06,746044,Chicago White Sox,0,3,6,0,9,0,-3,0
2024,2024-07-06,747099,Atlanta Braves,1,5,6,0,7,1,-1,1
2024,2024-07-06,747099,Philadelphia Phillies,0,1,7,1,6,0,1,0
2024,2024-07-06,746129,Los Angeles Dodgers,1,5,9,0,5,2,4,1
2024,2024-07-06,746129,Milwaukee Brewers,0,3,5,2,9,0,-4,0
2024,2024-07-06,746529,Colorado Rockies,1,3,8,0,8,1,0,1
2024,2024-07-06,746529,Kansas City Royals,0,1,8,1,8,0,0,0
2024,2024-07-06,745395,San Diego Padres,1,5,14,0,9,0,5,0
2024,2024-07-06,745395,Arizona Diamondbacks,0,7,9,0,14,0,-5,1
2024,2024-07-07,745477,Pittsburgh Pirates,1,2,6,0,9,1,-3,0
2024,2024-07-07,745477,New York Mets,0,3,9,1,6,0,3,1
2024,2024-07-07,744832,Washington Nationals,1,3,11,1,13,0,-2,0
2024,2024-07-07,744832,St. Louis Cardinals,0,8,13,0,11,1,2,1
2024,2024-07-07,747098,Atlanta Braves,1,6,9,0,5,0,4,1
2024,2024-07-07,747098,Philadelphia Phillies,0,0,5,0,9,0,-4,0
2024,2024-07-07,746691,Cincinnati Reds,1,1,4,1,12,1,-8,0
2024,2024-07-07,746691,Detroit Tigers,0,5,12,1,4,1,8,1
2024,2024-07-07,746616,Cleveland Guardians,1,5,10,1,7,0,3,1
2024,2024-07-07,746616,San Francisco Giants,0,4,7,0,10,1,-3,0
2024,2024-07-07,746039,Miami Marlins,1,7,7,2,9,1,-2,1
2024,2024-07-07,746039,Chicago White Sox,0,4,9,1,7,2,2,0
2024,2024-07-07,745883,Minnesota Twins,1,3,11,0,5,1,6,1
2024,2024-07-07,745883,Houston Astros,0,2,5,1,11,0,-6,0
2024,2024-07-07,746855,Chicago Cubs,1,5,7,1,3,0,4,1
2024,2024-07-07,746855,Los Angeles Angels,0,0,3,0,7,1,-4,0
2024,2024-07-07,744993,Texas Rangers,1,13,19,0,5,0,14,1
2024,2024-07-07,744993,Tampa Bay Rays,0,2,5,0,19,0,-14,0
2024,2024-07-07,746530,Colorado Rockies,1,1,6,0,12,0,-6,0
2024,2024-07-07,746530,Kansas City Royals,0,10,12,0,6,0,6,1
2024,2024-07-07,745637,Oakland Athletics,1,3,7,3,8,1,-1,0
2024,2024-07-07,745637,Baltimore Orioles,0,6,8,1,7,3,1,1
2024,2024-07-07,745391,San Diego Padres,1,1,4,1,12,0,-8,0
2024,2024-07-07,745391,Arizona Diamondbacks,0,9,12,0,4,1,8,1
2024,2024-07-07,745233,Seattle Mariners,1,4,10,0,10,1,0,0
2024,2024-07-07,745233,Toronto Blue Jays,0,5,10,1,10,0,0,1
2024,2024-07-07,746122,Los Angeles Dodgers,1,2,7,1,12,1,-5,0
2024,2024-07-07,746122,Milwaukee Brewers,0,9,12,1,7,1,5,1
2024,2024-07-07,745723,New York Yankees,1,0,4,1,6,0,-2,0
2024,2024-07-07,745723,Boston Red Sox,0,3,6,0,4,1,2,1
2024,2024-07-08,745480,Pittsburgh Pirates,1,8,8,0,8,1,0,1
2024,2024-07-08,745480,New York Mets,0,2,8,1,8,0,0,0
2024,2024-07-08,744833,Washington Nationals,1,0,8,2,11,0,-3,0
2024,2024-07-08,744833,St. Louis Cardinals,0,6,11,0,8,2,3,1
2024,2024-07-08,746455,Detroit Tigers,1,1,7,0,3,1,4,1
2024,2024-07-08,746455,Cleveland Guardians,0,0,3,1,7,0,-4,0
2024,2024-07-08,746692,Cincinnati Reds,1,6,8,0,4,2,4,1
2024,2024-07-08,746692,Colorado Rockies,0,0,4,2,8,0,-4,0
2024,2024-07-08,746771,Chicago White Sox,1,6,7,0,15,2,-8,0
2024,2024-07-08,746771,Minnesota Twins,0,8,15,2,7,0,8,1
2024,2024-07-08,746208,Los Angeles Angels,1,4,8,1,12,0,-4,0
2024,2024-07-08,746208,Texas Rangers,0,9,12,0,8,1,4,1
2024,2024-07-08,747181,Arizona Diamondbacks,1,4,4,0,8,1,-4,0
2024,2024-07-08,747181,Atlanta Braves,0,5,8,1,4,0,4,1
2024,2024-07-09,747014,Baltimore Orioles,1,2,5,2,14,0,-9,0
2024,2024-07-09,747014,Chicago Cubs,0,9,14,0,5,2,9,1
2024,2024-07-09,746451,Detroit Tigers,1,8,11,2,14,0,-3,0
2024,2024-07-09,746451,Cleveland Guardians,0,9,14,0,11,2,3,1
2024,2024-07-09,745557,Philadelphia Phillies,1,10,12,1,7,0,5,1
2024,2024-07-09,745557,Los Angeles Dodgers,0,1,7,0,12,1,-5,0
2024,2024-07-09,745074,Tampa Bay Rays,1,5,7,0,7,1,0,1
2024,2024-07-09,745074,New York Yankees,0,3,7,1,7,0,0,0
2024,2024-07-09,746690,Cincinnati Reds,1,12,13,2,10,1,3,1
2024,2024-07-09,746690,Colorado Rockies,0,6,10,1,13,2,-3,0
2024,2024-07-09,745803,New York Mets,1,7,11,1,6,1,5,1
2024,2024-07-09,745803,Washington Nationals,0,5,6,1,11,1,-5,0
2024,2024-07-09,746937,Boston Red Sox,1,12,13,0,13,0,0,1
2024,2024-07-09,746937,Oakland Athletics,0,9,13,0,13,0,0,0
2024,2024-07-09,746368,Houston Astros,1,4,7,0,6,1,1,1
2024,2024-07-09,746368,Miami Marlins,0,3,6,1,7,0,-1,0
2024,2024-07-09,745968,Milwaukee Brewers,1,2,7,1,11,0,-4,0
2024,2024-07-09,745968,Pittsburgh Pirates,0,12,11,0,7,1,4,1
2024,2024-07-09,746206,Los Angeles Angels,1,4,9,0,8,1,1,0
2024,2024-07-09,746206,Texas Rangers,0,5,8,1,9,0,-1,1
2024,2024-07-09,745393,San Diego Padres,1,3,4,0,13,1,-9,0
2024,2024-07-09,745393,Seattle Mariners,0,8,13,1,4,0,9,1
2024,2024-07-09,747180,Arizona Diamondbacks,1,2,6,1,11,0,-5,0
2024,2024-07-09,747180,Atlanta Braves,0,6,11,0,6,1,5,1
2024,2024-07-09,745316,San Francisco Giants,1,4,9,1,3,0,6,1
2024,2024-07-09,745316,Toronto Blue Jays,0,3,3,0,9,1,-6,0
2024,2024-07-10,745155,St. Louis Cardinals,1,4,6,0,9,0,-3,0
2024,2024-07-10,745155,Kansas City Royals,0,6,9,0,6,0,3,1
2024,2024-07-10,745156,St. Louis Cardinals,1,5,10,0,12,1,-2,0
2024,2024-07-10,745156,Kansas City Royals,0,8,12,1,10,0,2,1
2024,2024-07-10,746772,Chicago White Sox,1,3,4,0,6,0,-2,1
2024,2024-07-10,746772,Minnesota Twins,0,1,6,0,4,0,2,0
2024,2024-07-10,746773,Chicago White Sox,1,2,4,1,5,1,-1,0
2024,2024-07-10,746773,Minnesota Twins,0,3,5,1,4,1,1,1
2024,2024-07-10,747015,Baltimore Orioles,1,0,9,0,11,0,-2,0
2024,2024-07-10,747015,Chicago Cubs,0,4,11,0,9,0,2,1
2024,2024-07-10,746453,Detroit Tigers,1,5,7,0,7,0,0,1
2024,2024-07-10,746453,Cleveland Guardians,0,4,7,0,7,0,0,0
2024,2024-07-10,745394,San Diego Padres,1,0,6,2,4,0,2,0
2024,2024-07-10,745394,Seattle Mariners,0,2,4,0,6,2,-2,1
2024,2024-07-10,745069,Tampa Bay Rays,1,1,10,1,6,0,4,0
2024,2024-07-10,745069,New York Yankees,0,2,6,0,10,1,-4,1
2024,2024-07-10,745556,Philadelphia Phillies,1,4,10,0,9,0,1,1
2024,2024-07-10,745556,Los Angeles Dodgers,0,3,9,0,10,0,-1,0
2024,2024-07-10,746689,Cincinnati Reds,1,5,12,1,12,0,0,0
2024,2024-07-10,746689,Colorado Rockies,0,6,12,0,12,1,0,1
2024,2024-07-10,745796,New York Mets,1,6,12,1,5,1,7,1
2024,2024-07-10,745796,Washington Nationals,0,2,5,1,12,1,-7,0
2024,2024-07-10,746934,Boston Red Sox,1,2,8,0,8,1,0,0
2024,2024-07-10,746934,Oakland Athletics,0,5,8,1,8,0,0,1
2024,2024-07-10,746366,Houston Astros,1,9,13,0,6,1,7,1
2024,2024-07-10,746366,Miami Marlins,0,1,6,1,13,0,-7,0
2024,2024-07-10,745969,Milwaukee Brewers,1,9,14,0,4,0,10,1
2024,2024-07-10,745969,Pittsburgh Pirates,0,0,4,0,14,0,-10,0
2024,2024-07-10,746205,Los Angeles Angels,1,7,8,0,8,1,0,1
2024,2024-07-10,746205,Texas Rangers,0,2,8,1,8,0,0,0
2024,2024-07-10,747179,Arizona Diamondbacks,1,7,9,0,8,0,1,1
2024,2024-07-10,747179,Atlanta Braves,0,5,8,0,9,0,-1,0
2024,2024-07-10,745318,San Francisco Giants,1,6,9,1,14,0,-5,0
2024,2024-07-10,745318,Toronto Blue Jays,0,10,14,0,9,1,5,1
2024,2024-07-11,746688,Cincinnati Reds,1,8,14,0,3,1,11,1
2024,2024-07-11,746688,Colorado Rockies,0,1,3,1,14,0,-11,0
2024,2024-07-11,746452,Detroit Tigers,1,10,11,0,3,1,8,1
2024,2024-07-11,746452,Cleveland Guardians,0,1,3,1,11,0,-8,0
2024,2024-07-11,745799,New York Mets,1,7,9,1,6,0,3,1
2024,2024-07-11,745799,Washington Nationals,0,0,6,0,9,1,-3,0
2024,2024-07-11,745967,Milwaukee Brewers,1,0,2,1,6,0,-4,0
2024,2024-07-11,745967,Pittsburgh Pirates,0,1,6,0,2,1,4,1
2024,2024-07-11,745313,San Francisco Giants,1,3,7,1,10,0,-3,0
2024,2024-07-11,745313,Toronto Blue Jays,0,5,10,0,7,1,3,1
2024,2024-07-11,745558,Philadelphia Phillies,1,5,10,1,5,0,5,1
2024,2024-07-11,745558,Los Angeles Dodgers,0,1,5,0,10,1,-5,0
2024,2024-07-11,747011,Baltimore Orioles,1,0,5,0,13,0,-8,0
2024,2024-07-11,747011,Chicago Cubs,0,8,13,0,5,0,8,1
2024,2024-07-11,745065,Tampa Bay Rays,1,5,9,0,8,0,1,1
2024,2024-07-11,745065,New York Yankees,0,4,8,0,9,0,-1,0
2024,2024-07-11,746935,Boston Red Sox,1,7,10,0,4,0,6,1
2024,2024-07-11,746935,Oakland Athletics,0,0,4,0,10,0,-6,0
2024,2024-07-11,746367,Houston Astros,1,6,5,0,11,2,-6,1
2024,2024-07-11,746367,Miami Marlins,0,3,11,2,5,0,6,0
2024,2024-07-11,746204,Los Angeles Angels,1,0,5,1,15,0,-10,0
2024,2024-07-11,746204,Seattle Mariners,0,11,15,0,5,1,10,1
2024,2024-07-11,747178,Arizona Diamondbacks,1,1,6,0,5,0,1,1
2024,2024-07-11,747178,Atlanta Braves,0,0,5,0,6,0,-1,0
2024,2024-07-12,746450,Detroit Tigers,1,3,8,1,9,0,-1,0
2024,2024-07-12,746450,Los Angeles Dodgers,0,4,9,0,8,1,1,1
2024,2024-07-12,745552,Philadelphia Phillies,1,2,6,1,8,0,-2,0
2024,2024-07-12,745552,Oakland Athletics,0,6,8,0,6,1,2,1
2024,2024-07-12,745064,Tampa Bay Rays,1,2,9,0,5,2,4,1
2024,2024-07-12,745064,Cleveland Guardians,0,0,5,2,9,0,-4,0
2024,2024-07-12,747012,Baltimore Orioles,1,1,6,1,7,1,-1,0
2024,2024-07-12,747012,New York Yankees,0,4,7,1,6,1,1,1
2024,2024-07-12,746936,Boston Red Sox,1,1,5,0,10,0,-5,0
2024,2024-07-12,746936,Kansas City Royals,0,6,10,0,5,0,5,1
2024,2024-07-12,745800,New York Mets,1,7,10,0,8,0,2,1
2024,2024-07-12,745800,Colorado Rockies,0,6,8,0,10,0,-2,0
2024,2024-07-12,746685,Cincinnati Reds,1,7,11,1,11,1,0,1
2024,2024-07-12,746685,Miami Marlins,0,4,11,1,11,1,0,0
2024,2024-07-12,746371,Houston Astros,1,6,9,0,7,2,2,1
2024,2024-07-12,746371,Texas Rangers,0,3,7,2,9,0,-2,0
2024,2024-07-12,746774,Chicago White Sox,1,1,8,1,8,0,0,0
2024,2024-07-12,746774,Pittsburgh Pirates,0,4,8,0,8,1,0,1
2024,2024-07-12,745965,Milwaukee Brewers,1,2,4,0,12,1,-8,0
2024,2024-07-12,745965,Washington Nationals,0,5,12,1,4,0,8,1
2024,2024-07-12,745153,St. Louis Cardinals,1,1,6,0,13,0,-7,0
2024,2024-07-12,745153,Chicago Cubs,0,5,13,0,6,0,7,1
2024,2024-07-12,746207,Los Angeles Angels,1,6,11,0,10,0,1,1
2024,2024-07-12,746207,Seattle Mariners,0,5,10,0,11,0,-1,0
2024,2024-07-12,747175,Arizona Diamondbacks,1,5,6,0,8,0,-2,1
2024,2024-07-12,747175,Toronto Blue Jays,0,4,8,0,6,0,2,0
2024,2024-07-12,745390,San Diego Padres,1,1,5,0,9,1,-4,0
2024,2024-07-12,745390,Atlanta Braves,0,6,9,1,5,0,4,1
2024,2024-07-12,745312,San Francisco Giants,1,7,9,0,10,0,-1,1
2024,2024-07-12,745312,Minnesota Twins,0,1,10,0,9,0,1,0
2024,2024-07-13,746447,Detroit Tigers,1,11,16,1,12,1,4,1
2024,2024-07-13,746447,Los Angeles Dodgers,0,9,12,1,16,1,-4,0
2024,2024-07-13,746766,Chicago White Sox,1,2,5,1,9,1,-4,0
2024,2024-07-13,746766,Pittsburgh Pirates,0,6,9,1,5,1,4,1
2024,2024-07-13,745152,St. Louis Cardinals,1,11,13,0,7,2,6,1
2024,2024-07-13,745152,Chicago Cubs,0,3,7,2,13,0,-6,0
2024,2024-07-13,745175,St. Louis Cardinals,1,5,11,0,12,0,-1,1
2024,2024-07-13,745175,Chicago Cubs,0,4,12,0,11,0,1,0
2024,2024-07-13,745549,Philadelphia Phillies,1,11,9,0,10,0,-1,1
2024,2024-07-13,745549,Oakland Athletics,0,5,10,0,9,0,1,0
2024,2024-07-13,747013,Baltimore Orioles,1,1,8,0,10,0,-2,0
2024,2024-07-13,747013,New York Yankees,0,6,10,0,8,0,2,1
2024,2024-07-13,746930,Boston Red Sox,1,5,12,0,5,0,7,1
2024,2024-07-13,746930,Kansas City Royals,0,0,5,0,12,0,-7,0
2024,2024-07-13,745798,New York Mets,1,7,6,0,8,1,-2,1
2024,2024-07-13,745798,Colorado Rockies,0,3,8,1,6,0,2,0
2024,2024-07-13,745067,Tampa Bay Rays,1,2,8,0,10,1,-2,0
2024,2024-07-13,745067,Cleveland Guardians,0,4,10,1,8,0,2,1
2024,2024-07-13,746369,Houston Astros,1,1,9,0,4,0,5,0
2024,2024-07-13,746369,Texas Rangers,0,2,4,0,9,0,-5,1
2024,2024-07-13,746687,Cincinnati Reds,1,10,10,0,15,0,-5,1
2024,2024-07-13,746687,Miami Marlins,0,6,15,0,10,0,5,0
2024,2024-07-13,745963,Milwaukee Brewers,1,5,6,0,12,0,-6,0
2024,2024-07-13,745963,Washington Nationals,0,6,12,0,6,0,6,1
2024,2024-07-13,745311,San Francisco Giants,1,2,8,1,10,0,-2,0
2024,2024-07-13,745311,Minnesota Twins,0,4,10,0,8,1,2,1
2024,2024-07-13,745392,San Diego Padres,1,4,13,0,5,0,8,1
2024,2024-07-13,745392,Atlanta Braves,0,0,5,0,13,0,-8,0
2024,2024-07-13,746202,Los Angeles Angels,1,2,5,0,6,1,-1,1
2024,2024-07-13,746202,Seattle Mariners,0,1,6,1,5,0,1,0
2024,2024-07-13,747177,Arizona Diamondbacks,1,12,15,0,5,2,10,1
2024,2024-07-13,747177,Toronto Blue Jays,0,1,5,2,15,0,-10,0
2024,2024-07-14,747009,Baltimore Orioles,1,6,8,0,7,1,1,1
2024,2024-07-14,747009,New York Yankees,0,5,7,1,8,0,-1,0
2024,2024-07-14,746932,Boston Red Sox,1,5,14,0,9,0,5,1
2024,2024-07-14,746932,Kansas City Royals,0,4,9,0,14,0,-5,0
2024,2024-07-14,745551,Philadelphia Phillies,1,3,4,0,15,1,-11,0
2024,2024-07-14,745551,Oakland Athletics,0,18,15,1,4,0,11,1
2024,2024-07-14,746449,Detroit Tigers,1,4,9,1,7,2,2,1
2024,2024-07-14,746449,Los Angeles Dodgers,0,3,7,2,9,1,-2,0
2024,2024-07-14,745797,New York Mets,1,5,11,1,10,0,1,0
2024,2024-07-14,745797,Colorado Rockies,0,8,10,0,11,1,-1,1
2024,2024-07-14,745066,Tampa Bay Rays,1,2,5,2,4,0,1,1
2024,2024-07-14,745066,Cleveland Guardians,0,0,4,0,5,2,-1,0
2024,2024-07-14,746686,Cincinnati Reds,1,2,4,1,9,0,-5,0
2024,2024-07-14,746686,Miami Marlins,0,3,9,0,4,1,5,1
2024,2024-07-14,746370,Houston Astros,1,2,6,1,3,1,3,0
2024,2024-07-14,746370,Texas Rangers,0,4,3,1,6,1,-3,1
2024,2024-07-14,746769,Chicago White Sox,1,4,10,0,12,1,-2,0
2024,2024-07-14,746769,Pittsburgh Pirates,0,9,12,1,10,0,2,1
2024,2024-07-14,745962,Milwaukee Brewers,1,9,12,2,7,1,5,1
2024,2024-07-14,745962,Washington Nationals,0,3,7,1,12,2,-5,0
2024,2024-07-14,745151,St. Louis Cardinals,1,3,8,0,11,0,-3,0
2024,2024-07-14,745151,Chicago Cubs,0,8,11,0,8,0,3,1
2024,2024-07-14,745314,San Francisco Giants,1,3,8,0,3,2,5,1
2024,2024-07-14,745314,Minnesota Twins,0,2,3,2,8,0,-5,0
2024,2024-07-14,746201,Los Angeles Angels,1,3,3,2,4,0,-1,1
2024,2024-07-14,746201,Seattle Mariners,0,2,4,0,3,2,1,0
2024,2024-07-14,747176,Arizona Diamondbacks,1,7,9,2,14,1,-5,0
2024,2024-07-14,747176,Toronto Blue Jays,0,8,14,1,9,2,5,1
2024,2024-07-14,745385,San Diego Padres,1,3,8,0,9,0,-1,0
2024,2024-07-14,745385,Atlanta Braves,0,6,9,0,8,0,1,1
2024,2024-07-19,746854,Chicago Cubs,1,2,8,0,12,0,-4,0
2024,2024-07-19,746854,Arizona Diamondbacks,0,5,12,0,8,0,4,1
2024,2024-07-19,745481,Pittsburgh Pirates,1,8,13,0,13,0,0,1
2024,2024-07-19,745481,Philadelphia Phillies,0,7,13,0,13,0,0,0
2024,2024-07-19,744829,Washington Nationals,1,8,7,3,7,1,0,1
2024,2024-07-19,744829,Cincinnati Reds,0,5,7,1,7,3,0,0
2024,2024-07-19,745721,New York Yankees,1,6,9,0,7,3,2,1
2024,2024-07-19,745721,Tampa Bay Rays,0,1,7,3,9,0,-2,0
2024,2024-07-19,744911,Toronto Blue Jays,1,4,7,0,7,0,0,0
2024,2024-07-19,744911,Detroit Tigers,0,5,7,0,7,0,0,1
2024,2024-07-19,746618,Cleveland Guardians,1,7,11,1,4,0,7,1
2024,2024-07-19,746618,San Diego Padres,0,0,4,0,11,1,-7,0
2024,2024-07-19,746040,Miami Marlins,1,6,10,1,8,1,2,1
2024,2024-07-19,746040,New York Mets,0,4,8,1,10,1,-2,0
2024,2024-07-19,744990,Texas Rangers,1,1,2,0,11,0,-9,0
2024,2024-07-19,744990,Baltimore Orioles,0,9,11,0,2,0,9,1
2024,2024-07-19,746284,Kansas City Royals,1,7,7,0,7,0,0,1
2024,2024-07-19,746284,Chicago White Sox,0,1,7,0,7,0,0,0
2024,2024-07-19,746531,Colorado Rockies,1,7,8,0,7,1,1,1
2024,2024-07-19,746531,San Francisco Giants,0,3,7,1,8,0,-1,0
2024,2024-07-19,745640,Oakland Athletics,1,13,14,1,9,1,5,1
2024,2024-07-19,745640,Los Angeles Angels,0,3,9,1,14,1,-5,0
2024,2024-07-19,746123,Los Angeles Dodgers,1,4,4,0,9,0,-5,1
2024,2024-07-19,746123,Boston Red Sox,0,1,9,0,4,0,5,0
2024,2024-07-19,745228,Seattle Mariners,1,0,4,2,6,0,-2,0
2024,2024-07-19,745228,Houston Astros,0,3,6,0,4,2,2,1
2024,2024-07-20,745720,New York Yankees,1,1,5,0,11,1,-6,0
2024,2024-07-20,745720,Tampa Bay Rays,0,9,11,1,5,0,6,1
2024,2024-07-20,747093,Atlanta Braves,1,3,6,1,9,0,-3,1
2024,2024-07-20,747093,St. Louis Cardinals,0,2,9,0,6,1,3,0
2024,2024-07-20,747096,Atlanta Braves,1,5,9,1,14,0,-5,0
2024,2024-07-20,747096,St. Louis Cardinals,0,9,14,0,9,1,5,1
2024,2024-07-20,744910,Toronto Blue Jays,1,3,6,1,9,0,-3,0
2024,2024-07-20,744910,Detroit Tigers,0,7,9,0,6,1,3,1
2024,2024-07-20,745638,Oakland Athletics,1,8,11,1,6,0,5,1
2024,2024-07-20,745638,Los Angeles Angels,0,2,6,0,11,1,-5,0
2024,2024-07-20,746041,Miami Marlins,1,0,4,1,6,1,-2,0
2024,2024-07-20,746041,New York Mets,0,1,6,1,4,1,2,1
2024,2024-07-20,745478,Pittsburgh Pirates,1,4,10,0,4,1,6,1
2024,2024-07-20,745478,Philadelphia Phillies,0,1,4,1,10,0,-6,0
2024,2024-07-20,744830,Washington Nationals,1,5,9,1,7,1,2,1
2024,2024-07-20,744830,Cincinnati Reds,0,4,7,1,9,1,-2,0
2024,2024-07-20,744994,Texas Rangers,1,4,6,1,12,0,-6,0
2024,2024-07-20,744994,Baltimore Orioles,0,8,12,0,6,1,6,1
2024,2024-07-20,746613,Cleveland Guardians,1,0,1,1,11,0,-10,0
2024,2024-07-20,746613,San Diego Padres,0,7,11,0,1,1,10,1
2024,2024-07-20,746286,Kansas City Royals,1,6,9,1,7,2,2,1
2024,2024-07-20,746286,Chicago White Sox,0,1,7,2,9,1,-2,0
2024,2024-07-20,745880,Minnesota Twins,1,4,7,0,11,0,-4,0
2024,2024-07-20,745880,Milwaukee Brewers,0,8,11,0,7,0,4,1
2024,2024-07-20,746852,Chicago Cubs,1,0,4,0,6,0,-2,0
2024,2024-07-20,746852,Arizona Diamondbacks,0,3,6,0,4,0,2,1
2024,2024-07-20,746121,Los Angeles Dodgers,1,7,12,1,10,1,2,1
2024,2024-07-20,746121,Boston Red Sox,0,6,10,1,12,1,-2,0
2024,2024-07-20,746527,Colorado Rockies,1,4,8,1,5,0,3,1
2024,2024-07-20,746527,San Francisco Giants,0,3,5,0,8,1,-3,0
2024,2024-07-20,745229,Seattle Mariners,1,2,3,0,7,0,-4,0
2024,2024-07-20,745229,Houston Astros,0,4,7,0,3,0,4,1
2024,2024-07-21,745882,Minnesota Twins,1,7,8,0,11,1,-3,0
2024,2024-07-21,745882,Milwaukee Brewers,0,8,11,1,8,0,3,1
2024,2024-07-21,744831,Washington Nationals,1,5,9,0,5,1,4,1
2024,2024-07-21,744831,Cincinnati Reds,0,2,5,1,9,0,-4,0
2024,2024-07-21,745470,Pittsburgh Pirates,1,0,6,2,11,0,-5,0
2024,2024-07-21,745470,Philadelphia Phillies,0,6,11,0,6,2,5,1
2024,2024-07-21,747094,Atlanta Braves,1,2,9,1,9,0,0,0
2024,2024-07-21,747094,St. Louis Cardinals,0,6,9,0,9,1,0,1
2024,2024-07-21,745722,New York Yankees,1,4,9,1,7,1,2,0
2024,2024-07-21,745722,Tampa Bay Rays,0,6,7,1,9,1,-2,1
2024,2024-07-21,744909,Toronto Blue Jays,1,5,11,0,6,0,5,1
2024,2024-07-21,744909,Detroit Tigers,0,4,6,0,11,0,-5,0
2024,2024-07-21,746610,Cleveland Guardians,1,1,2,0,8,0,-6,0
2024,2024-07-21,746610,San Diego Padres,0,2,8,0,2,0,6,1
2024,2024-07-21,746042,Miami Marlins,1,4,9,3,8,0,1,1
2024,2024-07-21,746042,New York Mets,0,2,8,0,9,3,-1,0
2024,2024-07-21,746287,Kansas City Royals,1,4,10,0,3,0,7,1
2024,2024-07-21,746287,Chicago White Sox,0,1,3,0,10,0,-7,0
2024,2024-07-21,746853,Chicago Cubs,1,2,4,0,2,0,2,1
2024,2024-07-21,746853,Arizona Diamondbacks,0,1,2,0,4,0,-2,0
2024,2024-07-21,744991,Texas Rangers,1,3,6,0,5,0,1,1
2024,2024-07-21,744991,Baltimore Orioles,0,2,5,0,6,0,-1,0
2024,2024-07-21,746528,Colorado Rockies,1,2,4,0,7,1,-3,0
2024,2024-07-21,746528,San Francisco Giants,0,3,7,1,4,0,3,1
2024,2024-07-21,745633,Oakland Athletics,1,5,8,0,15,0,-7,0
2024,2024-07-21,745633,Los Angeles Angels,0,8,15,0,8,0,7,1
2024,2024-07-21,745230,Seattle Mariners,1,6,9,1,9,0,0,1
2024,2024-07-21,745230,Houston Astros,0,4,9,0,9,1,0,0
2024,2024-07-21,746125,Los Angeles Dodgers,1,9,10,1,9,0,1,1
2024,2024-07-21,746125,Boston Red Sox,0,6,9,0,10,1,-1,0
2024,2024-07-22,745717,New York Yankees,1,9,15,0,3,0,12,1
2024,2024-07-22,745717,Tampa Bay Rays,0,1,3,0,15,0,-12,0
2024,2024-07-22,746612,Cleveland Guardians,1,2,12,2,12,0,0,0
2024,2024-07-22,746612,Detroit Tigers,0,8,12,0,12,2,0,1
2024,2024-07-22,745473,Pittsburgh Pirates,1,2,8,0,7,0,1,1
2024,2024-07-22,745473,St. Louis Cardinals,0,1,7,0,8,0,-1,0
2024,2024-07-22,746034,Miami Marlins,1,4,9,0,11,1,-2,0
2024,2024-07-22,746034,New York Mets,0,6,11,1,9,0,2,1
2024,2024-07-22,747095,Atlanta Braves,1,1,3,0,9,0,-6,0
2024,2024-07-22,747095,Cincinnati Reds,0,4,9,0,3,0,6,1
2024,2024-07-22,745881,Minnesota Twins,1,7,12,1,4,0,8,1
2024,2024-07-22,745881,Philadelphia Phillies,0,2,4,0,12,1,-8,0
2024,2024-07-22,744988,Texas Rangers,1,4,6,1,7,0,-1,1
2024,2024-07-22,744988,Chicago White Sox,0,3,7,0,6,1,1,0
2024,2024-07-22,746850,Chicago Cubs,1,3,8,0,5,1,3,1
2024,2024-07-22,746850,Milwaukee Brewers,0,1,5,1,8,0,-3,0
2024,2024-07-22,746280,Kansas City Royals,1,10,15,1,8,0,7,1
2024,2024-07-22,746280,Arizona Diamondbacks,0,4,8,0,15,1,-7,0
2024,2024-07-22,746526,Colorado Rockies,1,9,15,0,13,1,2,1
2024,2024-07-22,746526,Boston Red Sox,0,8,13,1,15,0,-2,0
2024,2024-07-22,745635,Oakland Athletics,1,4,8,1,8,1,0,1
2024,2024-07-22,745635,Houston Astros,0,0,8,1,8,1,0,0
2024,2024-07-22,745232,Seattle Mariners,1,1,4,1,4,0,0,0
2024,2024-07-22,745232,Los Angeles Angels,0,3,4,0,4,1,0,1
2024,2024-07-22,746124,Los Angeles Dodgers,1,3,6,0,5,0,1,1
2024,2024-07-22,746124,San Francisco Giants,0,2,5,0,6,0,-1,0
2024,2024-07-23,746614,Cleveland Guardians,1,5,11,1,6,0,5,1
2024,2024-07-23,746614,Detroit Tigers,0,4,6,0,11,1,-5,0
2024,2024-07-23,745475,Pittsburgh Pirates,1,1,7,0,4,0,3,0
2024,2024-07-23,745475,St. Louis Cardinals,0,2,4,0,7,0,-3,1
2024,2024-07-23,746036,Miami Marlins,1,6,10,0,9,1,1,1
2024,2024-07-23,746036,Baltimore Orioles,0,3,9,1,10,0,-1,0
2024,2024-07-23,744828,Washington Nationals,1,0,6,0,9,1,-3,0
2024,2024-07-23,744828,San Diego Padres,0,4,9,1,6,0,3,1
2024,2024-07-23,745715,New York Yankees,1,2,5,0,9,1,-4,0
2024,2024-07-23,745715,New York Mets,0,3,9,1,5,0,4,1
2024,2024-07-23,744904,Toronto Blue Jays,1,2,6,0,4,0,2,0
2024,2024-07-23,744904,Tampa Bay Rays,0,4,4,0,6,0,-2,1
2024,2024-07-23,745878,Minnesota Twins,1,0,3,2,6,0,-3,0
2024,2024-07-23,745878,Philadelphia Phillies,0,3,6,0,3,2,3,1
2024,2024-07-23,744985,Texas Rangers,1,3,6,0,5,1,1,1
2024,2024-07-23,744985,Chicago White Sox,0,2,5,1,6,0,-1,0
2024,2024-07-23,746848,Chicago Cubs,1,0,7,0,7,0,0,0
2024,2024-07-23,746848,Milwaukee Brewers,0,1,7,0,7,0,0,1
2024,2024-07-23,746281,Kansas City Royals,1,2,7,1,8,0,-1,0
2024,2024-07-23,746281,Arizona Diamondbacks,0,6,8,0,7,1,1,1
2024,2024-07-23,746524,Colorado Rockies,1,0,7,0,11,0,-4,0
2024,2024-07-23,746524,Boston Red Sox,0,6,11,0,7,0,4,1
2024,2024-07-23,745632,Oakland Athletics,1,8,13,0,9,0,4,1
2024,2024-07-23,745632,Houston Astros,0,2,9,0,13,0,-4,0
2024,2024-07-23,745227,Seattle Mariners,1,1,3,2,4,0,-1,0
2024,2024-07-23,745227,Los Angeles Angels,0,5,4,0,3,2,1,1
2024,2024-07-23,746118,Los Angeles Dodgers,1,5,9,1,5,1,4,1
2024,2024-07-23,746118,San Francisco Giants,0,2,5,1,9,1,-4,0
2024,2024-07-24,747091,Atlanta Braves,1,4,10,1,12,3,-2,0
2024,2024-07-24,747091,Cincinnati Reds,0,9,12,3,10,1,2,1
2024,2024-07-24,745472,Pittsburgh Pirates,1,5,5,0,6,0,-1,1
2024,2024-07-24,745472,St. Louis Cardinals,0,0,6,0,5,0,1,0
2024,2024-07-24,745877,Minnesota Twins,1,5,9,0,9,0,0,1
2024,2024-07-24,745877,Philadelphia Phillies,0,4,9,0,9,0,0,0
2024,2024-07-24,746851,Chicago Cubs,1,2,6,0,10,1,-4,0
2024,2024-07-24,746851,Milwaukee Brewers,0,3,10,1,6,0,4,1
2024,2024-07-24,746525,Colorado Rockies,1,20,21,1,11,4,10,1
2024,2024-07-24,746525,Boston Red Sox,0,7,11,4,21,1,-10,0
2024,2024-07-24,745634,Oakland Athletics,1,1,9,2,11,1,-2,0
2024,2024-07-24,745634,Houston Astros,0,8,11,1,9,2,2,1
2024,2024-07-24,745231,Seattle Mariners,1,1,6,0,9,0,-3,0
2024,2024-07-24,745231,Los Angeles Angels,0,2,9,0,6,0,3,1
2024,2024-07-24,746611,Cleveland Guardians,1,2,4,0,2,0,2,1
2024,2024-07-24,746611,Detroit Tigers,0,1,2,0,4,0,-2,0
2024,2024-07-24,746035,Miami Marlins,1,6,9,0,4,0,5,1
2024,2024-07-24,746035,Baltimore Orioles,0,3,4,0,9,0,-5,0
2024,2024-07-24,744824,Washington Nationals,1,3,6,0,20,0,-14,0
2024,2024-07-24,744824,San Diego Padres,0,12,20,0,6,0,14,1
2024,2024-07-24,745716,New York Yankees,1,3,6,1,14,2,-8,0
2024,2024-07-24,745716,New York Mets,0,12,14,2,6,1,8,1
2024,2024-07-24,744905,Toronto Blue Jays,1,6,8,0,4,1,4,1
2024,2024-07-24,744905,Tampa Bay Rays,0,3,4,1,8,0,-4,0
2024,2024-07-24,744989,Texas Rangers,1,10,15,0,4,1,11,1
2024,2024-07-24,744989,Chicago White Sox,0,2,4,1,15,0,-11,0
2024,2024-07-24,746279,Kansas City Royals,1,6,12,0,10,0,2,0
2024,2024-07-24,746279,Arizona Diamondbacks,0,8,10,0,12,0,-2,1
2024,2024-07-24,746119,Los Angeles Dodgers,1,3,5,0,9,0,-4,0
2024,2024-07-24,746119,San Francisco Giants,0,8,9,0,5,0,4,1
2024,2024-07-25,744827,Washington Nationals,1,0,0,1,6,0,-6,0
2024,2024-07-25,744827,San Diego Padres,0,3,6,0,0,1,6,1
2024,2024-07-25,746037,Miami Marlins,1,6,9,3,12,1,-3,0
2024,2024-07-25,746037,Baltimore Orioles,0,7,12,1,9,3,3,1
2024,2024-07-25,746609,Cleveland Guardians,1,0,4,0,8,0,-4,0
2024,2024-07-25,746609,Detroit Tigers,0,3,8,0,4,0,4,1
2024,2024-07-25,744984,Texas Rangers,1,2,10,0,5,0,5,1
2024,2024-07-25,744984,Chicago White Sox,0,1,5,0,10,0,-5,0
2024,2024-07-25,744907,Toronto Blue Jays,1,0,2,0,16,0,-14,0
2024,2024-07-25,744907,Tampa Bay Rays,0,13,16,0,2,0,14,1
2024,2024-07-25,746117,Los Angeles Dodgers,1,6,14,0,11,0,3,1
2024,2024-07-25,746117,San Francisco Giants,0,4,11,0,14,0,-3,0
2024,2024-07-25,745794,New York Mets,1,3,3,0,7,0,-4,1
2024,2024-07-25,745794,Atlanta Braves,0,2,7,0,3,0,4,0
2024,2024-07-25,746199,Los Angeles Angels,1,5,7,1,9,0,-2,0
2024,2024-07-25,746199,Oakland Athletics,0,6,9,0,7,1,2,1
2024,2024-07-26,746448,Detroit Tigers,1,3,8,1,13,0,-5,0
2024,2024-07-26,746448,Minnesota Twins,0,9,13,0,8,1,5,1
2024,2024-07-26,745554,Philadelphia Phillies,1,1,6,2,9,1,-3,0
2024,2024-07-26,745554,Cleveland Guardians,0,3,9,1,6,2,3,1
2024,2024-07-26,745068,Tampa Bay Rays,1,2,7,2,3,0,4,0
2024,2024-07-26,745068,Cincinnati Reds,0,3,3,0,7,2,-4,1
2024,2024-07-26,747010,Baltimore Orioles,1,4,8,1,13,1,-5,0
2024,2024-07-26,747010,San Diego Padres,0,6,13,1,8,1,5,1
2024,2024-07-26,744906,Toronto Blue Jays,1,6,12,0,10,0,2,1
2024,2024-07-26,744906,Texas Rangers,0,5,10,0,12,0,-2,0
2024,2024-07-26,745792,New York Mets,1,8,8,0,7,2,1,1
2024,2024-07-26,745792,Atlanta Braves,0,4,7,2,8,0,-1,0
2024,2024-07-26,746933,Boston Red Sox,1,9,14,1,13,0,1,1
2024,2024-07-26,746933,New York Yankees,0,7,13,0,14,1,-1,0
2024,2024-07-26,746277,Kansas City Royals,1,6,10,0,4,0,6,1
2024,2024-07-26,746277,Chicago Cubs,0,0,4,0,10,0,-6,0
2024,2024-07-26,746361,Houston Astros,1,5,11,0,6,0,5,1
2024,2024-07-26,746361,Los Angeles Dodgers,0,0,6,0,11,0,-5,0
2024,2024-07-26,746767,Chicago White Sox,1,0,7,1,11,0,-4,0
2024,2024-07-26,746767,Seattle Mariners,0,10,11,0,7,1,4,1
2024,2024-07-26,745964,Milwaukee Brewers,1,2,7,1,11,1,-4,0
2024,2024-07-26,745964,Miami Marlins,0,6,11,1,7,1,4,1
2024,2024-07-26,745146,St. Louis Cardinals,1,8,11,0,11,0,0,0
2024,2024-07-26,745146,Washington Nationals,0,10,11,0,11,0,0,1
2024,2024-07-26,746200,Los Angeles Angels,1,4,8,0,7,0,1,0
2024,2024-07-26,746200,Oakland Athletics,0,5,7,0,8,0,-1,1
2024,2024-07-26,747174,Arizona Diamondbacks,1,4,9,0,7,0,2,1
2024,2024-07-26,747174,Pittsburgh Pirates,0,3,7,0,9,0,-2,0
2024,2024-07-26,745315,San Francisco Giants,1,11,14,0,5,1,9,1
2024,2024-07-26,745315,Colorado Rockies,0,4,5,1,14,0,-9,0
2024,2024-07-27,744908,Toronto Blue Jays,1,7,15,0,4,0,11,1
2024,2024-07-27,744908,Texas Rangers,0,3,4,0,15,0,-11,0
2024,2024-07-27,747006,Baltimore Orioles,1,4,7,2,14,0,-7,0
2024,2024-07-27,747006,San Diego Padres,0,9,14,0,7,2,7,1
2024,2024-07-27,745059,Tampa Bay Rays,1,4,8,0,4,0,4,1
2024,2024-07-27,745059,Cincinnati Reds,0,0,4,0,8,0,-4,0
2024,2024-07-27,745793,New York Mets,1,0,4,0,6,0,-2,0
2024,2024-07-27,745793,Atlanta Braves,0,4,6,0,4,0,2,1
2024,2024-07-27,745553,Philadelphia Phillies,1,8,12,0,4,0,8,1
2024,2024-07-27,745553,Cleveland Guardians,0,0,4,0,12,0,-8,0
2024,2024-07-27,746446,Detroit Tigers,1,7,7,0,6,2,1,1
2024,2024-07-27,746446,Minnesota Twins,0,2,6,2,7,0,-1,0
2024,2024-07-27,745307,San Francisco Giants,1,4,6,0,4,2,2,1
2024,2024-07-27,745307,Colorado Rockies,0,1,4,2,6,0,-2,0
2024,2024-07-27,745310,San Francisco Giants,1,5,11,0,4,0,7,1
2024,2024-07-27,745310,Colorado Rockies,0,0,4,0,11,0,-7,0
2024,2024-07-27,746278,Kansas City Royals,1,4,9,0,9,0,0,0
2024,2024-07-27,746278,Chicago Cubs,0,9,9,0,9,0,0,1
2024,2024-07-27,746362,Houston Astros,1,7,12,0,7,0,5,1
2024,2024-07-27,746362,Los Angeles Dodgers,0,6,7,0,12,0,-5,0
2024,2024-07-27,745966,Milwaukee Brewers,1,3,8,0,11,0,-3,0
2024,2024-07-27,745966,Miami Marlins,0,7,11,0,8,0,3,1
2024,2024-07-27,745150,St. Louis Cardinals,1,3,8,0,16,0,-8,0
2024,2024-07-27,745150,Washington Nationals,0,14,16,0,8,0,8,1
2024,2024-07-27,746768,Chicago White Sox,1,3,9,0,12,2,-3,0
2024,2024-07-27,746768,Seattle Mariners,0,6,12,2,9,0,3,1
2024,2024-07-27,746931,Boston Red Sox,1,8,13,1,16,1,-3,0
2024,2024-07-27,746931,New York Yankees,0,11,16,1,13,1,3,1
2024,2024-07-27,747171,Arizona Diamondbacks,1,9,13,0,8,1,5,1
2024,2024-07-27,747171,Pittsburgh Pirates,0,5,8,1,13,0,-5,0
2024,2024-07-27,746203,Los Angeles Angels,1,1,4,1,7,0,-3,0
2024,2024-07-27,746203,Oakland Athletics,0,3,7,0,4,1,3,1
2024,2024-07-28,745063,Tampa Bay Rays,1,2,3,3,6,0,-3,1
2024,2024-07-28,745063,Cincinnati Reds,0,1,6,0,3,3,3,0
2024,2024-07-28,747008,Baltimore Orioles,1,8,9,2,10,0,-1,1
2024,2024-07-28,747008,San Diego Padres,0,6,10,0,9,2,1,0
2024,2024-07-28,745550,Philadelphia Phillies,1,3,5,0,9,1,-4,0
2024,2024-07-28,745550,Cleveland Guardians,0,4,9,1,5,0,4,1
2024,2024-07-28,744902,Toronto Blue Jays,1,7,9,1,10,0,-1,1
2024,2024-07-28,744902,Texas Rangers,0,3,10,0,9,1,1,0
2024,2024-07-28,746445,Detroit Tigers,1,0,1,0,12,0,-11,0
2024,2024-07-28,746445,Minnesota Twins,0,5,12,0,1,0,11,1
2024,2024-07-28,745795,New York Mets,1,2,7,0,8,0,-1,0
2024,2024-07-28,745795,Atlanta Braves,0,9,8,0,7,0,1,1
2024,2024-07-28,746274,Kansas City Royals,1,3,5,1,12,0,-7,0
2024,2024-07-28,746274,Chicago Cubs,0,7,12,0,5,1,7,1
2024,2024-07-28,746364,Houston Astros,1,2,4,0,8,0,-4,0
2024,2024-07-28,746364,Los Angeles Dodgers,0,6,8,0,4,0,4,1
2024,2024-07-28,746770,Chicago White Sox,1,3,7,2,8,0,-1,0
2024,2024-07-28,746770,Seattle Mariners,0,6,8,0,7,2,1,1
2024,2024-07-28,745961,Milwaukee Brewers,1,6,9,0,7,0,2,1
2024,2024-07-28,745961,Miami Marlins,0,2,7,0,9,0,-2,0
2024,2024-07-28,745145,St. Louis Cardinals,1,4,7,0,9,0,-2,1
2024,2024-07-28,745145,Washington Nationals,0,3,9,0,7,0,2,0
2024,2024-07-28,745305,San Francisco Giants,1,5,13,0,9,2,4,1
2024,2024-07-28,745305,Colorado Rockies,0,4,9,2,13,0,-4,0
2024,2024-07-28,746195,Los Angeles Angels,1,8,10,1,7,0,3,1
2024,2024-07-28,746195,Oakland Athletics,0,6,7,0,10,1,-3,0
2024,2024-07-28,747173,Arizona Diamondbacks,1,5,5,0,7,0,-2,0
2024,2024-07-28,747173,Pittsburgh Pirates,0,6,7,0,5,0,2,1
2024,2024-07-28,746929,Boston Red Sox,1,2,7,3,10,1,-3,0
2024,2024-07-28,746929,New York Yankees,0,8,10,1,7,3,3,1
2024,2024-07-29,747007,Baltimore Orioles,1,11,13,0,13,0,0,1
2024,2024-07-29,747007,Toronto Blue Jays,0,5,13,0,13,0,0,0
2024,2024-07-29,747039,Baltimore Orioles,1,4,9,3,13,1,-4,0
2024,2024-07-29,747039,Toronto Blue Jays,0,8,13,1,9,3,4,1
2024,2024-07-29,746444,Detroit Tigers,1,4,8,0,9,0,-1,0
2024,2024-07-29,746444,Cleveland Guardians,0,8,9,0,8,0,1,1
2024,2024-07-29,745547,Philadelphia Phillies,1,4,8,0,14,1,-6,0
2024,2024-07-29,745547,New York Yankees,0,14,14,1,8,0,6,1
2024,2024-07-29,746684,Cincinnati Reds,1,7,9,0,3,0,6,1
2024,2024-07-29,746684,Chicago Cubs,0,1,3,0,9,0,-6,0
2024,2024-07-29,746928,Boston Red Sox,1,14,16,1,10,1,6,1
2024,2024-07-29,746928,Seattle Mariners,0,7,10,1,16,1,-6,0
2024,2024-07-29,745791,New York Mets,1,15,17,0,9,0,8,1
2024,2024-07-29,745791,Minnesota Twins,0,2,9,0,17,0,-8,0
2024,2024-07-29,745147,St. Louis Cardinals,1,3,7,2,13,0,-6,0
2024,2024-07-29,745147,Texas Rangers,0,6,13,0,7,2,6,1
2024,2024-07-29,746360,Houston Astros,1,3,9,0,6,3,3,0
2024,2024-07-29,746360,Pittsburgh Pirates,0,5,6,3,9,0,-3,1
2024,2024-07-29,746765,Chicago White Sox,1,5,11,2,15,0,-4,0
2024,2024-07-29,746765,Kansas City Royals,0,8,15,0,11,2,4,1
2024,2024-07-29,745959,Milwaukee Brewers,1,8,11,0,4,3,7,1
2024,2024-07-29,745959,Atlanta Braves,0,3,4,3,11,0,-7,0
2024,2024-07-29,747172,Arizona Diamondbacks,1,9,14,0,15,0,-1,1
2024,2024-07-29,747172,Washington Nationals,0,8,15,0,14,0,1,0
2024,2024-07-30,746441,Detroit Tigers,1,0,4,0,8,2,-4,0
2024,2024-07-30,746441,Cleveland Guardians,0,5,8,2,4,0,4,1
2024,2024-07-30,747005,Baltimore Orioles,1,6,11,0,5,1,6,1
2024,2024-07-30,747005,Toronto Blue Jays,0,2,5,1,11,0,-6,0
2024,2024-07-30,745546,Philadelphia Phillies,1,6,9,1,11,0,-2,0
2024,2024-07-30,745546,New York Yankees,0,7,11,0,9,1,2,1
2024,2024-07-30,745060,Tampa Bay Rays,1,9,11,0,10,0,1,1
2024,2024-07-30,745060,Miami Marlins,0,3,10,0,11,0,-1,0
2024,2024-07-30,746683,Cincinnati Reds,1,6,12,0,7,0,5,1
2024,2024-07-30,746683,Chicago Cubs,0,3,7,0,12,0,-5,0
2024,2024-07-30,746926,Boston Red Sox,1,6,11,3,10,0,1,0
2024,2024-07-30,746926,Seattle Mariners,0,10,10,0,11,3,-1,1
2024,2024-07-30,745787,New York Mets,1,2,5,1,2,0,3,1
2024,2024-07-30,745787,Minnesota Twins,0,0,2,0,5,1,-3,0
2024,2024-07-30,745149,St. Louis Cardinals,1,8,9,1,4,0,5,1
2024,2024-07-30,745149,Texas Rangers,0,1,4,0,9,1,-5,0
2024,2024-07-30,746365,Houston Astros,1,2,10,3,11,1,-1,0
2024,2024-07-30,746365,Pittsburgh Pirates,0,6,11,1,10,3,1,1
2024,2024-07-30,746763,Chicago White Sox,1,3,7,0,4,0,3,0
2024,2024-07-30,746763,Kansas City Royals,0,4,4,0,7,0,-3,1
2024,2024-07-30,745958,Milwaukee Brewers,1,1,6,0,14,0,-8,0
2024,2024-07-30,745958,Atlanta Braves,0,5,14,0,6,0,8,1
2024,2024-07-30,746197,Los Angeles Angels,1,10,14,0,7,1,7,1
2024,2024-07-30,746197,Colorado Rockies,0,7,7,1,14,0,-7,0
2024,2024-07-30,747167,Arizona Diamondbacks,1,17,22,0,4,1,18,1
2024,2024-07-30,747167,Washington Nationals,0,0,4,1,22,0,-18,0
2024,2024-07-30,745389,San Diego Padres,1,6,9,0,7,0,2,1
2024,2024-07-30,745389,Los Angeles Dodgers,0,5,7,0,9,0,-2,0
2024,2024-07-30,745309,San Francisco Giants,1,2,5,0,10,0,-5,0
2024,2024-07-30,745309,Oakland Athletics,0,5,10,0,5,0,5,1
2024,2024-07-31,745061,Tampa Bay Rays,1,2,7,0,8,0,-1,0
2024,2024-07-31,745061,Miami Marlins,0,6,8,0,7,0,1,1
2024,2024-07-31,747003,Baltimore Orioles,1,10,13,2,7,0,6,1
2024,2024-07-31,747003,Toronto Blue Jays,0,4,7,0,13,2,-6,0
2024,2024-07-31,745543,Philadelphia Phillies,1,5,9,0,9,0,0,0
2024,2024-07-31,745543,New York Yankees,0,6,9,0,9,0,0,1
2024,2024-07-31,745789,New York Mets,1,3,6,0,10,0,-4,0
2024,2024-07-31,745789,Minnesota Twins,0,8,10,0,6,0,4,1
2024,2024-07-31,746764,Chicago White Sox,1,3,6,1,16,0,-10,0
2024,2024-07-31,746764,Kansas City Royals,0,10,16,0,6,1,10,1
2024,2024-07-31,745960,Milwaukee Brewers,1,2,8,2,8,0,0,0
2024,2024-07-31,745960,Atlanta Braves,0,6,8,0,8,2,0,1
2024,2024-07-31,745148,St. Louis Cardinals,1,10,14,0,5,0,9,1
2024,2024-07-31,745148,Texas Rangers,0,1,5,0,14,0,-9,0
2024,2024-07-31,747170,Arizona Diamondbacks,1,5,12,0,10,2,2,1
2024,2024-07-31,747170,Washington Nationals,0,4,10,2,12,0,-2,0
2024,2024-07-31,746925,Boston Red Sox,1,3,10,0,7,1,3,1
2024,2024-07-31,746925,Seattle Mariners,0,2,7,1,10,0,-3,0
2024,2024-07-31,746678,Cincinnati Reds,1,4,6,1,17,0,-11,0
2024,2024-07-31,746678,Chicago Cubs,0,13,17,0,6,1,11,1
2024,2024-07-31,746363,Houston Astros,1,5,4,2,9,3,-5,1
2024,2024-07-31,746363,Pittsburgh Pirates,0,4,9,3,4,2,5,0
2024,2024-07-31,745386,San Diego Padres,1,8,12,0,3,3,9,1
2024,2024-07-31,745386,Los Angeles Dodgers,0,1,3,3,12,0,-9,0
2024,2024-07-31,746198,Los Angeles Angels,1,1,6,0,8,0,-2,0
2024,2024-07-31,746198,Colorado Rockies,0,2,8,0,6,0,2,1
2024,2024-07-31,745306,San Francisco Giants,1,1,4,1,5,0,-1,1
2024,2024-07-31,745306,Oakland Athletics,0,0,5,0,4,1,1,0
2024,2024-08-01,746607,Cleveland Guardians,1,10,11,1,5,0,6,1
2024,2024-08-01,746607,Baltimore Orioles,0,3,5,0,11,1,-6,0
2024,2024-08-01,746442,Detroit Tigers,1,1,4,0,10,0,-6,0
2024,2024-08-01,746442,Kansas City Royals,0,7,10,0,4,0,6,1
2024,2024-08-01,747092,Atlanta Braves,1,4,7,1,6,0,1,1
2024,2024-08-01,747092,Miami Marlins,0,2,6,0,7,1,-1,0
2024,2024-08-01,746849,Chicago Cubs,1,5,9,0,12,0,-3,1
2024,2024-08-01,746849,St. Louis Cardinals,0,4,12,0,9,0,3,0
2024,2024-08-01,746196,Los Angeles Angels,1,4,9,1,6,0,3,0
2024,2024-08-01,746196,Colorado Rockies,0,5,6,0,9,1,-3,1
2024,2024-08-02,746845,Chicago Cubs,1,6,8,1,4,1,4,1
2024,2024-08-02,746845,St. Louis Cardinals,0,3,4,1,8,1,-4,0
2024,2024-08-02,746443,Detroit Tigers,1,2,3,0,14,0,-11,0
2024,2024-08-02,746443,Kansas City Royals,0,9,14,0,3,0,11,1
2024,2024-08-02,745471,Pittsburgh Pirates,1,8,13,2,11,0,2,0
2024,2024-08-02,745471,Arizona Diamondbacks,0,9,11,0,13,2,-2,1
2024,2024-08-02,744825,Washington Nationals,1,3,10,2,11,0,-1,0
2024,2024-08-02,744825,Milwaukee Brewers,0,8,11,0,10,2,1,1
2024,2024-08-02,745719,New York Yankees,1,5,10,0,13,1,-3,0
2024,2024-08-02,745719,Toronto Blue Jays,0,8,13,1,10,0,3,1
2024,2024-08-02,746605,Cleveland Guardians,1,8,10,0,4,0,6,1
2024,2024-08-02,746605,Baltimore Orioles,0,4,4,0,10,0,-6,0
2024,2024-08-02,746679,Cincinnati Reds,1,0,0,0,9,0,-9,0
2024,2024-08-02,746679,San Francisco Giants,0,3,9,0,0,0,9,1
2024,2024-08-02,747089,Atlanta Braves,1,5,5,0,8,0,-3,1
2024,2024-08-02,747089,Miami Marlins,0,3,8,0,5,0,3,0
2024,2024-08-02,744986,Texas Rangers,1,6,8,0,16,0,-8,0
2024,2024-08-02,744986,Boston Red Sox,0,11,16,0,8,0,8,1
2024,2024-08-02,746354,Houston Astros,1,3,10,0,5,1,5,1
2024,2024-08-02,746354,Tampa Bay Rays,0,2,5,1,10,0,-5,0
2024,2024-08-02,745875,Minnesota Twins,1,10,9,0,3,0,6,1
2024,2024-08-02,745875,Chicago White Sox,0,2,3,0,9,0,-6,0
2024,2024-08-02,746193,Los Angeles Angels,1,1,6,2,13,0,-7,0
2024,2024-08-02,746193,New York Mets,0,5,13,0,6,2,7,1
2024,2024-08-02,745631,Oakland Athletics,1,6,11,0,6,0,5,1
2024,2024-08-02,745631,Los Angeles Dodgers,0,5,6,0,11,0,-5,0
2024,2024-08-02,745387,San Diego Padres,1,2,5,1,8,0,-3,0
2024,2024-08-02,745387,Colorado Rockies,0,5,8,0,5,1,3,1
2024,2024-08-02,745224,Seattle Mariners,1,10,9,0,9,0,0,1
2024,2024-08-02,745224,Philadelphia Phillies,0,2,9,0,9,0,0,0
2024,2024-08-03,745714,New York Yankees,1,8,10,0,8,2,2,1
2024,2024-08-03,745714,Toronto Blue Jays,0,3,8,2,10,0,-2,0
2024,2024-08-03,746846,Chicago Cubs,1,4,5,1,9,0,-4,0
2024,2024-08-03,746846,St. Louis Cardinals,0,5,9,0,5,1,4,1
2024,2024-08-03,744823,Washington Nationals,1,6,10,1,7,0,3,1
2024,2024-08-03,744823,Milwaukee Brewers,0,4,7,0,10,1,-3,0
2024,2024-08-03,746440,Detroit Tigers,1,6,11,1,9,1,2,1
2024,2024-08-03,746440,Kansas City Royals,0,5,9,1,11,1,-2,0
2024,2024-08-03,745474,Pittsburgh Pirates,1,4,6,1,6,0,0,1
2024,2024-08-03,745474,Arizona Diamondbacks,0,2,6,0,6,1,0,0
2024,2024-08-03,744987,Texas Rangers,1,7,13,0,11,1,2,1
2024,2024-08-03,744987,Boston Red Sox,0,4,11,1,13,0,-2,0
2024,2024-08-03,745876,Minnesota Twins,1,6,8,0,3,1,5,1
2024,2024-08-03,745876,Chicago White Sox,0,2,3,1,8,0,-5,0
2024,2024-08-03,746608,Cleveland Guardians,1,4,6,0,15,1,-9,0
2024,2024-08-03,746608,Baltimore Orioles,0,7,15,1,6,0,9,1
2024,2024-08-03,746681,Cincinnati Reds,1,6,8,2,5,1,3,1
2024,2024-08-03,746681,San Francisco Giants,0,4,5,1,8,2,-3,0
2024,2024-08-03,746358,Houston Astros,1,1,5,1,13,0,-8,0
2024,2024-08-03,746358,Tampa Bay Rays,0,6,13,0,5,1,8,1
2024,2024-08-03,747087,Atlanta Braves,1,3,7,0,10,0,-3,0
2024,2024-08-03,747087,Miami Marlins,0,4,10,0,7,0,3,1
2024,2024-08-03,745388,San Diego Padres,1,3,5,0,5,0,0,1
2024,2024-08-03,745388,Colorado Rockies,0,2,5,0,5,0,0,0
2024,2024-08-03,745636,Oakland Athletics,1,0,6,1,14,1,-8,0
2024,2024-08-03,745636,Los Angeles Dodgers,0,10,14,1,6,1,8,1
2024,2024-08-03,746194,Los Angeles Angels,1,5,9,0,8,0,1,1
2024,2024-08-03,746194,New York Mets,0,4,8,0,9,0,-1,0
2024,2024-08-03,745225,Seattle Mariners,1,6,8,1,8,1,0,1
2024,2024-08-03,745225,Philadelphia Phillies,0,5,8,1,8,1,0,0
2024,2024-08-04,746680,Cincinnati Reds,1,2,4,0,12,1,-8,0
2024,2024-08-04,746680,San Francisco Giants,0,8,12,1,4,0,8,1
2024,2024-08-04,745468,Pittsburgh Pirates,1,5,10,0,9,0,1,0
2024,2024-08-04,745468,Arizona Diamondbacks,0,6,9,0,10,0,-1,1
2024,2024-08-04,747088,Atlanta Braves,1,0,6,0,9,0,-3,0
2024,2024-08-04,747088,Miami Marlins,0,7,9,0,6,0,3,1
2024,2024-08-04,745718,New York Yankees,1,4,10,1,7,0,3,1
2024,2024-08-04,745718,Toronto Blue Jays,0,3,7,0,10,1,-3,0
2024,2024-08-04,744826,Washington Nationals,1,4,9,0,7,0,2,1
2024,2024-08-04,744826,Milwaukee Brewers,0,3,7,0,9,0,-2,0
2024,2024-08-04,746606,Cleveland Guardians,1,5,10,0,15,1,-5,0
2024,2024-08-04,746606,Baltimore Orioles,0,9,15,1,10,0,5,1
2024,2024-08-04,746439,Detroit Tigers,1,2,9,0,9,0,0,0
2024,2024-08-04,746439,Kansas City Royals,0,3,9,0,9,0,0,1
2024,2024-08-04,746356,Houston Astros,1,0,3,0,6,0,-3,0
2024,2024-08-04,746356,Tampa Bay Rays,0,1,6,0,3,0,3,1
2024,2024-08-04,745879,Minnesota Twins,1,13,14,1,12,1,2,1
2024,2024-08-04,745879,Chicago White Sox,0,7,12,1,14,1,-2,0
2024,2024-08-04,744979,Texas Rangers,1,2,3,0,10,1,-7,0
2024,2024-08-04,744979,Boston Red Sox,0,7,10,1,3,0,7,1
2024,2024-08-04,746191,Los Angeles Angels,1,3,4,3,5,0,-1,1
2024,2024-08-04,746191,New York Mets,0,2,5,0,4,3,1,0
2024,2024-08-04,745627,Oakland Athletics,1,2,6,1,6,0,0,0
2024,2024-08-04,745627,Los Angeles Dodgers,0,3,6,0,6,1,0,1
2024,2024-08-04,745384,San Diego Padres,1,10,12,0,5,0,7,1
2024,2024-08-04,745384,Colorado Rockies,0,2,5,0,12,0,-7,0
2024,2024-08-04,745222,Seattle Mariners,1,0,3,1,10,0,-7,0
2024,2024-08-04,745222,Philadelphia Phillies,0,6,10,0,3,1,7,1
2024,2024-08-04,746844,Chicago Cubs,1,6,11,0,5,0,6,1
2024,2024-08-04,746844,St. Louis Cardinals,0,2,5,0,11,0,-6,0
2024,2024-08-05,745184,St. Louis Cardinals,1,0,6,0,9,1,-3,0
2024,2024-08-05,745184,New York Mets,0,6,9,1,6,0,3,1
2024,2024-08-05,746600,Cleveland Guardians,1,6,10,0,10,0,0,0
2024,2024-08-05,746600,Arizona Diamondbacks,0,7,10,0,10,0,0,1
2024,2024-08-05,746038,Miami Marlins,1,3,11,2,15,2,-4,0
2024,2024-08-05,746038,Cincinnati Reds,0,10,15,2,11,2,4,1
2024,2024-08-05,744821,Washington Nationals,1,1,6,0,9,0,-3,0
2024,2024-08-05,744821,San Francisco Giants,0,4,9,0,6,0,3,1
2024,2024-08-05,744982,Texas Rangers,1,4,5,0,4,1,1,1
2024,2024-08-05,744982,Houston Astros,0,3,4,1,5,0,-1,0
2024,2024-08-05,746847,Chicago Cubs,1,0,4,0,8,0,-4,0
2024,2024-08-05,746847,Minnesota Twins,0,3,8,0,4,0,4,1
2024,2024-08-05,746276,Kansas City Royals,1,5,9,0,18,0,-9,0
2024,2024-08-05,746276,Boston Red Sox,0,9,18,0,9,0,9,1
2024,2024-08-05,745628,Oakland Athletics,1,5,4,0,4,0,0,1
2024,2024-08-05,745628,Chicago White Sox,0,1,4,0,4,0,0,0
2024,2024-08-05,746116,Los Angeles Dodgers,1,5,9,0,8,0,1,1
2024,2024-08-05,746116,Philadelphia Phillies,0,3,8,0,9,0,-1,0
2024,2024-08-06,745467,Pittsburgh Pirates,1,0,5,0,14,0,-9,0
2024,2024-08-06,745467,San Diego Padres,0,6,14,0,5,0,9,1
2024,2024-08-06,746033,Miami Marlins,1,2,4,1,13,0,-9,0
2024,2024-08-06,746033,Cincinnati Reds,0,8,13,0,4,1,9,1
2024,2024-08-06,744817,Washington Nationals,1,11,15,2,9,0,6,1
2024,2024-08-06,744817,San Francisco Giants,0,5,9,0,15,2,-6,0
2024,2024-08-06,744901,Toronto Blue Jays,1,5,9,0,3,0,6,1
2024,2024-08-06,744901,Baltimore Orioles,0,2,3,0,9,0,-6,0
2024,2024-08-06,747086,Atlanta Braves,1,0,6,1,16,0,-10,0
2024,2024-08-06,747086,Milwaukee Brewers,0,10,16,0,6,1,10,1
2024,2024-08-06,745141,St. Louis Cardinals,1,4,8,1,6,0,2,1
2024,2024-08-06,745141,Tampa Bay Rays,0,3,6,0,8,1,-2,0
2024,2024-08-06,744983,Texas Rangers,1,2,1,0,11,1,-10,0
2024,2024-08-06,744983,Houston Astros,0,4,11,1,1,0,10,1
2024,2024-08-06,746840,Chicago Cubs,1,7,11,0,3,1,8,1
2024,2024-08-06,746840,Minnesota Twins,0,3,3,1,11,0,-8,0
2024,2024-08-06,746273,Kansas City Royals,1,5,8,2,7,0,1,0
2024,2024-08-06,746273,Boston Red Sox,0,6,7,0,8,2,-1,1
2024,2024-08-06,746519,Colorado Rockies,1,6,10,0,9,2,1,1
2024,2024-08-06,746519,New York Mets,0,3,9,2,10,0,-1,0
2024,2024-08-06,745221,Seattle Mariners,1,2,5,1,10,0,-5,0
2024,2024-08-06,745221,Detroit Tigers,0,4,10,0,5,1,5,1
2024,2024-08-06,745629,Oakland Athletics,1,1,6,0,7,0,-1,0
2024,2024-08-06,745629,Chicago White Sox,0,5,7,0,6,0,1,1
2024,2024-08-06,746120,Los Angeles Dodgers,1,2,7,0,14,1,-7,0
2024,2024-08-06,746120,Philadelphia Phillies,0,6,14,1,7,0,7,1
2024,2024-08-07,746604,Cleveland Guardians,1,3,8,0,7,0,1,0
2024,2024-08-07,746604,Arizona Diamondbacks,0,7,7,0,8,0,-1,1
2024,2024-08-07,746602,Cleveland Guardians,1,3,7,1,8,1,-1,0
2024,2024-08-07,746602,Arizona Diamondbacks,0,5,8,1,7,1,1,1
2024,2024-08-07,746842,Chicago Cubs,1,8,8,2,6,0,2,1
2024,2024-08-07,746842,Minnesota Twins,0,2,6,0,8,2,-2,0
2024,2024-08-07,744981,Texas Rangers,1,4,9,0,13,1,-4,0
2024,2024-08-07,744981,Houston Astros,0,6,13,1,9,0,4,1
2024,2024-08-07,745630,Oakland Athletics,1,3,6,2,7,0,-1,1
2024,2024-08-07,745630,Chicago White Sox,0,2,7,0,6,2,1,0
2024,2024-08-07,745709,New York Yankees,1,5,9,0,5,0,4,1
2024,2024-08-07,745709,Los Angeles Angels,0,2,5,0,9,0,-4,0
2024,2024-08-07,745713,New York Yankees,1,2,9,0,13,1,-4,0
2024,2024-08-07,745713,Los Angeles Angels,0,8,13,1,9,0,4,1
2024,2024-08-07,745469,Pittsburgh Pirates,1,8,11,0,14,2,-3,0
2024,2024-08-07,745469,San Diego Padres,0,9,14,2,11,0,3,1
2024,2024-08-07,746031,Miami Marlins,1,6,8,0,10,0,-2,1
2024,2024-08-07,746031,Cincinnati Reds,0,4,10,0,8,0,2,0
2024,2024-08-07,744822,Washington Nationals,1,4,8,0,10,1,-2,0
2024,2024-08-07,744822,San Francisco Giants,0,7,10,1,8,0,2,1
2024,2024-08-07,744903,Toronto Blue Jays,1,3,10,3,7,1,3,0
2024,2024-08-07,744903,Baltimore Orioles,0,7,7,1,10,3,-3,1
2024,2024-08-07,747085,Atlanta Braves,1,5,10,1,16,0,-6,0
2024,2024-08-07,747085,Milwaukee Brewers,0,8,16,0,10,1,6,1
2024,2024-08-07,745142,St. Louis Cardinals,1,5,9,0,8,2,1,1
2024,2024-08-07,745142,Tampa Bay Rays,0,2,8,2,9,0,-1,0
2024,2024-08-07,746272,Kansas City Royals,1,8,7,1,6,1,1,1
2024,2024-08-07,746272,Boston Red Sox,0,4,6,1,7,1,-1,0
2024,2024-08-07,746521,Colorado Rockies,1,3,7,1,11,1,-4,0
2024,2024-08-07,746521,New York Mets,0,5,11,1,7,1,4,1
2024,2024-08-07,745223,Seattle Mariners,1,2,5,1,13,0,-8,0
2024,2024-08-07,745223,Detroit Tigers,0,6,13,0,5,1,8,1
2024,2024-08-07,746115,Los Angeles Dodgers,1,4,8,1,10,0,-2,0
2024,2024-08-07,746115,Philadelphia Phillies,0,9,10,0,8,1,2,1
2024,2024-08-08,744819,Washington Nationals,1,5,7,4,13,0,-6,0
2024,2024-08-08,744819,San Francisco Giants,0,9,13,0,7,4,6,1
2024,2024-08-08,747081,Atlanta Braves,1,7,10,0,20,1,-10,0
2024,2024-08-08,747081,Milwaukee Brewers,0,16,20,1,10,0,10,1
2024,2024-08-08,745466,Pittsburgh Pirates,1,6,12,1,7,0,5,0
2024,2024-08-08,745466,San Diego Padres,0,7,7,0,12,1,-5,1
2024,2024-08-08,746522,Colorado Rockies,1,1,7,0,13,0,-6,0
2024,2024-08-08,746522,New York Mets,0,9,13,0,7,0,6,1
2024,2024-08-08,746030,Miami Marlins,1,4,9,1,12,1,-3,0
2024,2024-08-08,746030,Cincinnati Reds,0,10,12,1,9,1,3,1
2024,2024-08-08,745710,New York Yankees,1,4,8,0,14,0,-6,0
2024,2024-08-08,745710,Los Angeles Angels,0,9,14,0,8,0,6,1
2024,2024-08-08,744899,Toronto Blue Jays,1,7,7,0,8,1,-1,1
2024,2024-08-08,744899,Baltimore Orioles,0,6,8,1,7,0,1,0
2024,2024-08-08,745143,St. Louis Cardinals,1,4,9,0,12,0,-3,0
2024,2024-08-08,745143,Tampa Bay Rays,0,6,12,0,9,0,3,1
2024,2024-08-08,745226,Seattle Mariners,1,4,7,0,5,0,2,1
2024,2024-08-08,745226,Detroit Tigers,0,3,5,0,7,0,-2,0
2024,2024-08-08,747169,Arizona Diamondbacks,1,4,11,0,14,1,-3,0
2024,2024-08-08,747169,Philadelphia Phillies,0,6,14,1,11,0,3,1
2024,2024-08-09,745927,Minnesota Twins,1,4,8,1,5,0,3,1
2024,2024-08-09,745927,Cleveland Guardians,0,2,5,0,8,1,-3,0
2024,2024-08-09,745871,Minnesota Twins,1,6,11,1,8,2,3,1
2024,2024-08-09,745871,Cleveland Guardians,0,3,8,2,11,1,-3,0
2024,2024-08-09,744818,Washington Nationals,1,3,7,3,10,2,-3,1
2024,2024-08-09,744818,Los Angeles Angels,0,2,10,2,7,3,3,0
2024,2024-08-09,745062,Tampa Bay Rays,1,1,5,1,10,0,-5,0
2024,2024-08-09,745062,Baltimore Orioles,0,4,10,0,5,1,5,1
2024,2024-08-09,744900,Toronto Blue Jays,1,3,10,0,6,1,4,1
2024,2024-08-09,744900,Oakland Athletics,0,1,6,1,10,0,-4,0
2024,2024-08-09,746927,Boston Red Sox,1,4,6,1,16,1,-10,0
2024,2024-08-09,746927,Houston Astros,0,8,16,1,6,1,10,1
2024,2024-08-09,746032,Miami Marlins,1,2,4,0,11,0,-7,0
2024,2024-08-09,746032,San Diego Padres,0,6,11,0,4,0,7,1
2024,2024-08-09,746275,Kansas City Royals,1,5,10,0,13,0,-3,0
2024,2024-08-09,746275,St. Louis Cardinals,0,8,13,0,10,0,3,1
2024,2024-08-09,746760,Chicago White Sox,1,6,14,0,16,0,-2,0
2024,2024-08-09,746760,Chicago Cubs,0,7,16,0,14,0,2,1
2024,2024-08-09,745957,Milwaukee Brewers,1,8,7,0,9,1,-2,1
2024,2024-08-09,745957,Cincinnati Reds,0,3,9,1,7,0,2,0
2024,2024-08-09,746523,Colorado Rockies,1,6,10,0,12,0,-2,1
2024,2024-08-09,746523,Atlanta Braves,0,5,12,0,10,0,2,0
2024,2024-08-09,747168,Arizona Diamondbacks,1,3,9,0,5,0,4,1
2024,2024-08-09,747168,Philadelphia Phillies,0,2,5,0,9,0,-4,0
2024,2024-08-09,746113,Los Angeles Dodgers,1,9,8,0,11,0,-3,1
2024,2024-08-09,746113,Pittsburgh Pirates,0,5,11,0,8,0,3,0
2024,2024-08-09,745220,Seattle Mariners,1,6,6,0,7,0,-1,1
2024,2024-08-09,745220,New York Mets,0,0,7,0,6,0,1,0
2024,2024-08-09,745308,San Francisco Giants,1,3,4,3,5,1,-1,1
2024,2024-08-09,745308,Detroit Tigers,0,2,5,1,4,3,1,0
2024,2024-08-10,745712,New York Yankees,1,8,12,0,5,0,7,1
2024,2024-08-10,745712,Texas Rangers,0,0,5,0,12,0,-7,0
2024,2024-08-10,745708,New York Yankees,1,4,8,1,16,1,-8,0
2024,2024-08-10,745708,Texas Rangers,0,9,16,1,8,1,8,1
2024,2024-08-10,744897,Toronto Blue Jays,1,0,2,0,8,0,-6,0
2024,2024-08-10,744897,Oakland Athletics,0,1,8,0,2,0,6,1
2024,2024-08-10,745304,San Francisco Giants,1,3,6,0,5,2,1,1
2024,2024-08-10,745304,Detroit Tigers,0,1,5,2,6,0,-1,0
2024,2024-08-10,746922,Boston Red Sox,1,4,6,0,10,0,-4,0
2024,2024-08-10,746922,Houston Astros,0,5,10,0,6,0,4,1
2024,2024-08-10,746026,Miami Marlins,1,8,11,0,12,1,-1,0
2024,2024-08-10,746026,San Diego Padres,0,9,12,1,11,0,1,1
2024,2024-08-10,744820,Washington Nationals,1,5,9,0,11,0,-2,1
2024,2024-08-10,744820,Los Angeles Angels,0,4,11,0,9,0,2,0
2024,2024-08-10,746269,Kansas City Royals,1,8,12,1,10,2,2,1
2024,2024-08-10,746269,St. Louis Cardinals,0,3,10,2,12,1,-2,0
2024,2024-08-10,745873,Minnesota Twins,1,1,4,0,4,1,0,0
2024,2024-08-10,745873,Cleveland Guardians,0,2,4,1,4,0,0,1
2024,2024-08-10,745955,Milwaukee Brewers,1,1,2,1,3,0,-1,1
2024,2024-08-10,745955,Cincinnati Reds,0,0,3,0,2,1,1,0
2024,2024-08-10,745056,Tampa Bay Rays,1,5,7,0,15,1,-8,0
2024,2024-08-10,745056,Baltimore Orioles,0,7,15,1,7,0,8,1
2024,2024-08-10,746761,Chicago White Sox,1,1,7,0,9,2,-2,0
2024,2024-08-10,746761,Chicago Cubs,0,3,9,2,7,0,2,1
2024,2024-08-10,747164,Arizona Diamondbacks,1,11,15,1,5,1,10,1
2024,2024-08-10,747164,Philadelphia Phillies,0,1,5,1,15,1,-10,0
2024,2024-08-10,746520,Colorado Rockies,1,8,12,1,11,0,1,0
2024,2024-08-10,746520,Atlanta Braves,0,11,11,0,12,1,-1,1
2024,2024-08-10,746112,Los Angeles Dodgers,1,4,8,1,9,0,-1,1
2024,2024-08-10,746112,Pittsburgh Pirates,0,1,9,0,8,1,1,0
2024,2024-08-10,745219,Seattle Mariners,1,4,6,0,4,0,2,1
2024,2024-08-10,745219,New York Mets,0,0,4,0,6,0,-2,0
2024,2024-08-11,744816,Washington Nationals,1,4,9,1,9,0,0,0
2024,2024-08-11,744816,Los Angeles Angels,0,6,9,0,9,1,0,1
2024,2024-08-11,746923,Boston Red Sox,1,2,6,0,13,1,-7,0
2024,2024-08-11,746923,Houston Astros,0,10,13,1,6,0,7,1
2024,2024-08-11,745711,New York Yankees,1,8,12,1,12,1,0,1
2024,2024-08-11,745711,Texas Rangers,0,7,12,1,12,1,0,0
2024,2024-08-11,744895,Toronto Blue Jays,1,4,5,1,12,0,-7,0
2024,2024-08-11,744895,Oakland Athletics,0,8,12,0,5,1,7,1
2024,2024-08-11,745057,Tampa Bay Rays,1,2,6,0,9,0,-3,1
2024,2024-08-11,745057,Baltimore Orioles,0,1,9,0,6,0,3,0
2024,2024-08-11,746025,Miami Marlins,1,7,10,0,10,2,0,1
2024,2024-08-11,746025,San Diego Padres,0,6,10,2,10,0,0,0
2024,2024-08-11,745872,Minnesota Twins,1,3,11,1,9,0,2,0
2024,2024-08-11,745872,Cleveland Guardians,0,5,9,0,11,1,-2,1
2024,2024-08-11,745956,Milwaukee Brewers,1,3,5,1,5,1,0,0
2024,2024-08-11,745956,Cincinnati Reds,0,4,5,1,5,1,0,1
2024,2024-08-11,746517,Colorado Rockies,1,9,16,0,13,0,3,1
2024,2024-08-11,746517,Atlanta Braves,0,8,13,0,16,0,-3,0
2024,2024-08-11,745303,San Francisco Giants,1,4,8,0,9,0,-1,0
2024,2024-08-11,745303,Detroit Tigers,0,5,9,0,8,0,1,1
2024,2024-08-11,746114,Los Angeles Dodgers,1,6,13,0,9,0,4,1
2024,2024-08-11,746114,Pittsburgh Pirates,0,5,9,0,13,0,-4,0
2024,2024-08-11,747166,Arizona Diamondbacks,1,12,18,0,8,2,10,1
2024,2024-08-11,747166,Philadelphia Phillies,0,5,8,2,18,0,-10,0
2024,2024-08-11,745216,Seattle Mariners,1,12,12,0,6,1,6,1
2024,2024-08-11,745216,New York Mets,0,1,6,1,12,0,-6,0
2024,2024-08-12,746603,Cleveland Guardians,1,9,11,1,9,1,2,1
2024,2024-08-12,746603,Chicago Cubs,0,8,9,1,11,1,-2,0
2024,2024-08-12,746682,Cincinnati Reds,1,6,6,1,5,0,1,1
2024,2024-08-12,746682,St. Louis Cardinals,0,1,5,0,6,1,-1,0
2024,2024-08-12,745058,Tampa Bay Rays,1,1,4,0,10,0,-6,0
2024,2024-08-12,745058,Houston Astros,0,6,10,0,4,0,6,1
2024,2024-08-12,746921,Boston Red Sox,1,5,9,0,6,0,3,1
2024,2024-08-12,746921,Texas Rangers,0,4,6,0,9,0,-3,0
2024,2024-08-12,745874,Minnesota Twins,1,8,10,0,8,1,2,1
2024,2024-08-12,745874,Kansas City Royals,0,3,8,1,10,0,-2,0
2024,2024-08-12,746762,Chicago White Sox,1,12,18,2,9,0,9,1
2024,2024-08-12,746762,New York Yankees,0,2,9,0,18,2,-9,0
2024,2024-08-12,745953,Milwaukee Brewers,1,2,6,0,6,0,0,0
2024,2024-08-12,745953,Los Angeles Dodgers,0,5,6,0,6,0,0,1
2024,2024-08-12,746192,Los Angeles Angels,1,2,2,0,9,0,-7,0
2024,2024-08-12,746192,Toronto Blue Jays,0,4,9,0,2,0,7,1
2024,2024-08-12,747165,Arizona Diamondbacks,1,5,8,0,9,0,-1,1
2024,2024-08-12,747165,Colorado Rockies,0,4,9,0,8,0,1,0
2024,2024-08-12,745383,San Diego Padres,1,2,6,0,7,1,-1,1
2024,2024-08-12,745383,Pittsburgh Pirates,0,1,7,1,6,0,1,0
2024,2024-08-12,745300,San Francisco Giants,1,0,4,0,4,0,0,0
2024,2024-08-12,745300,Atlanta Braves,0,1,4,0,4,0,0,1
2024,2024-08-13,747004,Baltimore Orioles,1,3,10,0,14,1,-4,0
2024,2024-08-13,747004,Washington Nationals,0,9,14,1,10,0,4,1
2024,2024-08-13,746601,Cleveland Guardians,1,2,6,1,5,0,1,1
2024,2024-08-13,746601,Chicago Cubs,0,1,5,0,6,1,-1,0
2024,2024-08-13,746435,Detroit Tigers,1,15,20,0,3,1,17,1
2024,2024-08-13,746435,Seattle Mariners,0,1,3,1,20,0,-17,0
2024,2024-08-13,746673,Cincinnati Reds,1,4,6,0,4,0,2,1
2024,2024-08-13,746673,St. Louis Cardinals,0,1,4,0,6,0,-2,0
2024,2024-08-13,745548,Philadelphia Phillies,1,0,4,2,8,0,-4,0
2024,2024-08-13,745548,Miami Marlins,0,5,8,0,4,2,4,1
2024,2024-08-13,745055,Tampa Bay Rays,1,2,5,0,9,1,-4,0
2024,2024-08-13,745055,Houston Astros,0,3,9,1,5,0,4,1
2024,2024-08-13,745788,New York Mets,1,4,9,1,11,0,-2,0
2024,2024-08-13,745788,Oakland Athletics,0,9,11,0,9,1,2,1
2024,2024-08-13,746924,Boston Red Sox,1,9,12,0,6,0,6,1
2024,2024-08-13,746924,Texas Rangers,0,4,6,0,12,0,-6,0
2024,2024-08-13,745867,Minnesota Twins,1,13,15,0,7,1,8,1
2024,2024-08-13,745867,Kansas City Royals,0,3,7,1,15,0,-8,0
2024,2024-08-13,746757,Chicago White Sox,1,1,5,0,9,0,-4,0
2024,2024-08-13,746757,New York Yankees,0,4,9,0,5,0,4,1
2024,2024-08-13,745954,Milwaukee Brewers,1,2,6,1,13,0,-7,0
2024,2024-08-13,745954,Los Angeles Dodgers,0,7,13,0,6,1,7,1
2024,2024-08-13,746187,Los Angeles Angels,1,1,7,0,7,0,0,0
2024,2024-08-13,746187,Toronto Blue Jays,0,6,7,0,7,0,0,1
2024,2024-08-13,747160,Arizona Diamondbacks,1,4,9,0,6,0,3,1
2024,2024-08-13,747160,Colorado Rockies,0,3,6,0,9,0,-3,0
2024,2024-08-13,745382,San Diego Padres,1,3,7,0,9,2,-2,1
2024,2024-08-13,745382,Pittsburgh Pirates,0,0,9,2,7,0,2,0
2024,2024-08-13,745302,San Francisco Giants,1,3,7,1,10,1,-3,0
2024,2024-08-13,745302,Atlanta Braves,0,4,10,1,7,1,3,1
2024,2024-08-14,745869,Minnesota Twins,1,1,7,0,11,0,-4,0
2024,2024-08-14,745869,Kansas City Royals,0,4,11,0,7,0,4,1
2024,2024-08-14,747163,Arizona Diamondbacks,1,11,9,1,8,2,1,1
2024,2024-08-14,747163,Colorado Rockies,0,4,8,2,9,1,-1,0
2024,2024-08-14,745381,San Diego Padres,1,8,10,1,8,0,2,1
2024,2024-08-14,745381,Pittsburgh Pirates,0,2,8,0,10,1,-2,0
2024,2024-08-14,746919,Boston Red Sox,1,7,10,2,15,0,-5,0
2024,2024-08-14,746919,Texas Rangers,0,9,15,0,10,2,5,1
2024,2024-08-14,747000,Baltimore Orioles,1,4,7,0,5,0,2,1
2024,2024-08-14,747000,Washington Nationals,0,1,5,0,7,0,-2,0
2024,2024-08-14,746598,Cleveland Guardians,1,6,7,0,5,0,2,1
2024,2024-08-14,746598,Chicago Cubs,0,1,5,0,7,0,-2,0
2024,2024-08-14,746436,Detroit Tigers,1,3,7,0,5,0,2,1
2024,2024-08-14,746436,Seattle Mariners,0,2,5,0,7,0,-2,0
2024,2024-08-14,746677,Cincinnati Reds,1,9,13,0,10,1,3,1
2024,2024-08-14,746677,St. Louis Cardinals,0,2,10,1,13,0,-3,0
2024,2024-08-14,745544,Philadelphia Phillies,1,9,13,1,11,0,2,1
2024,2024-08-14,745544,Miami Marlins,0,5,11,0,13,1,-2,0
2024,2024-08-14,745053,Tampa Bay Rays,1,1,2,0,2,1,0,0
2024,2024-08-14,745053,Houston Astros,0,2,2,1,2,0,0,1
2024,2024-08-14,745790,New York Mets,1,9,11,1,6,1,5,1
2024,2024-08-14,745790,Oakland Athletics,0,1,6,1,11,1,-5,0
2024,2024-08-14,746759,Chicago White Sox,1,2,9,0,12,0,-3,0
2024,2024-08-14,746759,New York Yankees,0,10,12,0,9,0,3,1
2024,2024-08-14,745951,Milwaukee Brewers,1,5,5,1,9,2,-4,1
2024,2024-08-14,745951,Los Angeles Dodgers,0,4,9,2,5,1,4,0
2024,2024-08-14,746188,Los Angeles Angels,1,2,3,0,8,1,-5,0
2024,2024-08-14,746188,Toronto Blue Jays,0,9,8,1,3,0,5,1
2024,2024-08-14,745301,San Francisco Giants,1,2,9,0,11,0,-2,0
2024,2024-08-14,745301,Atlanta Braves,0,13,11,0,9,0,2,1
2024,2024-08-15,745783,New York Mets,1,6,9,0,12,0,-3,0
2024,2024-08-15,745783,Oakland Athletics,0,7,12,0,9,0,3,1
2024,2024-08-15,746437,Detroit Tigers,1,2,3,0,1,0,2,1
2024,2024-08-15,746437,Seattle Mariners,0,1,1,0,3,0,-2,0
2024,2024-08-15,745950,Milwaukee Brewers,1,6,7,1,10,0,-3,1
2024,2024-08-15,745950,Los Angeles Dodgers,0,4,10,0,7,1,3,0
2024,2024-08-15,745298,San Francisco Giants,1,6,10,1,4,0,6,1
2024,2024-08-15,745298,Atlanta Braves,0,0,4,0,10,1,-6,0
2024,2024-08-15,747002,Baltimore Orioles,1,5,8,0,7,0,1,1
2024,2024-08-15,747002,Boston Red Sox,0,1,7,0,8,0,-1,0
2024,2024-08-15,745545,Philadelphia Phillies,1,13,17,1,8,3,9,1
2024,2024-08-15,745545,Washington Nationals,0,3,8,3,17,1,-9,0
2024,2024-08-15,744980,Texas Rangers,1,2,8,1,6,0,2,0
2024,2024-08-15,744980,Minnesota Twins,0,3,6,0,8,1,-2,1
2024,2024-08-16,746843,Chicago Cubs,1,6,7,2,10,1,-3,1
2024,2024-08-16,746843,Toronto Blue Jays,0,5,10,1,7,2,3,0
2024,2024-08-16,746674,Cincinnati Reds,1,1,4,1,13,1,-9,0
2024,2024-08-16,746674,Kansas City Royals,0,7,13,1,4,1,9,1
2024,2024-08-16,745462,Pittsburgh Pirates,1,5,8,0,5,3,3,1
2024,2024-08-16,745462,Seattle Mariners,0,3,5,3,8,0,-3,0
2024,2024-08-16,745542,Philadelphia Phillies,1,3,10,0,11,1,-1,1
2024,2024-08-16,745542,Washington Nationals,0,2,11,1,10,0,1,0
2024,2024-08-16,746438,Detroit Tigers,1,0,5,1,5,1,0,0
2024,2024-08-16,746438,New York Yankees,0,3,5,1,5,1,0,1
2024,2024-08-16,745054,Tampa Bay Rays,1,5,10,2,10,2,0,1
2024,2024-08-16,745054,Arizona Diamondbacks,0,4,10,2,10,2,0,0
2024,2024-08-16,747001,Baltimore Orioles,1,10,17,0,14,0,3,0
2024,2024-08-16,747001,Boston Red Sox,0,12,14,0,17,0,-3,1
2024,2024-08-16,745784,New York Mets,1,7,10,0,6,1,4,1
2024,2024-08-16,745784,Miami Marlins,0,3,6,1,10,0,-4,0
2024,2024-08-16,744974,Texas Rangers,1,3,8,0,5,1,3,0
2024,2024-08-16,744974,Minnesota Twins,0,4,5,1,8,0,-3,1
2024,2024-08-16,746357,Houston Astros,1,4,8,0,11,0,-3,0
2024,2024-08-16,746357,Chicago White Sox,0,5,11,0,8,0,3,1
2024,2024-08-16,745949,Milwaukee Brewers,1,5,6,2,7,0,-1,1
2024,2024-08-16,745949,Cleveland Guardians,0,3,7,0,6,2,1,0
2024,2024-08-16,745144,St. Louis Cardinals,1,6,6,1,12,0,-6,0
2024,2024-08-16,745144,Los Angeles Dodgers,0,7,12,0,6,1,6,1
2024,2024-08-16,746518,Colorado Rockies,1,7,10,0,10,0,0,1
2024,2024-08-16,746518,San Diego Padres,0,3,10,0,10,0,0,0
2024,2024-08-16,746189,Los Angeles Angels,1,3,6,0,8,0,-2,1
2024,2024-08-16,746189,Atlanta Braves,0,2,8,0,6,0,2,0
2024,2024-08-17,745463,Pittsburgh Pirates,1,7,9,0,8,1,1,1
2024,2024-08-17,745463,Seattle Mariners,0,2,8,1,9,0,-1,0
2024,2024-08-17,746434,Detroit Tigers,1,4,10,0,4,0,6,1
2024,2024-08-17,746434,New York Yankees,0,0,4,0,10,0,-6,0
2024,2024-08-17,746841,Chicago Cubs,1,3,5,1,7,2,-2,1
2024,2024-08-17,746841,Toronto Blue Jays,0,2,7,2,5,1,2,0
2024,2024-08-17,745049,Tampa Bay Rays,1,6,13,0,5,0,8,1
2024,2024-08-17,745049,Arizona Diamondbacks,0,1,5,0,13,0,-8,0
2024,2024-08-17,745785,New York Mets,1,4,7,1,4,1,3,1
2024,2024-08-17,745785,Miami Marlins,0,0,4,1,7,1,-3,0
2024,2024-08-17,745537,Philadelphia Phillies,1,5,10,1,2,0,8,1
2024,2024-08-17,745537,Washington Nationals,0,1,2,0,10,1,-8,0
2024,2024-08-17,746675,Cincinnati Reds,1,1,7,3,15,0,-8,0
2024,2024-08-17,746675,Kansas City Royals,0,13,15,0,7,3,8,1
2024,2024-08-17,746997,Baltimore Orioles,1,1,5,0,10,1,-5,0
2024,2024-08-17,746997,Boston Red Sox,0,5,10,1,5,0,5,1
2024,2024-08-17,744977,Texas Rangers,1,2,8,1,8,0,0,0
2024,2024-08-17,744977,Minnesota Twins,0,5,8,0,8,1,0,1
2024,2024-08-17,745626,Oakland Athletics,1,2,6,0,4,0,2,1
2024,2024-08-17,745626,San Francisco Giants,0,0,4,0,6,0,-2,0
2024,2024-08-17,746355,Houston Astros,1,6,13,0,5,2,8,1
2024,2024-08-17,746355,Chicago White Sox,0,1,5,2,13,0,-8,0
2024,2024-08-17,745140,St. Louis Cardinals,1,5,11,0,4,0,7,1
2024,2024-08-17,745140,Los Angeles Dodgers,0,2,4,0,11,0,-7,0
2024,2024-08-17,745952,Milwaukee Brewers,1,2,4,0,4,1,0,1
2024,2024-08-17,745952,Cleveland Guardians,0,1,4,1,4,0,0,0
2024,2024-08-17,746515,Colorado Rockies,1,3,5,2,15,0,-10,0
2024,2024-08-17,746515,San Diego Padres,0,8,15,0,5,2,10,1
2024,2024-08-17,746190,Los Angeles Angels,1,3,11,1,12,1,-1,0
2024,2024-08-17,746190,Atlanta Braves,0,11,12,1,11,1,1,1
2024,2024-08-18,745786,New York Mets,1,2,9,0,8,0,1,0
2024,2024-08-18,745786,Miami Marlins,0,3,8,0,9,0,-1,1
2024,2024-08-18,746999,Baltimore Orioles,1,4,3,1,11,1,-8,1
2024,2024-08-18,746999,Boston Red Sox,0,2,11,1,3,1,8,0
2024,2024-08-18,745464,Pittsburgh Pirates,1,3,5,2,13,0,-8,0
2024,2024-08-18,745464,Seattle Mariners,0,10,13,0,5,2,8,1
2024,2024-08-18,745539,Philadelphia Phillies,1,4,10,1,11,0,-1,0
2024,2024-08-18,745539,Washington Nationals,0,6,11,0,10,1,1,1
2024,2024-08-18,746676,Cincinnati Reds,1,1,7,0,13,0,-6,0
2024,2024-08-18,746676,Kansas City Royals,0,8,13,0,7,0,6,1
2024,2024-08-18,745051,Tampa Bay Rays,1,8,11,0,10,1,1,1
2024,2024-08-18,745051,Arizona Diamondbacks,0,7,10,1,11,0,-1,0
2024,2024-08-18,746359,Houston Astros,1,2,5,0,3,1,2,1
2024,2024-08-18,746359,Chicago White Sox,0,0,3,1,5,0,-2,0
2024,2024-08-18,745948,Milwaukee Brewers,1,2,6,0,2,0,4,1
2024,2024-08-18,745948,Cleveland Guardians,0,0,2,0,6,0,-4,0
2024,2024-08-18,745139,St. Louis Cardinals,1,1,6,0,9,1,-3,0
2024,2024-08-18,745139,Los Angeles Dodgers,0,2,9,1,6,0,3,1
2024,2024-08-18,746838,Chicago Cubs,1,0,4,0,8,1,-4,0
2024,2024-08-18,746838,Toronto Blue Jays,0,1,8,1,4,0,4,1
2024,2024-08-18,744975,Texas Rangers,1,6,12,0,7,1,5,1
2024,2024-08-18,744975,Minnesota Twins,0,5,7,1,12,0,-5,0
2024,2024-08-18,746516,Colorado Rockies,1,3,6,0,7,1,-1,1
2024,2024-08-18,746516,San Diego Padres,0,2,7,1,6,0,1,0
2024,2024-08-18,745621,Oakland Athletics,1,2,8,0,9,1,-1,0
2024,2024-08-18,745621,San Francisco Giants,0,4,9,1,8,0,1,1
2024,2024-08-18,746186,Los Angeles Angels,1,1,3,0,8,0,-5,0
2024,2024-08-18,746186,Atlanta Braves,0,3,8,0,3,0,5,1
2024,2024-08-18,746431,Detroit Tigers,1,3,8,0,6,0,2,1
2024,2024-08-18,746431,New York Yankees,0,2,6,0,8,0,-2,0
2024,2024-08-19,746027,Miami Marlins,1,6,12,0,8,0,4,0
2024,2024-08-19,746027,Arizona Diamondbacks,0,9,8,0,12,0,-4,1
2024,2024-08-19,744898,Toronto Blue Jays,1,3,6,1,9,0,-3,0
2024,2024-08-19,744898,Cincinnati Reds,0,6,9,0,6,1,3,1
2024,2024-08-19,745780,New York Mets,1,4,6,1,6,0,0,1
2024,2024-08-19,745780,Baltimore Orioles,0,3,6,0,6,1,0,0
2024,2024-08-19,744976,Texas Rangers,1,4,5,0,7,0,-2,1
2024,2024-08-19,744976,Pittsburgh Pirates,0,3,7,0,5,0,2,0
2024,2024-08-19,746351,Houston Astros,1,5,13,4,7,1,6,1
2024,2024-08-19,746351,Boston Red Sox,0,4,7,1,13,4,-6,0
2024,2024-08-19,746270,Kansas City Royals,1,5,9,0,6,1,3,1
2024,2024-08-19,746270,Los Angeles Angels,0,3,6,1,9,0,-3,0
2024,2024-08-19,745620,Oakland Athletics,1,3,6,1,2,1,4,1
2024,2024-08-19,745620,Tampa Bay Rays,0,0,2,1,6,1,-4,0
2024,2024-08-19,745380,San Diego Padres,1,5,4,0,5,1,-1,1
2024,2024-08-19,745380,Minnesota Twins,0,3,5,1,4,0,1,0
2024,2024-08-19,745294,San Francisco Giants,1,5,12,0,11,0,1,1
2024,2024-08-19,745294,Chicago White Sox,0,3,11,0,12,0,-1,0
2024,2024-08-19,746109,Los Angeles Dodgers,1,3,4,1,2,0,2,1
2024,2024-08-19,746109,Seattle Mariners,0,0,2,0,4,1,-2,0
2024,2024-08-20,746029,Miami Marlins,1,1,7,0,4,0,3,0
2024,2024-08-20,746029,Arizona Diamondbacks,0,3,4,0,7,0,-3,1
2024,2024-08-20,744814,Washington Nationals,1,1,5,1,10,0,-5,0
2024,2024-08-20,744814,Colorado Rockies,0,3,10,0,5,1,5,1
2024,2024-08-20,745707,New York Yankees,1,5,7,1,12,0,-5,0
2024,2024-08-20,745707,Cleveland Guardians,0,9,12,0,7,1,5,1
2024,2024-08-20,744896,Toronto Blue Jays,1,10,13,0,9,1,4,1
2024,2024-08-20,744896,Cincinnati Reds,0,3,9,1,13,0,-4,0
2024,2024-08-20,745782,New York Mets,1,5,5,2,11,1,-6,0
2024,2024-08-20,745782,Baltimore Orioles,0,9,11,1,5,2,6,1
2024,2024-08-20,747083,Atlanta Braves,1,3,7,0,5,0,2,1
2024,2024-08-20,747083,Philadelphia Phillies,0,1,5,0,7,0,-2,0
2024,2024-08-20,745136,St. Louis Cardinals,1,2,6,0,8,0,-2,0
2024,2024-08-20,745136,Milwaukee Brewers,0,3,8,0,6,0,2,1
2024,2024-08-20,746839,Chicago Cubs,1,3,5,0,9,0,-4,1
2024,2024-08-20,746839,Detroit Tigers,0,1,9,0,5,0,4,0
2024,2024-08-20,744978,Texas Rangers,1,0,3,0,7,0,-4,0
2024,2024-08-20,744978,Pittsburgh Pirates,0,4,7,0,3,0,4,1
2024,2024-08-20,746349,Houston Astros,1,5,7,1,9,0,-2,0
2024,2024-08-20,746349,Boston Red Sox,0,6,9,0,7,1,2,1
2024,2024-08-20,746266,Kansas City Royals,1,5,11,2,11,1,0,0
2024,2024-08-20,746266,Los Angeles Angels,0,9,11,1,11,2,0,1
2024,2024-08-20,745624,Oakland Athletics,1,0,3,0,3,0,0,0
2024,2024-08-20,745624,Tampa Bay Rays,0,1,3,0,3,0,0,1
2024,2024-08-20,745374,San Diego Padres,1,7,10,0,13,0,-3,1
2024,2024-08-20,745374,Minnesota Twins,0,5,13,0,10,0,3,0
2024,2024-08-20,745295,San Francisco Giants,1,4,7,0,3,1,4,1
2024,2024-08-20,745295,Chicago White Sox,0,1,3,1,7,0,-4,0
2024,2024-08-20,746107,Los Angeles Dodgers,1,6,10,1,8,0,2,1
2024,2024-08-20,746107,Seattle Mariners,0,3,8,0,10,1,-2,0
2024,2024-08-21,745781,New York Mets,1,4,8,0,3,0,5,1
2024,2024-08-21,745781,Baltimore Orioles,0,3,3,0,8,0,-5,0
2024,2024-08-21,746350,Houston Astros,1,1,8,0,7,0,1,0
2024,2024-08-21,746350,Boston Red Sox,0,4,7,0,8,0,-1,1
2024,2024-08-21,744973,Texas Rangers,1,1,6,1,8,0,-2,1
2024,2024-08-21,744973,Pittsburgh Pirates,0,0,8,0,6,1,2,0
2024,2024-08-21,745297,San Francisco Giants,1,2,6,1,8,0,-2,0
2024,2024-08-21,745297,Chicago White Sox,0,6,8,0,6,1,2,1
2024,2024-08-21,745375,San Diego Padres,1,4,8,0,18,0,-10,0
2024,2024-08-21,745375,Minnesota Twins,0,11,18,0,8,0,10,1
2024,2024-08-21,746028,Miami Marlins,1,8,14,0,12,0,2,0
2024,2024-08-21,746028,Arizona Diamondbacks,0,10,12,0,14,0,-2,1
2024,2024-08-21,744812,Washington Nationals,1,6,12,0,6,1,6,1
2024,2024-08-21,744812,Colorado Rockies,0,1,6,1,12,0,-6,0
2024,2024-08-21,745704,New York Yankees,1,8,9,0,4,0,5,1
2024,2024-08-21,745704,Cleveland Guardians,0,1,4,0,9,0,-5,0
2024,2024-08-21,744893,Toronto Blue Jays,1,7,10,1,11,1,-1,0
2024,2024-08-21,744893,Cincinnati Reds,0,11,11,1,10,1,1,1
2024,2024-08-21,747084,Atlanta Braves,1,2,9,0,5,0,4,0
2024,2024-08-21,747084,Philadelphia Phillies,0,3,5,0,9,0,-4,1
2024,2024-08-21,745138,St. Louis Cardinals,1,10,13,1,11,1,2,1
2024,2024-08-21,745138,Milwaukee Brewers,0,6,11,1,13,1,-2,0
2024,2024-08-21,746837,Chicago Cubs,1,2,6,0,10,2,-4,0
2024,2024-08-21,746837,Detroit Tigers,0,8,10,2,6,0,4,1
2024,2024-08-21,746267,Kansas City Royals,1,3,8,0,4,0,4,1
2024,2024-08-21,746267,Los Angeles Angels,0,0,4,0,8,0,-4,0
2024,2024-08-21,745622,Oakland Athletics,1,2,5,0,7,1,-2,0
2024,2024-08-21,745622,Tampa Bay Rays,0,4,7,1,5,0,2,1
2024,2024-08-21,746110,Los Angeles Dodgers,1,8,10,1,9,2,1,1
2024,2024-08-21,746110,Seattle Mariners,0,4,9,2,10,1,-1,0
2024,2024-08-22,744815,Washington Nationals,1,8,11,0,6,0,5,1
2024,2024-08-22,744815,Colorado Rockies,0,3,6,0,11,0,-5,0
2024,2024-08-22,745705,New York Yankees,1,6,6,1,1,0,5,1
2024,2024-08-22,745705,Cleveland Guardians,0,0,1,0,6,1,-5,0
2024,2024-08-22,745137,St. Louis Cardinals,1,3,9,1,3,0,6,1
2024,2024-08-22,745137,Milwaukee Brewers,0,0,3,0,9,1,-6,0
2024,2024-08-22,746836,Chicago Cubs,1,10,13,0,5,0,8,1
2024,2024-08-22,746836,Detroit Tigers,0,2,5,0,13,0,-8,0
2024,2024-08-22,745623,Oakland Athletics,1,3,9,0,6,0,3,1
2024,2024-08-22,745623,Tampa Bay Rays,0,1,6,0,9,0,-3,0
2024,2024-08-22,745465,Pittsburgh Pirates,1,7,7,0,5,0,2,1
2024,2024-08-22,745465,Cincinnati Reds,0,0,5,0,7,0,-2,0
2024,2024-08-22,744894,Toronto Blue Jays,1,5,8,0,9,0,-1,1
2024,2024-08-22,744894,Los Angeles Angels,0,3,9,0,8,0,1,0
2024,2024-08-22,746998,Baltimore Orioles,1,0,3,1,8,0,-5,0
2024,2024-08-22,746998,Houston Astros,0,6,8,0,3,1,5,1
2024,2024-08-22,747082,Atlanta Braves,1,3,10,0,3,0,7,1
2024,2024-08-22,747082,Philadelphia Phillies,0,2,3,0,10,0,-7,0
2024,2024-08-22,745379,San Diego Padres,1,3,7,0,17,0,-10,0
2024,2024-08-22,745379,New York Mets,0,8,17,0,7,0,10,1
2024,2024-08-23,745460,Pittsburgh Pirates,1,6,8,0,9,1,-1,1
2024,2024-08-23,745460,Cincinnati Reds,0,5,9,1,8,0,1,0
2024,2024-08-23,746995,Baltimore Orioles,1,7,8,0,10,1,-2,1
2024,2024-08-23,746995,Houston Astros,0,5,10,1,8,0,2,0
2024,2024-08-23,745702,New York Yankees,1,3,5,0,4,1,1,1
2024,2024-08-23,745702,Colorado Rockies,0,0,4,1,5,0,-1,0
2024,2024-08-23,744889,Toronto Blue Jays,1,5,10,0,6,1,4,1
2024,2024-08-23,744889,Los Angeles Angels,0,4,6,1,10,0,-4,0
2024,2024-08-23,746920,Boston Red Sox,1,2,6,1,16,0,-10,0
2024,2024-08-23,746920,Arizona Diamondbacks,0,12,16,0,6,1,10,1
2024,2024-08-23,746597,Cleveland Guardians,1,3,7,1,10,1,-3,0
2024,2024-08-23,746597,Texas Rangers,0,5,10,1,7,1,3,1
2024,2024-08-23,746024,Miami Marlins,1,3,8,2,9,0,-1,0
2024,2024-08-23,746024,Chicago Cubs,0,6,9,0,8,2,1,1
2024,2024-08-23,747080,Atlanta Braves,1,3,8,0,10,1,-2,1
2024,2024-08-23,747080,Washington Nationals,0,2,10,1,8,0,2,0
2024,2024-08-23,745870,Minnesota Twins,1,1,5,0,9,0,-4,0
2024,2024-08-23,745870,St. Louis Cardinals,0,6,9,0,5,0,4,1
2024,2024-08-23,746268,Kansas City Royals,1,7,12,2,11,1,1,1
2024,2024-08-23,746268,Philadelphia Phillies,0,4,11,1,12,2,-1,0
2024,2024-08-23,746758,Chicago White Sox,1,2,9,1,10,0,-1,0
2024,2024-08-23,746758,Detroit Tigers,0,5,10,0,9,1,1,1
2024,2024-08-23,745378,San Diego Padres,1,7,16,0,2,0,14,1
2024,2024-08-23,745378,New York Mets,0,0,2,0,16,0,-14,0
2024,2024-08-23,745625,Oakland Athletics,1,3,6,2,14,1,-8,0
2024,2024-08-23,745625,Milwaukee Brewers,0,11,14,1,6,2,8,1
2024,2024-08-23,745217,Seattle Mariners,1,6,8,0,8,1,0,1
2024,2024-08-23,745217,San Francisco Giants,0,5,8,1,8,0,0,0
2024,2024-08-23,746111,Los Angeles Dodgers,1,7,9,2,8,0,1,1
2024,2024-08-23,746111,Tampa Bay Rays,0,3,8,0,9,2,-1,0
2024,2024-08-24,745703,New York Yankees,1,2,5,1,13,0,-8,0
2024,2024-08-24,745703,Colorado Rockies,0,9,13,0,5,1,8,1
2024,2024-08-24,744890,Toronto Blue Jays,1,3,8,0,1,2,7,1
2024,2024-08-24,744890,Los Angeles Angels,0,1,1,2,8,0,-7,0
2024,2024-08-24,746996,Baltimore Orioles,1,3,7,0,6,1,1,1
2024,2024-08-24,746996,Houston Astros,0,2,6,1,7,0,-1,0
2024,2024-08-24,745617,Oakland Athletics,1,5,12,0,10,0,2,0
2024,2024-08-24,745617,Milwaukee Brewers,0,9,10,0,12,0,-2,1
2024,2024-08-24,746917,Boston Red Sox,1,1,5,0,6,0,-1,0
2024,2024-08-24,746917,Arizona Diamondbacks,0,4,6,0,5,0,1,1
2024,2024-08-24,745218,Seattle Mariners,1,3,4,0,11,0,-7,0
2024,2024-08-24,745218,San Francisco Giants,0,4,11,0,4,0,7,1
2024,2024-08-24,746022,Miami Marlins,1,2,4,1,17,0,-13,0
2024,2024-08-24,746022,Chicago Cubs,0,14,17,0,4,1,13,1
2024,2024-08-24,745457,Pittsburgh Pirates,1,2,3,2,12,1,-9,0
2024,2024-08-24,745457,Cincinnati Reds,0,10,12,1,3,2,9,1
2024,2024-08-24,746599,Cleveland Guardians,1,13,16,1,9,0,7,1
2024,2024-08-24,746599,Texas Rangers,0,5,9,0,16,1,-7,0
2024,2024-08-24,745868,Minnesota Twins,1,6,9,0,5,0,4,1
2024,2024-08-24,745868,St. Louis Cardinals,0,0,5,0,9,0,-4,0
2024,2024-08-24,746271,Kansas City Royals,1,2,5,0,18,0,-13,0
2024,2024-08-24,746271,Philadelphia Phillies,0,11,18,0,5,0,13,1
2024,2024-08-24,746756,Chicago White Sox,1,4,12,0,14,0,-2,0
2024,2024-08-24,746756,Detroit Tigers,0,13,14,0,12,0,2,1
2024,2024-08-24,747077,Atlanta Braves,1,4,11,0,10,1,1,1
2024,2024-08-24,747077,Washington Nationals,0,2,10,1,11,0,-1,0
2024,2024-08-24,745377,San Diego Padres,1,1,6,2,5,0,1,0
2024,2024-08-24,745377,New York Mets,0,7,5,0,6,2,-1,1
2024,2024-08-24,746108,Los Angeles Dodgers,1,8,8,1,15,1,-7,0
2024,2024-08-24,746108,Tampa Bay Rays,0,9,15,1,8,1,7,1
2024,2024-08-25,747078,Atlanta Braves,1,1,4,1,8,0,-4,0
2024,2024-08-25,747078,Washington Nationals,0,5,8,0,4,1,4,1
2024,2024-08-25,746918,Boston Red Sox,1,5,9,0,10,0,-1,0
2024,2024-08-25,746918,Arizona Diamondbacks,0,7,10,0,9,0,1,1
2024,2024-08-25,745459,Pittsburgh Pirates,1,4,10,1,8,2,2,1
2024,2024-08-25,745459,Cincinnati Reds,0,3,8,2,10,1,-2,0
2024,2024-08-25,745706,New York Yankees,1,10,12,2,6,0,6,1
2024,2024-08-25,745706,Colorado Rockies,0,3,6,0,12,2,-6,0
2024,2024-08-25,744892,Toronto Blue Jays,1,8,7,0,3,1,4,1
2024,2024-08-25,744892,Los Angeles Angels,0,2,3,1,7,0,-4,0
2024,2024-08-25,746595,Cleveland Guardians,1,4,5,1,4,2,1,1
2024,2024-08-25,746595,Texas Rangers,0,2,4,2,5,1,-1,0
2024,2024-08-25,746023,Miami Marlins,1,7,11,0,6,1,5,1
2024,2024-08-25,746023,Chicago Cubs,0,2,6,1,11,0,-5,0
2024,2024-08-25,745863,Minnesota Twins,1,2,6,1,8,1,-2,0
2024,2024-08-25,745863,St. Louis Cardinals,0,3,8,1,6,1,2,1
2024,2024-08-25,746263,Kansas City Royals,1,3,10,1,16,0,-6,0
2024,2024-08-25,746263,Philadelphia Phillies,0,11,16,0,10,1,6,1
2024,2024-08-25,746754,Chicago White Sox,1,4,9,3,14,0,-5,0
2024,2024-08-25,746754,Detroit Tigers,0,9,14,0,9,3,5,1
2024,2024-08-25,745618,Oakland Athletics,1,4,5,0,4,0,1,1
2024,2024-08-25,745618,Milwaukee Brewers,0,3,4,0,5,0,-1,0
2024,2024-08-25,745376,San Diego Padres,1,3,7,0,7,0,0,1
2024,2024-08-25,745376,New York Mets,0,2,7,0,7,0,0,0
2024,2024-08-25,745212,Seattle Mariners,1,4,7,1,5,0,2,1
2024,2024-08-25,745212,San Francisco Giants,0,3,5,0,7,1,-2,0
2024,2024-08-25,746106,Los Angeles Dodgers,1,3,5,0,5,0,0,1
2024,2024-08-25,746106,Tampa Bay Rays,0,1,5,0,5,0,0,0
2024,2024-08-25,746994,Baltimore Orioles,1,3,2,1,10,0,-8,0
2024,2024-08-25,746994,Houston Astros,0,6,10,0,2,1,8,1
2024,2024-08-26,746628,Cleveland Guardians,1,3,7,1,6,1,1,0
2024,2024-08-26,746628,Kansas City Royals,0,4,6,1,7,1,-1,1
2024,2024-08-26,746596,Cleveland Guardians,1,4,7,0,15,2,-8,0
2024,2024-08-26,746596,Kansas City Royals,0,9,15,2,7,0,8,1
2024,2024-08-26,745458,Pittsburgh Pirates,1,8,13,0,21,0,-8,0
2024,2024-08-26,745458,Chicago Cubs,0,18,21,0,13,0,8,1
2024,2024-08-26,745538,Philadelphia Phillies,1,3,9,0,8,2,1,1
2024,2024-08-26,745538,Houston Astros,0,2,8,2,9,0,-1,0
2024,2024-08-26,744813,Washington Nationals,1,2,5,2,12,2,-7,0
2024,2024-08-26,744813,New York Yankees,0,5,12,2,5,2,7,1
2024,2024-08-26,746915,Boston Red Sox,1,3,9,4,9,1,0,0
2024,2024-08-26,746915,Toronto Blue Jays,0,7,9,1,9,4,0,1
2024,2024-08-26,745865,Minnesota Twins,1,6,9,0,13,1,-4,0
2024,2024-08-26,745865,Atlanta Braves,0,10,13,1,9,0,4,1
2024,2024-08-26,745133,St. Louis Cardinals,1,4,11,0,8,1,3,0
2024,2024-08-26,745133,San Diego Padres,0,7,8,1,11,0,-3,1
2024,2024-08-26,746753,Chicago White Sox,1,3,6,0,13,2,-7,0
2024,2024-08-26,746753,Detroit Tigers,0,6,13,2,6,0,7,1
2024,2024-08-26,746513,Colorado Rockies,1,3,6,0,9,0,-3,1
2024,2024-08-26,746513,Miami Marlins,0,2,9,0,6,0,3,0
2024,2024-08-26,745215,Seattle Mariners,1,5,7,0,2,1,5,1
2024,2024-08-26,745215,Tampa Bay Rays,0,1,2,1,7,0,-5,0
2024,2024-08-27,746429,Detroit Tigers,1,6,6,0,5,1,1,1
2024,2024-08-27,746429,Los Angeles Angels,0,2,5,1,6,0,-1,0
2024,2024-08-27,746594,Cleveland Guardians,1,1,3,0,9,0,-6,0
2024,2024-08-27,746594,Kansas City Royals,0,6,9,0,3,0,6,1
2024,2024-08-27,746671,Cincinnati Reds,1,4,11,1,8,0,3,0
2024,2024-08-27,746671,Oakland Athletics,0,5,8,0,11,1,-3,1
2024,2024-08-27,745461,Pittsburgh Pirates,1,5,10,1,7,0,3,0
2024,2024-08-27,745461,Chicago Cubs,0,9,7,0,10,1,-3,1
2024,2024-08-27,745540,Philadelphia Phillies,1,5,11,0,6,0,5,1
2024,2024-08-27,745540,Houston Astros,0,0,6,0,11,0,-5,0
2024,2024-08-27,744811,Washington Nationals,1,4,7,1,8,4,-1,1
2024,2024-08-27,744811,New York Yankees,0,2,8,4,7,1,1,0
2024,2024-08-27,746916,Boston Red Sox,1,6,9,0,11,1,-2,1
2024,2024-08-27,746916,Toronto Blue Jays,0,3,11,1,9,0,2,0
2024,2024-08-27,745864,Minnesota Twins,1,6,14,0,11,0,3,0
2024,2024-08-27,745864,Atlanta Braves,0,8,11,0,14,0,-3,1
2024,2024-08-27,745132,St. Louis Cardinals,1,5,11,0,10,0,1,0
2024,2024-08-27,745132,San Diego Padres,0,7,10,0,11,0,-1,1
2024,2024-08-27,746755,Chicago White Sox,1,1,7,0,11,0,-4,0
2024,2024-08-27,746755,Texas Rangers,0,3,11,0,7,0,4,1
2024,2024-08-27,745946,Milwaukee Brewers,1,4,7,1,6,1,1,0
2024,2024-08-27,745946,San Francisco Giants,0,5,6,1,7,1,-1,1
2024,2024-08-27,746510,Colorado Rockies,1,8,13,0,12,0,1,0
2024,2024-08-27,746510,Miami Marlins,0,9,12,0,13,0,-1,1
2024,2024-08-27,747162,Arizona Diamondbacks,1,3,7,2,13,0,-6,0
2024,2024-08-27,747162,New York Mets,0,8,13,0,7,2,6,1
2024,2024-08-27,745213,Seattle Mariners,1,2,5,0,8,1,-3,0
2024,2024-08-27,745213,Tampa Bay Rays,0,3,8,1,5,0,3,1
2024,2024-08-27,746105,Los Angeles Dodgers,1,2,7,0,7,0,0,0
2024,2024-08-27,746105,Baltimore Orioles,0,3,7,0,7,0,0,1
2024,2024-08-28,745452,Pittsburgh Pirates,1,10,16,1,16,1,0,0
2024,2024-08-28,745452,Chicago Cubs,0,14,16,1,16,1,0,1
2024,2024-08-28,746589,Cleveland Guardians,1,7,13,0,11,1,2,1
2024,2024-08-28,746589,Kansas City Royals,0,5,11,1,13,0,-2,0
2024,2024-08-28,745541,Philadelphia Phillies,1,0,3,0,18,0,-15,0
2024,2024-08-28,745541,Houston Astros,0,10,18,0,3,0,15,1
2024,2024-08-28,745211,Seattle Mariners,1,6,9,0,6,1,3,1
2024,2024-08-28,745211,Tampa Bay Rays,0,2,6,1,9,0,-3,0
2024,2024-08-28,746430,Detroit Tigers,1,3,5,1,6,0,-1,1
2024,2024-08-28,746430,Los Angeles Angels,0,2,6,0,5,1,1,0
2024,2024-08-28,746672,Cincinnati Reds,1,6,8,0,13,0,-5,0
2024,2024-08-28,746672,Oakland Athletics,0,9,13,0,8,0,5,1
2024,2024-08-28,744809,Washington Nationals,1,5,10,1,7,0,3,1
2024,2024-08-28,744809,New York Yankees,0,2,7,0,10,1,-3,0
2024,2024-08-28,746913,Boston Red Sox,1,3,7,0,2,1,5,1
2024,2024-08-28,746913,Toronto Blue Jays,0,0,2,1,7,0,-5,0
2024,2024-08-28,745866,Minnesota Twins,1,1,7,0,8,0,-1,0
2024,2024-08-28,745866,Atlanta Braves,0,5,8,0,7,0,1,1
2024,2024-08-28,745134,St. Louis Cardinals,1,4,11,1,10,0,1,1
2024,2024-08-28,745134,San Diego Padres,0,3,10,0,11,1,-1,0
2024,2024-08-28,746752,Chicago White Sox,1,3,10,1,10,0,0,0
2024,2024-08-28,746752,Texas Rangers,0,4,10,0,10,1,0,1
2024,2024-08-28,745943,Milwaukee Brewers,1,5,7,0,7,0,0,1
2024,2024-08-28,745943,San Francisco Giants,0,3,7,0,7,0,0,0
2024,2024-08-28,746512,Colorado Rockies,1,8,9,0,8,4,1,1
2024,2024-08-28,746512,Miami Marlins,0,2,8,4,9,0,-1,0
2024,2024-08-28,747161,Arizona Diamondbacks,1,8,9,0,6,1,3,1
2024,2024-08-28,747161,New York Mets,0,5,6,1,9,0,-3,0
2024,2024-08-28,746103,Los Angeles Dodgers,1,6,5,1,7,3,-2,1
2024,2024-08-28,746103,Baltimore Orioles,0,4,7,3,5,1,2,0
2024,2024-08-29,746432,Detroit Tigers,1,0,8,0,7,0,1,0
2024,2024-08-29,746432,Los Angeles Angels,0,3,7,0,8,0,-1,1
2024,2024-08-29,746748,Chicago White Sox,1,1,3,0,7,0,-4,0
2024,2024-08-29,746748,Texas Rangers,0,2,7,0,3,0,4,1
2024,2024-08-29,745945,Milwaukee Brewers,1,6,8,0,2,0,6,1
2024,2024-08-29,745945,San Francisco Giants,0,0,2,0,8,0,-6,0
2024,2024-08-29,745135,St. Louis Cardinals,1,4,11,0,3,1,8,1
2024,2024-08-29,745135,San Diego Padres,0,1,3,1,11,0,-8,0
2024,2024-08-29,746514,Colorado Rockies,1,8,12,1,18,0,-6,0
2024,2024-08-29,746514,Miami Marlins,0,12,18,0,12,1,6,1
2024,2024-08-29,747159,Arizona Diamondbacks,1,2,7,1,10,1,-3,0
2024,2024-08-29,747159,New York Mets,0,3,10,1,7,1,3,1
2024,2024-08-29,746670,Cincinnati Reds,1,10,8,0,14,0,-6,1
2024,2024-08-29,746670,Oakland Athletics,0,9,14,0,8,0,6,0
2024,2024-08-29,745531,Philadelphia Phillies,1,5,7,1,7,0,0,1
2024,2024-08-29,745531,Atlanta Braves,0,4,7,0,7,1,0,0
2024,2024-08-29,746914,Boston Red Sox,1,0,2,0,7,1,-5,0
2024,2024-08-29,746914,Toronto Blue Jays,0,2,7,1,2,0,5,1
2024,2024-08-29,746352,Houston Astros,1,6,8,2,4,2,4,1
2024,2024-08-29,746352,Kansas City Royals,0,3,4,2,8,2,-4,0
2024,2024-08-29,746102,Los Angeles Dodgers,1,6,14,0,4,0,10,1
2024,2024-08-29,746102,Baltimore Orioles,0,3,4,0,14,0,-10,0
2024,2024-08-30,746730,Cincinnati Reds,1,4,9,0,11,2,-2,0
2024,2024-08-30,746730,Milwaukee Brewers,0,5,11,2,9,0,2,1
2024,2024-08-30,746665,Cincinnati Reds,1,0,5,1,15,0,-10,0
2024,2024-08-30,746665,Milwaukee Brewers,0,14,15,0,5,1,10,1
2024,2024-08-30,746433,Detroit Tigers,1,5,7,1,8,0,-1,0
2024,2024-08-30,746433,Boston Red Sox,0,7,8,0,7,1,1,1
2024,2024-08-30,745533,Philadelphia Phillies,1,2,7,0,9,0,-2,0
2024,2024-08-30,745533,Atlanta Braves,0,7,9,0,7,0,2,1
2024,2024-08-30,744810,Washington Nationals,1,6,8,0,9,0,-1,0
2024,2024-08-30,744810,Chicago Cubs,0,7,9,0,8,0,1,1
2024,2024-08-30,745052,Tampa Bay Rays,1,5,10,0,13,1,-3,0
2024,2024-08-30,745052,San Diego Padres,0,13,13,1,10,0,3,1
2024,2024-08-30,745700,New York Yankees,1,6,6,1,10,0,-4,1
2024,2024-08-30,745700,St. Louis Cardinals,0,3,10,0,6,1,4,0
2024,2024-08-30,746593,Cleveland Guardians,1,10,16,0,12,0,4,1
2024,2024-08-30,746593,Pittsburgh Pirates,0,8,12,0,16,0,-4,0
2024,2024-08-30,744969,Texas Rangers,1,2,7,1,11,1,-4,0
2024,2024-08-30,744969,Oakland Athletics,0,9,11,1,7,1,4,1
2024,2024-08-30,746353,Houston Astros,1,3,10,1,2,0,8,1
2024,2024-08-30,746353,Kansas City Royals,0,2,2,0,10,1,-8,0
2024,2024-08-30,745862,Minnesota Twins,1,2,4,0,7,0,-3,1
2024,2024-08-30,745862,Toronto Blue Jays,0,0,7,0,4,0,3,0
2024,2024-08-30,746749,Chicago White Sox,1,1,5,0,10,0,-5,0
2024,2024-08-30,746749,New York Mets,0,5,10,0,5,0,5,1
2024,2024-08-30,746511,Colorado Rockies,1,3,10,2,11,0,-1,0
2024,2024-08-30,746511,Baltimore Orioles,0,5,11,0,10,2,1,1
2024,2024-08-30,746184,Los Angeles Angels,1,5,7,2,9,0,-2,0
2024,2024-08-30,746184,Seattle Mariners,0,9,9,0,7,2,2,1
2024,2024-08-30,747156,Arizona Diamondbacks,1,9,13,0,10,0,3,0
2024,2024-08-30,747156,Los Angeles Dodgers,0,10,10,0,13,0,-3,1
2024,2024-08-30,745299,San Francisco Giants,1,3,6,1,4,0,2,1
2024,2024-08-30,745299,Miami Marlins,0,1,4,0,6,1,-2,0
2024,2024-08-31,745699,New York Yankees,1,5,12,1,7,1,5,0
2024,2024-08-31,745699,St. Louis Cardinals,0,6,7,1,12,1,-5,1
2024,2024-08-31,744808,Washington Nationals,1,3,10,2,7,0,3,0
2024,2024-08-31,744808,Chicago Cubs,0,5,7,0,10,2,-3,1
2024,2024-08-31,745050,Tampa Bay Rays,1,11,13,1,10,0,3,1
2024,2024-08-31,745050,San Diego Padres,0,4,10,0,13,1,-3,0
2024,2024-08-31,746424,Detroit Tigers,1,2,9,2,4,0,5,1
2024,2024-08-31,746424,Boston Red Sox,0,1,4,0,9,2,-5,0
2024,2024-08-31,746590,Cleveland Guardians,1,0,2,0,9,0,-7,0
2024,2024-08-31,746590,Pittsburgh Pirates,0,3,9,0,2,0,7,1
2024,2024-08-31,744971,Texas Rangers,1,3,9,0,5,1,4,1
2024,2024-08-31,744971,Oakland Athletics,0,2,5,1,9,0,-4,0
2024,2024-08-31,746348,Houston Astros,1,5,5,0,7,0,-2,1
2024,2024-08-31,746348,Kansas City Royals,0,2,7,0,5,0,2,0
2024,2024-08-31,745859,Minnesota Twins,1,0,4,0,23,0,-19,0
2024,2024-08-31,745859,Toronto Blue Jays,0,15,23,0,4,0,19,1
2024,2024-08-31,746751,Chicago White Sox,1,3,9,1,10,0,-1,0
2024,2024-08-31,746751,New York Mets,0,5,10,0,9,1,1,1
2024,2024-08-31,745532,Philadelphia Phillies,1,3,5,1,6,0,-1,1
2024,2024-08-31,745532,Atlanta Braves,0,0,6,0,5,1,1,0
2024,2024-08-31,746667,Cincinnati Reds,1,4,8,3,8,0,0,0
2024,2024-08-31,746667,Milwaukee Brewers,0,5,8,0,8,3,0,1
2024,2024-08-31,746507,Colorado Rockies,1,7,9,1,7,0,2,1
2024,2024-08-31,746507,Baltimore Orioles,0,5,7,0,9,1,-2,0
2024,2024-08-31,747158,Arizona Diamondbacks,1,6,5,1,16,1,-11,0
2024,2024-08-31,747158,Los Angeles Dodgers,0,8,16,1,5,1,11,1
2024,2024-08-31,745296,San Francisco Giants,1,3,7,0,7,2,0,0
2024,2024-08-31,745296,Miami Marlins,0,4,7,2,7,0,0,1
2024,2024-08-31,746182,Los Angeles Angels,1,5,7,1,8,0,-1,1
2024,2024-08-31,746182,Seattle Mariners,0,4,8,0,7,1,1,0
2024,2024-09-01,746669,Cincinnati Reds,1,4,10,1,5,3,5,1
2024,2024-09-01,746669,Milwaukee Brewers,0,3,5,3,10,1,-5,0
2024,2024-09-01,744806,Washington Nationals,1,1,5,4,17,0,-12,0
2024,2024-09-01,744806,Chicago Cubs,0,14,17,0,5,4,12,1
2024,2024-09-01,745701,New York Yankees,1,7,11,1,21,2,-10,0
2024,2024-09-01,745701,St. Louis Cardinals,0,14,21,2,11,1,10,1
2024,2024-09-01,746426,Detroit Tigers,1,4,3,0,6,0,-3,1
2024,2024-09-01,746426,Boston Red Sox,0,1,6,0,3,0,3,0
2024,2024-09-01,746592,Cleveland Guardians,1,6,13,1,2,0,11,1
2024,2024-09-01,746592,Pittsburgh Pirates,0,1,2,0,13,1,-11,0
2024,2024-09-01,745048,Tampa Bay Rays,1,3,4,2,6,0,-2,0
2024,2024-09-01,745048,San Diego Padres,0,4,6,0,4,2,2,1
2024,2024-09-01,746347,Houston Astros,1,7,9,0,7,0,2,1
2024,2024-09-01,746347,Kansas City Royals,0,2,7,0,9,0,-2,0
2024,2024-09-01,745861,Minnesota Twins,1,4,6,1,3,1,3,1
2024,2024-09-01,745861,Toronto Blue Jays,0,3,3,1,6,1,-3,0
2024,2024-09-01,746750,Chicago White Sox,1,0,2,0,7,0,-5,0
2024,2024-09-01,746750,New York Mets,0,2,7,0,2,0,5,1
2024,2024-09-01,744970,Texas Rangers,1,6,10,0,16,0,-6,1
2024,2024-09-01,744970,Oakland Athletics,0,4,16,0,10,0,6,0
2024,2024-09-01,746505,Colorado Rockies,1,1,6,2,9,0,-3,0
2024,2024-09-01,746505,Baltimore Orioles,0,6,9,0,6,2,3,1
2024,2024-09-01,745292,San Francisco Giants,1,5,6,0,10,1,-4,0
2024,2024-09-01,745292,Miami Marlins,0,7,10,1,6,0,4,1
2024,2024-09-01,746183,Los Angeles Angels,1,3,4,0,5,0,-1,1
2024,2024-09-01,746183,Seattle Mariners,0,2,5,0,4,0,1,0
2024,2024-09-01,747157,Arizona Diamondbacks,1,14,17,0,9,2,8,1
2024,2024-09-01,747157,Los Angeles Dodgers,0,3,9,2,17,0,-8,0
2024,2024-09-01,745536,Philadelphia Phillies,1,3,6,0,6,0,0,1
2024,2024-09-01,745536,Atlanta Braves,0,2,6,0,6,0,0,0
2024,2024-09-02,745947,Milwaukee Brewers,1,9,7,0,6,0,1,1
2024,2024-09-02,745947,St. Louis Cardinals,0,3,6,0,7,0,-1,0
2024,2024-09-02,746992,Baltimore Orioles,1,13,18,2,8,1,10,1
2024,2024-09-02,746992,Chicago White Sox,0,3,8,1,18,2,-10,0
2024,2024-09-02,746668,Cincinnati Reds,1,5,13,1,6,0,7,1
2024,2024-09-02,746668,Houston Astros,0,3,6,0,13,1,-7,0
2024,2024-09-02,746265,Kansas City Royals,1,2,2,0,9,0,-7,0
2024,2024-09-02,746265,Cleveland Guardians,0,4,9,0,2,0,7,1
2024,2024-09-02,747155,Arizona Diamondbacks,1,6,12,0,17,0,-5,0
2024,2024-09-02,747155,Los Angeles Dodgers,0,11,17,0,12,0,5,1
2024,2024-09-02,745373,San Diego Padres,1,3,8,0,6,1,2,1
2024,2024-09-02,745373,Detroit Tigers,0,0,6,1,8,0,-2,0
2024,2024-09-02,745046,Tampa Bay Rays,1,4,10,0,10,0,0,0
2024,2024-09-02,745046,Minnesota Twins,0,5,10,0,10,0,0,1
2024,2024-09-02,745619,Oakland Athletics,1,5,5,0,6,0,-1,1
2024,2024-09-02,745619,Seattle Mariners,0,4,6,0,5,0,1,0
2024,2024-09-02,745779,New York Mets,1,4,8,0,6,2,2,1
2024,2024-09-02,745779,Boston Red Sox,0,1,6,2,8,0,-2,0
2024,2024-09-02,746833,Chicago Cubs,1,3,6,2,8,0,-2,0
2024,2024-09-02,746833,Pittsburgh Pirates,0,5,8,0,6,2,2,1
2024,2024-09-02,744972,Texas Rangers,1,4,9,0,12,0,-3,0
2024,2024-09-02,744972,New York Yankees,0,8,12,0,9,0,3,1
2024,2024-09-03,746991,Baltimore Orioles,1,9,8,1,6,2,2,1
2024,2024-09-03,746991,Chicago White Sox,0,0,6,2,8,1,-2,0
2024,2024-09-03,746020,Miami Marlins,1,2,8,2,11,0,-3,0
2024,2024-09-03,746020,Washington Nationals,0,6,11,0,8,2,3,1
2024,2024-09-03,745047,Tampa Bay Rays,1,2,6,0,6,1,0,1
2024,2024-09-03,745047,Minnesota Twins,0,1,6,1,6,0,0,0
2024,2024-09-03,744891,Toronto Blue Jays,1,9,16,1,18,0,-2,0
2024,2024-09-03,744891,Philadelphia Phillies,0,10,18,0,16,1,2,1
2024,2024-09-03,745778,New York Mets,1,7,7,0,6,0,1,1
2024,2024-09-03,745778,Boston Red Sox,0,2,6,0,7,0,-1,0
2024,2024-09-03,747079,Atlanta Braves,1,3,7,0,6,1,1,1
2024,2024-09-03,747079,Colorado Rockies,0,0,6,1,7,0,-1,0
2024,2024-09-03,746264,Kansas City Royals,1,1,4,0,10,0,-6,0
2024,2024-09-03,746264,Cleveland Guardians,0,7,10,0,4,0,6,1
2024,2024-09-03,746834,Chicago Cubs,1,0,5,0,8,0,-3,0
2024,2024-09-03,746834,Pittsburgh Pirates,0,5,8,0,5,0,3,1
2024,2024-09-03,745944,Milwaukee Brewers,1,4,5,2,9,1,-4,0
2024,2024-09-03,745944,St. Louis Cardinals,0,7,9,1,5,2,4,1
2024,2024-09-03,744968,Texas Rangers,1,7,6,0,10,1,-4,1
2024,2024-09-03,744968,New York Yankees,0,4,10,1,6,0,4,0
2024,2024-09-03,746185,Los Angeles Angels,1,2,5,0,6,0,-1,0
2024,2024-09-03,746185,Los Angeles Dodgers,0,6,6,0,5,0,1,1
2024,2024-09-03,745615,Oakland Athletics,1,3,6,0,5,0,1,1
2024,2024-09-03,745615,Seattle Mariners,0,2,5,0,6,0,-1,0
2024,2024-09-03,745293,San Francisco Giants,1,7,11,3,11,1,0,0
2024,2024-09-03,745293,Arizona Diamondbacks,0,8,11,1,11,3,0,1
2024,2024-09-04,744887,Toronto Blue Jays,1,2,6,0,8,0,-2,0
2024,2024-09-04,744887,Philadelphia Phillies,0,4,8,0,6,0,2,1
2024,2024-09-04,746990,Baltimore Orioles,1,1,7,0,15,0,-8,0
2024,2024-09-04,746990,Chicago White Sox,0,8,15,0,7,0,8,1
2024,2024-09-04,746666,Cincinnati Reds,1,12,13,1,9,3,4,1
2024,2024-09-04,746666,Houston Astros,0,5,9,3,13,1,-4,0
2024,2024-09-04,746019,Miami Marlins,1,4,7,0,5,0,2,1
2024,2024-09-04,746019,Washington Nationals,0,3,5,0,7,0,-2,0
2024,2024-09-04,745045,Tampa Bay Rays,1,9,9,0,11,2,-2,1
2024,2024-09-04,745045,Minnesota Twins,0,4,11,2,9,0,2,0
2024,2024-09-04,745776,New York Mets,1,8,7,0,9,1,-2,1
2024,2024-09-04,745776,Boston Red Sox,0,3,9,1,7,0,2,0
2024,2024-09-04,747075,Atlanta Braves,1,5,7,0,5,0,2,1
2024,2024-09-04,747075,Colorado Rockies,0,2,5,0,7,0,-2,0
2024,2024-09-04,746262,Kansas City Royals,1,4,10,0,7,0,3,1
2024,2024-09-04,746262,Cleveland Guardians,0,1,7,0,10,0,-3,0
2024,2024-09-04,746835,Chicago Cubs,1,12,17,3,0,1,17,1
2024,2024-09-04,746835,Pittsburgh Pirates,0,0,0,1,17,3,-17,0
2024,2024-09-04,745938,Milwaukee Brewers,1,2,6,1,5,1,1,0
2024,2024-09-04,745938,St. Louis Cardinals,0,3,5,1,6,1,-1,1
2024,2024-09-04,744964,Texas Rangers,1,10,14,1,8,0,6,1
2024,2024-09-04,744964,New York Yankees,0,6,8,0,14,1,-6,0
2024,2024-09-04,746178,Los Angeles Angels,1,10,11,0,6,0,5,1
2024,2024-09-04,746178,Los Angeles Dodgers,0,1,6,0,11,0,-5,0
2024,2024-09-04,745370,San Diego Padres,1,6,10,0,7,0,3,1
2024,2024-09-04,745370,Detroit Tigers,0,5,7,0,10,0,-3,0
2024,2024-09-04,745614,Oakland Athletics,1,3,7,0,16,0,-9,0
2024,2024-09-04,745614,Seattle Mariners,0,16,16,0,7,0,9,1
2024,2024-09-04,745290,San Francisco Giants,1,4,4,1,7,0,-3,0
2024,2024-09-04,745290,Arizona Diamondbacks,0,6,7,0,4,1,3,1
2024,2024-09-05,746664,Cincinnati Reds,1,1,6,0,4,0,2,1
2024,2024-09-05,746664,Houston Astros,0,0,4,0,6,0,-2,0
2024,2024-09-05,745042,Tampa Bay Rays,1,3,8,0,7,0,1,0
2024,2024-09-05,745042,Minnesota Twins,0,4,7,0,8,0,-1,1
2024,2024-09-05,745612,Oakland Athletics,1,4,10,2,11,0,-1,0
2024,2024-09-05,745612,Seattle Mariners,0,6,11,0,10,2,1,1
2024,2024-09-05,745289,San Francisco Giants,1,3,9,1,4,1,5,1
2024,2024-09-05,745289,Arizona Diamondbacks,0,2,4,1,9,1,-5,0
2024,2024-09-05,745451,Pittsburgh Pirates,1,9,8,0,10,1,-2,1
2024,2024-09-05,745451,Washington Nationals,0,4,10,1,8,0,2,0
2024,2024-09-05,746021,Miami Marlins,1,2,7,0,7,1,0,0
2024,2024-09-05,746021,Philadelphia Phillies,0,5,7,1,7,0,0,1
2024,2024-09-05,747073,Atlanta Braves,1,1,5,1,6,0,-1,0
2024,2024-09-05,747073,Colorado Rockies,0,3,6,0,5,1,1,1
2024,2024-09-05,744966,Texas Rangers,1,3,10,0,4,1,6,1
2024,2024-09-05,744966,Los Angeles Angels,0,1,4,1,10,0,-6,0
2024,2024-09-05,745369,San Diego Padres,1,3,7,0,8,0,-1,0
2024,2024-09-05,745369,Detroit Tigers,0,4,8,0,7,0,1,1
2024,2024-09-06,746832,Chicago Cubs,1,0,1,0,7,1,-6,0
2024,2024-09-06,746832,New York Yankees,0,3,7,1,1,0,6,1
2024,2024-09-06,745941,Milwaukee Brewers,1,2,4,0,3,1,1,0
2024,2024-09-06,745941,Colorado Rockies,0,3,3,1,4,0,-1,1
2024,2024-09-06,746993,Baltimore Orioles,1,2,4,3,3,1,1,1
2024,2024-09-06,746993,Tampa Bay Rays,0,0,3,1,4,3,-1,0
2024,2024-09-06,745777,New York Mets,1,6,9,0,3,0,6,1
2024,2024-09-06,745777,Cincinnati Reds,0,4,3,0,9,0,-6,0
2024,2024-09-06,746912,Boston Red Sox,1,3,5,0,6,0,-1,1
2024,2024-09-06,746912,Chicago White Sox,0,1,6,0,5,0,1,0
2024,2024-09-06,746016,Miami Marlins,1,2,5,2,22,0,-17,0
2024,2024-09-06,746016,Philadelphia Phillies,0,16,22,0,5,2,17,1
2024,2024-09-06,747074,Atlanta Braves,1,3,7,2,7,0,0,1
2024,2024-09-06,747074,Toronto Blue Jays,0,1,7,0,7,2,0,0
2024,2024-09-06,744967,Texas Rangers,1,1,4,1,7,0,-3,0
2024,2024-09-06,744967,Los Angeles Angels,0,5,7,0,4,1,3,1
2024,2024-09-06,746343,Houston Astros,1,8,12,0,2,0,10,1
2024,2024-09-06,746343,Arizona Diamondbacks,0,0,2,0,12,0,-10,0
2024,2024-09-06,746257,Kansas City Royals,1,5,10,0,4,0,6,1
2024,2024-09-06,746257,Minnesota Twins,0,0,4,0,10,0,-6,0
2024,2024-09-06,745131,St. Louis Cardinals,1,1,5,1,11,0,-6,0
2024,2024-09-06,745131,Seattle Mariners,0,6,11,0,5,1,6,1
2024,2024-09-06,745611,Oakland Athletics,1,7,15,0,12,0,3,1
2024,2024-09-06,745611,Detroit Tigers,0,6,12,0,15,0,-3,0
2024,2024-09-06,745371,San Diego Padres,1,5,9,0,6,1,3,1
2024,2024-09-06,745371,San Francisco Giants,0,1,6,1,9,0,-3,0
2024,2024-09-06,746104,Los Angeles Dodgers,1,1,6,0,5,0,1,0
2024,2024-09-06,746104,Cleveland Guardians,0,3,5,0,6,0,-1,1
2024,2024-09-07,745455,Pittsburgh Pirates,1,3,5,1,7,0,-2,0
2024,2024-09-07,745455,Washington Nationals,0,5,7,0,5,1,2,1
2024,2024-09-07,745456,Pittsburgh Pirates,1,6,11,1,13,1,-2,0
2024,2024-09-07,745456,Washington Nationals,0,8,13,1,11,1,2,1
2024,2024-09-07,746829,Chicago Cubs,1,0,4,2,4,0,0,0
2024,2024-09-07,746829,New York Yankees,0,2,4,0,4,2,0,1
2024,2024-09-07,746986,Baltimore Orioles,1,1,6,1,12,0,-6,0
2024,2024-09-07,746986,Tampa Bay Rays,0,7,12,0,6,1,6,1
2024,2024-09-07,745613,Oakland Athletics,1,1,6,1,5,1,1,0
2024,2024-09-07,745613,Detroit Tigers,0,2,5,1,6,1,-1,1
2024,2024-09-07,746344,Houston Astros,1,11,13,0,10,1,3,1
2024,2024-09-07,746344,Arizona Diamondbacks,0,5,10,1,13,0,-3,0
2024,2024-09-07,745775,New York Mets,1,4,7,1,6,0,1,1
2024,2024-09-07,745775,Cincinnati Reds,0,0,6,0,7,1,-1,0
2024,2024-09-07,746018,Miami Marlins,1,9,14,2,11,2,3,1
2024,2024-09-07,746018,Philadelphia Phillies,0,5,11,2,14,2,-3,0
2024,2024-09-07,744963,Texas Rangers,1,6,7,1,3,2,4,1
2024,2024-09-07,744963,Los Angeles Angels,0,4,3,2,7,1,-4,0
2024,2024-09-07,745942,Milwaukee Brewers,1,5,10,0,6,0,4,1
2024,2024-09-07,745942,Colorado Rockies,0,2,6,0,10,0,-4,0
2024,2024-09-07,745125,St. Louis Cardinals,1,2,2,1,5,0,-3,1
2024,2024-09-07,745125,Seattle Mariners,0,0,5,0,2,1,3,0
2024,2024-09-07,746259,Kansas City Royals,1,4,6,1,5,1,1,1
2024,2024-09-07,746259,Minnesota Twins,0,2,5,1,6,1,-1,0
2024,2024-09-07,746911,Boston Red Sox,1,7,10,1,10,0,0,1
2024,2024-09-07,746911,Chicago White Sox,0,5,10,0,10,1,0,0
2024,2024-09-07,747076,Atlanta Braves,1,5,10,2,17,1,-7,0
2024,2024-09-07,747076,Toronto Blue Jays,0,9,17,1,10,2,7,1
2024,2024-09-07,745372,San Diego Padres,1,3,11,0,8,0,3,0
2024,2024-09-07,745372,San Francisco Giants,0,6,8,0,11,0,-3,1
2024,2024-09-07,746099,Los Angeles Dodgers,1,7,8,0,7,0,1,1
2024,2024-09-07,746099,Cleveland Guardians,0,2,7,0,8,0,-1,0
2024,2024-09-08,746989,Baltimore Orioles,1,0,5,0,8,2,-3,0
2024,2024-09-08,746989,Tampa Bay Rays,0,2,8,2,5,0,3,1
2024,2024-09-08,745453,Pittsburgh Pirates,1,7,12,0,6,1,6,1
2024,2024-09-08,745453,Washington Nationals,0,3,6,1,12,0,-6,0
2024,2024-09-08,747072,Atlanta Braves,1,4,8,1,8,2,0,1
2024,2024-09-08,747072,Toronto Blue Jays,0,3,8,2,8,1,0,0
2024,2024-09-08,746910,Boston Red Sox,1,2,8,2,12,0,-4,0
2024,2024-09-08,746910,Chicago White Sox,0,7,12,0,8,2,4,1
2024,2024-09-08,745774,New York Mets,1,1,4,1,7,0,-3,0
2024,2024-09-08,745774,Cincinnati Reds,0,3,7,0,4,1,3,1
2024,2024-09-08,746017,Miami Marlins,1,10,11,1,5,0,6,1
2024,2024-09-08,746017,Philadelphia Phillies,0,1,5,0,11,1,-6,0
2024,2024-09-08,746258,Kansas City Royals,1,2,6,0,5,0,1,1
2024,2024-09-08,746258,Minnesota Twins,0,0,5,0,6,0,-1,0
2024,2024-09-08,745940,Milwaukee Brewers,1,1,3,0,12,1,-9,0
2024,2024-09-08,745940,Colorado Rockies,0,4,12,1,3,0,9,1
2024,2024-09-08,745128,St. Louis Cardinals,1,4,9,0,14,0,-5,0
2024,2024-09-08,745128,Seattle Mariners,0,10,14,0,9,0,5,1
2024,2024-09-08,746827,Chicago Cubs,1,2,3,0,6,1,-3,1
2024,2024-09-08,746827,New York Yankees,0,1,6,1,3,0,3,0
2024,2024-09-08,744965,Texas Rangers,1,7,10,1,5,1,5,1
2024,2024-09-08,744965,Los Angeles Angels,0,4,5,1,10,1,-5,0
2024,2024-09-08,745616,Oakland Athletics,1,1,8,1,16,0,-8,0
2024,2024-09-08,745616,Detroit Tigers,0,9,16,0,8,1,8,1
2024,2024-09-08,746098,Los Angeles Dodgers,1,4,9,1,6,0,3,1
2024,2024-09-08,746098,Cleveland Guardians,0,0,6,0,9,1,-3,0
2024,2024-09-08,745368,San Diego Padres,1,6,8,0,9,2,-1,0
2024,2024-09-08,745368,San Francisco Giants,0,7,9,2,8,0,1,1
2024,2024-09-08,746345,Houston Astros,1,6,12,0,15,0,-3,0
2024,2024-09-08,746345,Arizona Diamondbacks,0,12,15,0,12,0,3,1
2024,2024-09-09,745534,Philadelphia Phillies,1,2,5,0,8,0,-3,1
2024,2024-09-09,745534,Tampa Bay Rays,0,1,8,0,5,0,3,0
2024,2024-09-09,747090,Atlanta Braves,1,0,2,1,8,0,-6,0
2024,2024-09-09,747090,Cincinnati Reds,0,1,8,0,2,1,6,1
2024,2024-09-09,745454,Pittsburgh Pirates,1,3,7,1,8,2,-1,1
2024,2024-09-09,745454,Miami Marlins,0,2,8,2,7,1,1,0
2024,2024-09-09,745698,New York Yankees,1,10,12,3,6,2,6,1
2024,2024-09-09,745698,Kansas City Royals,0,4,6,2,12,3,-6,0
2024,2024-09-09,744888,Toronto Blue Jays,1,2,4,1,3,0,1,0
2024,2024-09-09,744888,New York Mets,0,3,3,0,4,1,-1,1
2024,2024-09-09,746909,Boston Red Sox,1,12,15,1,6,1,9,1
2024,2024-09-09,746909,Baltimore Orioles,0,3,6,1,15,1,-9,0
2024,2024-09-09,745860,Minnesota Twins,1,2,5,0,9,0,-4,0
2024,2024-09-09,745860,Los Angeles Angels,0,6,9,0,5,0,4,1
2024,2024-09-09,746746,Chicago White Sox,1,3,5,1,8,0,-3,0
2024,2024-09-09,746746,Cleveland Guardians,0,5,8,0,5,1,3,1
2024,2024-09-09,746101,Los Angeles Dodgers,1,4,10,1,16,1,-6,0
2024,2024-09-09,746101,Chicago Cubs,0,10,16,1,10,1,6,1
2024,2024-09-10,746428,Detroit Tigers,1,11,10,0,3,1,7,1
2024,2024-09-10,746428,Colorado Rockies,0,0,3,1,10,0,-7,0
2024,2024-09-10,745535,Philadelphia Phillies,1,9,13,0,13,1,0,1
2024,2024-09-10,745535,Tampa Bay Rays,0,4,13,1,13,0,0,0
2024,2024-09-10,745446,Pittsburgh Pirates,1,6,8,0,9,1,-1,1
2024,2024-09-10,745446,Miami Marlins,0,4,9,1,8,0,1,0
2024,2024-09-10,744807,Washington Nationals,1,0,3,1,15,0,-12,0
2024,2024-09-10,744807,Atlanta Braves,0,12,15,0,3,1,12,1
2024,2024-09-10,745694,New York Yankees,1,0,3,0,11,0,-8,0
2024,2024-09-10,745694,Kansas City Royals,0,5,11,0,3,0,8,1
2024,2024-09-10,744886,Toronto Blue Jays,1,6,12,0,6,2,6,1
2024,2024-09-10,744886,New York Mets,0,2,6,2,12,0,-6,0
2024,2024-09-10,746907,Boston Red Sox,1,3,7,0,10,0,-3,0
2024,2024-09-10,746907,Baltimore Orioles,0,5,10,0,7,0,3,1
2024,2024-09-10,745856,Minnesota Twins,1,10,10,1,10,2,0,1
2024,2024-09-10,745856,Los Angeles Angels,0,5,10,2,10,1,0,0
2024,2024-09-10,746747,Chicago White Sox,1,0,5,2,11,0,-6,0
2024,2024-09-10,746747,Cleveland Guardians,0,5,11,0,5,2,6,1
2024,2024-09-10,745126,St. Louis Cardinals,1,0,8,0,7,0,1,0
2024,2024-09-10,745126,Cincinnati Reds,0,3,7,0,8,0,-1,1
2024,2024-09-10,746346,Houston Astros,1,3,10,1,9,0,1,0
2024,2024-09-10,746346,Oakland Athletics,0,4,9,0,10,1,-1,1
2024,2024-09-10,745210,Seattle Mariners,1,3,10,0,11,0,-1,0
2024,2024-09-10,745210,San Diego Padres,0,7,11,0,10,0,1,1
2024,2024-09-10,747152,Arizona Diamondbacks,1,6,10,0,3,0,7,1
2024,2024-09-10,747152,Texas Rangers,0,0,3,0,10,0,-7,0
2024,2024-09-10,745291,San Francisco Giants,1,2,4,1,9,0,-5,0
2024,2024-09-10,745291,Milwaukee Brewers,0,3,9,0,4,1,5,1
2024,2024-09-10,746097,Los Angeles Dodgers,1,3,8,4,10,0,-2,0
2024,2024-09-10,746097,Chicago Cubs,0,6,10,0,8,4,2,1
2024,2024-09-11,745450,Pittsburgh Pirates,1,3,6,0,6,0,0,1
2024,2024-09-11,745450,Miami Marlins,0,1,6,0,6,0,0,0
2024,2024-09-11,746745,Chicago White Sox,1,4,8,0,10,3,-2,0
2024,2024-09-11,746745,Cleveland Guardians,0,6,10,3,8,0,2,1
2024,2024-09-11,744881,Toronto Blue Jays,1,2,6,1,4,0,2,0
2024,2024-09-11,744881,New York Mets,0,6,4,0,6,1,-2,1
2024,2024-09-11,747154,Arizona Diamondbacks,1,14,16,0,9,0,7,1
2024,2024-09-11,747154,Texas Rangers,0,4,9,0,16,0,-7,0
2024,2024-09-11,746425,Detroit Tigers,1,7,14,0,7,0,7,1
2024,2024-09-11,746425,Colorado Rockies,0,4,7,0,14,0,-7,0
2024,2024-09-11,745525,Philadelphia Phillies,1,3,5,1,5,0,0,1
2024,2024-09-11,745525,Tampa Bay Rays,0,2,5,0,5,1,0,0
2024,2024-09-11,744804,Washington Nationals,1,5,13,1,6,0,7,1
2024,2024-09-11,744804,Atlanta Braves,0,1,6,0,13,1,-7,0
2024,2024-09-11,745697,New York Yankees,1,4,6,0,8,0,-2,1
2024,2024-09-11,745697,Kansas City Royals,0,3,8,0,6,0,2,0
2024,2024-09-11,746908,Boston Red Sox,1,5,8,0,8,2,0,1
2024,2024-09-11,746908,Baltimore Orioles,0,3,8,2,8,0,0,0
2024,2024-09-11,745857,Minnesota Twins,1,6,11,0,10,0,1,1
2024,2024-09-11,745857,Los Angeles Angels,0,4,10,0,11,0,-1,0
2024,2024-09-11,745127,St. Louis Cardinals,1,2,6,0,5,0,1,1
2024,2024-09-11,745127,Cincinnati Reds,0,1,5,0,6,0,-1,0
2024,2024-09-11,746342,Houston Astros,1,4,9,1,10,2,-1,0
2024,2024-09-11,746342,Oakland Athletics,0,5,10,2,9,1,1,1
2024,2024-09-11,745214,Seattle Mariners,1,5,5,0,4,1,1,1
2024,2024-09-11,745214,San Diego Padres,0,2,4,1,5,0,-1,0
2024,2024-09-11,745285,San Francisco Giants,1,13,17,0,7,1,10,1
2024,2024-09-11,745285,Milwaukee Brewers,0,2,7,1,17,0,-10,0
2024,2024-09-11,746100,Los Angeles Dodgers,1,10,12,1,6,0,6,1
2024,2024-09-11,746100,Chicago Cubs,0,8,6,0,12,1,-6,0
2024,2024-09-12,746427,Detroit Tigers,1,2,4,0,9,0,-5,0
2024,2024-09-12,746427,Colorado Rockies,0,4,9,0,4,0,5,1
2024,2024-09-12,745129,St. Louis Cardinals,1,6,10,0,4,1,6,1
2024,2024-09-12,745129,Cincinnati Reds,0,1,4,1,10,0,-6,0
2024,2024-09-12,746337,Houston Astros,1,6,12,1,7,0,5,1
2024,2024-09-12,746337,Oakland Athletics,0,3,7,0,12,1,-5,0
2024,2024-09-12,744805,Washington Nationals,1,3,6,3,8,1,-2,0
2024,2024-09-12,744805,Miami Marlins,0,6,8,1,6,3,2,1
2024,2024-09-12,746591,Cleveland Guardians,1,2,5,2,10,1,-5,0
2024,2024-09-12,746591,Tampa Bay Rays,0,5,10,1,5,2,5,1
2024,2024-09-12,745695,New York Yankees,1,2,7,0,4,0,3,1
2024,2024-09-12,745695,Boston Red Sox,0,1,4,0,7,0,-3,0
2024,2024-09-12,745208,Seattle Mariners,1,4,6,1,9,0,-3,0
2024,2024-09-12,745208,Texas Rangers,0,5,9,0,6,1,3,1
2024,2024-09-12,745288,San Francisco Giants,1,0,5,1,4,1,1,0
2024,2024-09-12,745288,Milwaukee Brewers,0,3,4,1,5,1,-1,1
2024,2024-09-13,746423,Detroit Tigers,1,1,6,0,1,0,5,1
2024,2024-09-13,746423,Baltimore Orioles,0,0,1,0,6,0,-5,0
2024,2024-09-13,745447,Pittsburgh Pirates,1,3,9,1,8,0,1,0
2024,2024-09-13,745447,Kansas City Royals,0,8,8,0,9,1,-1,1
2024,2024-09-13,745529,Philadelphia Phillies,1,3,4,0,14,0,-10,0
2024,2024-09-13,745529,New York Mets,0,11,14,0,4,0,10,1
2024,2024-09-13,744800,Washington Nationals,1,4,4,0,8,3,-4,1
2024,2024-09-13,744800,Miami Marlins,0,1,8,3,4,0,4,0
2024,2024-09-13,745696,New York Yankees,1,5,7,0,9,0,-2,1
2024,2024-09-13,745696,Boston Red Sox,0,4,9,0,7,0,2,0
2024,2024-09-13,744882,Toronto Blue Jays,1,4,10,0,12,0,-2,1
2024,2024-09-13,744882,St. Louis Cardinals,0,3,12,0,10,0,2,0
2024,2024-09-13,746586,Cleveland Guardians,1,1,4,0,8,2,-4,0
2024,2024-09-13,746586,Tampa Bay Rays,0,3,8,2,4,0,4,1
2024,2024-09-13,747069,Atlanta Braves,1,6,10,0,5,0,5,1
2024,2024-09-13,747069,Los Angeles Dodgers,0,2,5,0,10,0,-5,0
2024,2024-09-13,746744,Chicago White Sox,1,0,6,0,9,0,-3,0
2024,2024-09-13,746744,Oakland Athletics,0,2,9,0,6,0,3,1
2024,2024-09-13,745855,Minnesota Twins,1,4,5,0,9,0,-4,0
2024,2024-09-13,745855,Cincinnati Reds,0,8,9,0,5,0,4,1
2024,2024-09-13,746509,Colorado Rockies,1,9,12,0,13,1,-1,1
2024,2024-09-13,746509,Chicago Cubs,0,5,13,1,12,0,1,0
2024,2024-09-13,746181,Los Angeles Angels,1,3,3,0,14,1,-11,0
2024,2024-09-13,746181,Houston Astros,0,5,14,1,3,0,11,1
2024,2024-09-13,747153,Arizona Diamondbacks,1,1,6,1,6,0,0,0
2024,2024-09-13,747153,Milwaukee Brewers,0,2,6,0,6,1,0,1
2024,2024-09-13,745207,Seattle Mariners,1,5,10,0,7,1,3,1
2024,2024-09-13,745207,Texas Rangers,0,4,7,1,10,0,-3,0
2024,2024-09-13,745286,San Francisco Giants,1,0,4,1,12,0,-8,0
2024,2024-09-13,745286,San Diego Padres,0,5,12,0,4,1,8,1
2024,2024-09-14,745448,Pittsburgh Pirates,1,1,9,2,7,0,2,0
2024,2024-09-14,745448,Kansas City Royals,0,5,7,0,9,2,-2,1
2024,2024-09-14,745689,New York Yankees,1,1,5,0,9,2,-4,0
2024,2024-09-14,745689,Boston Red Sox,0,7,9,2,5,0,4,1
2024,2024-09-14,744884,Toronto Blue Jays,1,7,10,0,3,1,7,1
2024,2024-09-14,744884,St. Louis Cardinals,0,2,3,1,10,0,-7,0
2024,2024-09-14,745528,Philadelphia Phillies,1,6,8,1,10,0,-2,1
2024,2024-09-14,745528,New York Mets,0,4,10,0,8,1,2,0
2024,2024-09-14,744803,Washington Nationals,1,4,8,1,6,0,2,1
2024,2024-09-14,744803,Miami Marlins,0,1,6,0,8,1,-2,0
2024,2024-09-14,746422,Detroit Tigers,1,2,7,0,8,0,-1,0
2024,2024-09-14,746422,Baltimore Orioles,0,4,8,0,7,0,1,1
2024,2024-09-14,746584,Cleveland Guardians,1,6,8,1,6,2,2,1
2024,2024-09-14,746584,Tampa Bay Rays,0,1,6,2,8,1,-2,0
2024,2024-09-14,745858,Minnesota Twins,1,1,5,0,15,0,-10,0
2024,2024-09-14,745858,Cincinnati Reds,0,11,15,0,5,0,10,1
2024,2024-09-14,746740,Chicago White Sox,1,7,16,1,11,0,5,1
2024,2024-09-14,746740,Oakland Athletics,0,6,11,0,16,1,-5,0
2024,2024-09-14,747070,Atlanta Braves,1,10,10,0,7,1,3,1
2024,2024-09-14,747070,Los Angeles Dodgers,0,1,7,1,10,0,-3,0
2024,2024-09-14,746508,Colorado Rockies,1,6,8,1,11,0,-3,1
2024,2024-09-14,746508,Chicago Cubs,0,5,11,0,8,1,3,0
2024,2024-09-14,747148,Arizona Diamondbacks,1,8,14,0,16,1,-2,0
2024,2024-09-14,747148,Milwaukee Brewers,0,15,16,1,14,0,2,1
2024,2024-09-14,745284,San Francisco Giants,1,0,5,0,17,1,-12,0
2024,2024-09-14,745284,San Diego Padres,0,8,17,1,5,0,12,1
2024,2024-09-14,746177,Los Angeles Angels,1,3,6,0,10,0,-4,0
2024,2024-09-14,746177,Houston Astros,0,5,10,0,6,0,4,1
2024,2024-09-14,745209,Seattle Mariners,1,5,10,0,7,0,3,1
2024,2024-09-14,745209,Texas Rangers,0,4,7,0,10,0,-3,0
2024,2024-09-15,746419,Detroit Tigers,1,4,5,0,7,0,-2,1
2024,2024-09-15,746419,Baltimore Orioles,0,2,7,0,5,0,2,0
2024,2024-09-15,745852,Minnesota Twins,1,9,12,0,7,0,5,1
2024,2024-09-15,745852,Cincinnati Reds,0,2,7,0,12,0,-5,0
2024,2024-09-15,745449,Pittsburgh Pirates,1,4,7,1,8,0,-1,1
2024,2024-09-15,745449,Kansas City Royals,0,3,8,0,7,1,1,0
2024,2024-09-15,745530,Philadelphia Phillies,1,2,6,0,7,0,-1,1
2024,2024-09-15,745530,New York Mets,0,1,7,0,6,0,1,0
2024,2024-09-15,744801,Washington Nationals,1,4,8,2,6,0,2,1
2024,2024-09-15,744801,Miami Marlins,0,3,6,0,8,2,-2,0
2024,2024-09-15,745693,New York Yankees,1,5,9,0,8,1,1,1
2024,2024-09-15,745693,Boston Red Sox,0,2,8,1,9,0,-1,0
2024,2024-09-15,744883,Toronto Blue Jays,1,3,6,0,7,0,-1,1
2024,2024-09-15,744883,St. Louis Cardinals,0,2,7,0,6,0,1,0
2024,2024-09-15,746585,Cleveland Guardians,1,2,7,0,4,0,3,1
2024,2024-09-15,746585,Tampa Bay Rays,0,0,4,0,7,0,-3,0
2024,2024-09-15,746741,Chicago White Sox,1,4,8,0,7,1,1,1
2024,2024-09-15,746741,Oakland Athletics,0,3,7,1,8,0,-1,0
2024,2024-09-15,746506,Colorado Rockies,1,2,4,1,11,0,-7,0
2024,2024-09-15,746506,Chicago Cubs,0,6,11,0,4,1,7,1
2024,2024-09-15,745287,San Francisco Giants,1,3,4,1,6,0,-2,0
2024,2024-09-15,745287,San Diego Padres,0,4,6,0,4,1,2,1
2024,2024-09-15,746180,Los Angeles Angels,1,4,8,0,8,0,0,0
2024,2024-09-15,746180,Houston Astros,0,6,8,0,8,0,0,1
2024,2024-09-15,745206,Seattle Mariners,1,7,14,0,1,0,13,1
2024,2024-09-15,745206,Texas Rangers,0,0,1,0,14,0,-13,0
2024,2024-09-15,747151,Arizona Diamondbacks,1,11,14,0,13,1,1,1
2024,2024-09-15,747151,Milwaukee Brewers,0,10,13,1,14,0,-1,0
2024,2024-09-15,747071,Atlanta Braves,1,2,4,1,11,0,-7,0
2024,2024-09-15,747071,Los Angeles Dodgers,0,9,11,0,4,1,7,1
2024,2024-09-16,746588,Cleveland Guardians,1,4,10,0,8,0,2,1
2024,2024-09-16,746588,Minnesota Twins,0,3,8,0,10,0,-2,0
2024,2024-09-16,745773,New York Mets,1,2,6,0,5,0,1,1
2024,2024-09-16,745773,Washington Nationals,0,1,5,0,6,0,-1,0
2024,2024-09-16,747067,Atlanta Braves,1,0,4,0,4,1,0,0
2024,2024-09-16,747067,Los Angeles Dodgers,0,9,4,1,4,0,0,1
2024,2024-09-16,746260,Kansas City Royals,1,6,11,2,14,0,-3,0
2024,2024-09-16,746260,Detroit Tigers,0,7,14,0,11,2,3,1
2024,2024-09-16,746828,Chicago Cubs,1,9,18,0,9,0,9,1
2024,2024-09-16,746828,Oakland Athletics,0,2,9,0,18,0,-9,0
2024,2024-09-16,745939,Milwaukee Brewers,1,6,8,0,11,0,-3,1
2024,2024-09-16,745939,Philadelphia Phillies,0,2,11,0,8,0,3,0
2024,2024-09-16,745130,St. Louis Cardinals,1,4,7,1,4,2,3,1
2024,2024-09-16,745130,Pittsburgh Pirates,0,0,4,2,7,1,-3,0
2024,2024-09-16,746502,Colorado Rockies,1,3,4,0,8,1,-4,1
2024,2024-09-16,746502,Arizona Diamondbacks,0,2,8,1,4,0,4,0
2024,2024-09-16,746179,Los Angeles Angels,1,4,5,1,9,0,-4,0
2024,2024-09-16,746179,Chicago White Sox,0,8,9,0,5,1,4,1
2024,2024-09-16,745367,San Diego Padres,1,3,13,1,6,0,7,1
2024,2024-09-16,745367,Houston Astros,0,1,6,0,13,1,-7,0
2024,2024-09-17,746987,Baltimore Orioles,1,0,5,1,10,0,-5,0
2024,2024-09-17,746987,San Francisco Giants,0,10,10,0,5,1,5,1
2024,2024-09-17,746587,Cleveland Guardians,1,1,8,0,8,0,0,0
2024,2024-09-17,746587,Minnesota Twins,0,4,8,0,8,0,0,1
2024,2024-09-17,746659,Cincinnati Reds,1,6,10,0,12,2,-2,1
2024,2024-09-17,746659,Atlanta Braves,0,5,12,2,10,0,2,0
2024,2024-09-17,746015,Miami Marlins,1,11,15,0,12,0,3,1
2024,2024-09-17,746015,Los Angeles Dodgers,0,9,12,0,15,0,-3,0
2024,2024-09-17,745044,Tampa Bay Rays,1,8,12,1,3,0,9,1
2024,2024-09-17,745044,Boston Red Sox,0,3,3,0,12,1,-9,0
2024,2024-09-17,745772,New York Mets,1,10,14,1,4,0,10,1
2024,2024-09-17,745772,Washington Nationals,0,1,4,0,14,1,-10,0
2024,2024-09-17,746261,Kansas City Royals,1,1,7,0,7,0,0,0
2024,2024-09-17,746261,Detroit Tigers,0,3,7,0,7,0,0,1
2024,2024-09-17,746830,Chicago Cubs,1,3,11,0,9,0,2,0
2024,2024-09-17,746830,Oakland Athletics,0,4,9,0,11,0,-2,1
2024,2024-09-17,745935,Milwaukee Brewers,1,1,5,0,10,0,-5,0
2024,2024-09-17,745935,Philadelphia Phillies,0,5,10,0,5,0,5,1
2024,2024-09-17,745122,St. Louis Cardinals,1,3,4,0,8,2,-4,1
2024,2024-09-17,745122,Pittsburgh Pirates,0,1,8,2,4,0,4,0
2024,2024-09-17,744961,Texas Rangers,1,13,13,0,13,2,0,1
2024,2024-09-17,744961,Toronto Blue Jays,0,8,13,2,13,0,0,0
2024,2024-09-17,746503,Colorado Rockies,1,8,12,0,6,1,6,1
2024,2024-09-17,746503,Arizona Diamondbacks,0,2,6,1,12,0,-6,0
2024,2024-09-17,746176,Los Angeles Angels,1,5,10,0,6,0,4,1
2024,2024-09-17,746176,Chicago White Sox,0,0,6,0,10,0,-4,0
2024,2024-09-17,745366,San Diego Padres,1,3,6,0,9,0,-3,0
2024,2024-09-17,745366,Houston Astros,0,4,9,0,6,0,3,1
2024,2024-09-17,745205,Seattle Mariners,1,2,9,2,12,0,-3,0
2024,2024-09-17,745205,New York Yankees,0,11,12,0,9,2,3,1
2024,2024-09-18,746831,Chicago Cubs,1,3,6,0,9,0,-3,0
2024,2024-09-18,746831,Oakland Athletics,0,5,9,0,6,0,3,1
2024,2024-09-18,746500,Colorado Rockies,1,4,8,2,12,0,-4,0
2024,2024-09-18,746500,Arizona Diamondbacks,0,9,12,0,8,2,4,1
2024,2024-09-18,746172,Los Angeles Angels,1,4,7,1,6,0,1,1
2024,2024-09-18,746172,Chicago White Sox,0,3,6,0,7,1,-1,0
2024,2024-09-18,746988,Baltimore Orioles,1,3,7,1,9,0,-2,0
2024,2024-09-18,746988,San Francisco Giants,0,5,9,0,7,1,2,1
2024,2024-09-18,745365,San Diego Padres,1,4,9,1,2,1,7,1
2024,2024-09-18,745365,Houston Astros,0,0,2,1,9,1,-7,0
2024,2024-09-18,746582,Cleveland Guardians,1,5,7,1,8,0,-1,1
2024,2024-09-18,746582,Minnesota Twins,0,4,8,0,7,1,1,0
2024,2024-09-18,746662,Cincinnati Reds,1,1,5,1,11,0,-6,0
2024,2024-09-18,746662,Atlanta Braves,0,7,11,0,5,1,6,1
2024,2024-09-18,746014,Miami Marlins,1,4,8,2,11,2,-3,0
2024,2024-09-18,746014,Los Angeles Dodgers,0,8,11,2,8,2,3,1
2024,2024-09-18,745040,Tampa Bay Rays,1,1,8,0,6,0,2,0
2024,2024-09-18,745040,Boston Red Sox,0,2,6,0,8,0,-2,1
2024,2024-09-18,745771,New York Mets,1,10,11,0,3,0,8,1
2024,2024-09-18,745771,Washington Nationals,0,0,3,0,11,0,-8,0
2024,2024-09-18,746254,Kansas City Royals,1,2,7,2,7,1,0,0
2024,2024-09-18,746254,Detroit Tigers,0,4,7,1,7,2,0,1
2024,2024-09-18,745933,Milwaukee Brewers,1,2,5,0,4,0,1,1
2024,2024-09-18,745933,Philadelphia Phillies,0,1,4,0,5,0,-1,0
2024,2024-09-18,745121,St. Louis Cardinals,1,10,14,1,13,1,1,1
2024,2024-09-18,745121,Pittsburgh Pirates,0,5,13,1,14,1,-1,0
2024,2024-09-18,744959,Texas Rangers,1,2,5,0,5,0,0,1
2024,2024-09-18,744959,Toronto Blue Jays,0,0,5,0,5,0,0,0
2024,2024-09-18,745199,Seattle Mariners,1,1,6,1,3,0,3,0
2024,2024-09-18,745199,New York Yankees,0,2,3,0,6,1,-3,1
2024,2024-09-19,746985,Baltimore Orioles,1,5,10,0,8,0,2,1
2024,2024-09-19,746985,San Francisco Giants,0,3,8,0,10,0,-2,0
2024,2024-09-19,746579,Cleveland Guardians,1,3,11,2,3,0,8,1
2024,2024-09-19,746579,Minnesota Twins,0,2,3,0,11,2,-8,0
2024,2024-09-19,746663,Cincinnati Reds,1,3,10,0,18,0,-8,0
2024,2024-09-19,746663,Atlanta Braves,0,15,18,0,10,0,8,1
2024,2024-09-19,744962,Texas Rangers,1,0,2,1,7,0,-5,0
2024,2024-09-19,744962,Toronto Blue Jays,0,4,7,0,2,1,5,1
2024,2024-09-19,745204,Seattle Mariners,1,3,6,1,6,1,0,1
2024,2024-09-19,745204,New York Yankees,0,2,6,1,6,1,0,0
2024,2024-09-19,746011,Miami Marlins,1,4,9,0,16,1,-7,0
2024,2024-09-19,746011,Los Angeles Dodgers,0,20,16,1,9,0,7,1
2024,2024-09-19,745041,Tampa Bay Rays,1,2,7,0,1,1,6,1
2024,2024-09-19,745041,Boston Red Sox,0,0,1,1,7,0,-6,0
2024,2024-09-19,745120,St. Louis Cardinals,1,2,6,0,8,0,-2,0
2024,2024-09-19,745120,Pittsburgh Pirates,0,3,8,0,6,0,2,1
2024,2024-09-19,745769,New York Mets,1,10,11,0,8,0,3,1
2024,2024-09-19,745769,Philadelphia Phillies,0,6,8,0,11,0,-3,0
2024,2024-09-19,745937,Milwaukee Brewers,1,1,2,1,7,0,-5,0
2024,2024-09-19,745937,Arizona Diamondbacks,0,5,7,0,2,1,5,1
2024,2024-09-19,746823,Chicago Cubs,1,7,12,0,13,0,-1,1
2024,2024-09-19,746823,Washington Nationals,0,6,13,0,12,0,1,0
2024,2024-09-19,746341,Houston Astros,1,3,6,0,6,3,0,1
2024,2024-09-19,746341,Los Angeles Angels,0,1,6,3,6,0,0,0
2024,2024-09-20,746824,Chicago Cubs,1,3,6,0,5,0,1,1
2024,2024-09-20,746824,Washington Nationals,0,1,5,0,6,0,-1,0
2024,2024-09-20,746661,Cincinnati Reds,1,8,8,0,9,0,-1,1
2024,2024-09-20,746661,Pittsburgh Pirates,0,3,9,0,8,0,1,0
2024,2024-09-20,745043,Tampa Bay Rays,1,1,6,0,5,0,1,1
2024,2024-09-20,745043,Toronto Blue Jays,0,0,5,0,6,0,-1,0
2024,2024-09-20,746984,Baltimore Orioles,1,7,9,0,7,0,2,1
2024,2024-09-20,746984,Detroit Tigers,0,1,7,0,9,0,-2,0
2024,2024-09-20,746905,Boston Red Sox,1,2,9,0,13,0,-4,0
2024,2024-09-20,746905,Minnesota Twins,0,4,13,0,9,0,4,1
2024,2024-09-20,745770,New York Mets,1,2,4,1,17,0,-13,0
2024,2024-09-20,745770,Philadelphia Phillies,0,12,17,0,4,1,13,1
2024,2024-09-20,746013,Miami Marlins,1,4,8,2,9,0,-1,1
2024,2024-09-20,746013,Atlanta Braves,0,3,9,0,8,2,1,0
2024,2024-09-20,744960,Texas Rangers,1,2,9,3,10,0,-1,0
2024,2024-09-20,744960,Seattle Mariners,0,8,10,0,9,3,1,1
2024,2024-09-20,746340,Houston Astros,1,9,14,0,13,1,1,1
2024,2024-09-20,746340,Los Angeles Angels,0,7,13,1,14,0,-1,0
2024,2024-09-20,746256,Kansas City Royals,1,1,5,0,8,0,-3,0
2024,2024-09-20,746256,San Francisco Giants,0,2,8,0,5,0,3,1
2024,2024-09-20,745934,Milwaukee Brewers,1,4,12,0,12,0,0,0
2024,2024-09-20,745934,Arizona Diamondbacks,0,7,12,0,12,0,0,1
2024,2024-09-20,745123,St. Louis Cardinals,1,1,7,1,8,0,-1,0
2024,2024-09-20,745123,Cleveland Guardians,0,5,8,0,7,1,1,1
2024,2024-09-20,745364,San Diego Padres,1,3,10,1,6,0,4,1
2024,2024-09-20,745364,Chicago White Sox,0,2,6,0,10,1,-4,0
2024,2024-09-20,745606,Oakland Athletics,1,2,3,0,8,0,-5,0
2024,2024-09-20,745606,New York Yankees,0,4,8,0,3,0,5,1
2024,2024-09-20,746094,Los Angeles Dodgers,1,6,9,1,5,1,4,1
2024,2024-09-20,746094,Colorado Rockies,0,4,5,1,9,1,-4,0
2024,2024-09-21,746660,Cincinnati Reds,1,7,9,1,7,0,2,1
2024,2024-09-21,746660,Pittsburgh Pirates,0,1,7,0,9,1,-2,0
2024,2024-09-21,746826,Chicago Cubs,1,1,2,0,12,0,-10,0
2024,2024-09-21,746826,Washington Nationals,0,5,12,0,2,0,10,1
2024,2024-09-21,746983,Baltimore Orioles,1,4,10,0,11,0,-1,0
2024,2024-09-21,746983,Detroit Tigers,0,6,11,0,10,0,1,1
2024,2024-09-21,745038,Tampa Bay Rays,1,3,7,0,9,0,-2,1
2024,2024-09-21,745038,Toronto Blue Jays,0,2,9,0,7,0,2,0
2024,2024-09-21,745768,New York Mets,1,6,9,0,4,0,5,1
2024,2024-09-21,745768,Philadelphia Phillies,0,3,4,0,9,0,-5,0
2024,2024-09-21,746012,Miami Marlins,1,2,6,0,14,1,-8,0
2024,2024-09-21,746012,Atlanta Braves,0,6,14,1,6,0,8,1
2024,2024-09-21,746255,Kansas City Royals,1,0,5,0,9,0,-4,0
2024,2024-09-21,746255,San Francisco Giants,0,9,9,0,5,0,4,1
2024,2024-09-21,744958,Texas Rangers,1,4,12,1,16,0,-4,0
2024,2024-09-21,744958,Seattle Mariners,0,8,16,0,12,1,4,1
2024,2024-09-21,746338,Houston Astros,1,10,20,1,10,1,10,1
2024,2024-09-21,746338,Los Angeles Angels,0,4,10,1,20,1,-10,0
2024,2024-09-21,745936,Milwaukee Brewers,1,0,2,1,6,0,-4,0
2024,2024-09-21,745936,Arizona Diamondbacks,0,5,6,0,2,1,4,1
2024,2024-09-21,745124,St. Louis Cardinals,1,6,8,1,10,2,-2,1
2024,2024-09-21,745124,Cleveland Guardians,0,5,10,2,8,1,2,0
2024,2024-09-21,745360,San Diego Padres,1,6,11,0,4,0,7,1
2024,2024-09-21,745360,Chicago White Sox,0,2,4,0,11,0,-7,0
2024,2024-09-21,745610,Oakland Athletics,1,0,5,2,14,0,-9,0
2024,2024-09-21,745610,New York Yankees,0,10,14,0,5,2,9,1
2024,2024-09-21,746096,Los Angeles Dodgers,1,3,7,1,8,1,-1,0
2024,2024-09-21,746096,Colorado Rockies,0,6,8,1,7,1,1,1
2024,2024-09-22,746903,Boston Red Sox,1,8,11,2,4,0,7,1
2024,2024-09-22,746903,Minnesota Twins,0,1,4,0,11,2,-7,0
2024,2024-09-22,746906,Boston Red Sox,1,9,10,0,8,0,2,1
2024,2024-09-22,746906,Minnesota Twins,0,3,8,0,10,0,-2,0
2024,2024-09-22,746657,Cincinnati Reds,1,0,3,0,7,0,-4,0
2024,2024-09-22,746657,Pittsburgh Pirates,0,2,7,0,3,0,4,1
2024,2024-09-22,746982,Baltimore Orioles,1,3,6,0,5,0,1,0
2024,2024-09-22,746982,Detroit Tigers,0,4,5,0,6,0,-1,1
2024,2024-09-22,745036,Tampa Bay Rays,1,4,7,1,11,0,-4,1
2024,2024-09-22,745036,Toronto Blue Jays,0,3,11,0,7,1,4,0
2024,2024-09-22,746010,Miami Marlins,1,4,9,0,11,1,-2,0
2024,2024-09-22,746010,Atlanta Braves,0,5,11,1,9,0,2,1
2024,2024-09-22,746339,Houston Astros,1,8,12,1,12,1,0,0
2024,2024-09-22,746339,Los Angeles Angels,0,9,12,1,12,1,0,1
2024,2024-09-22,746253,Kansas City Royals,1,0,3,1,3,0,0,0
2024,2024-09-22,746253,San Francisco Giants,0,2,3,0,3,1,0,1
2024,2024-09-22,745929,Milwaukee Brewers,1,10,16,1,9,1,7,1
2024,2024-09-22,745929,Arizona Diamondbacks,0,9,9,1,16,1,-7,0
2024,2024-09-22,745118,St. Louis Cardinals,1,2,5,0,2,0,3,1
2024,2024-09-22,745118,Cleveland Guardians,0,1,2,0,5,0,-3,0
2024,2024-09-22,746825,Chicago Cubs,1,5,7,0,8,0,-1,1
2024,2024-09-22,746825,Washington Nationals,0,0,8,0,7,0,1,0
2024,2024-09-22,744955,Texas Rangers,1,6,10,2,8,0,2,1
2024,2024-09-22,744955,Seattle Mariners,0,5,8,0,10,2,-2,0
2024,2024-09-22,745608,Oakland Athletics,1,4,7,0,9,1,-2,0
2024,2024-09-22,745608,New York Yankees,0,7,9,1,7,0,2,1
2024,2024-09-22,746092,Los Angeles Dodgers,1,6,11,0,9,0,2,1
2024,2024-09-22,746092,Colorado Rockies,0,5,9,0,11,0,-2,0
2024,2024-09-22,745358,San Diego Padres,1,4,5,0,5,0,0,1
2024,2024-09-22,745358,Chicago White Sox,0,2,5,0,5,0,0,0
2024,2024-09-22,745767,New York Mets,1,2,7,0,5,0,2,1
2024,2024-09-22,745767,Philadelphia Phillies,0,1,5,0,7,0,-2,0
2024,2024-09-23,745527,Philadelphia Phillies,1,6,11,1,7,2,4,1
2024,2024-09-23,745527,Chicago Cubs,0,2,7,2,11,1,-4,0
2024,2024-09-23,744885,Toronto Blue Jays,1,1,6,1,5,0,1,0
2024,2024-09-23,744885,Boston Red Sox,0,4,5,0,6,1,-1,1
2024,2024-09-23,746334,Houston Astros,1,1,4,0,13,0,-9,0
2024,2024-09-23,746334,Seattle Mariners,0,6,13,0,4,0,9,1
2024,2024-09-23,747150,Arizona Diamondbacks,1,3,7,0,9,0,-2,0
2024,2024-09-23,747150,San Francisco Giants,0,6,9,0,7,0,2,1
2024,2024-09-24,746421,Detroit Tigers,1,2,3,0,3,0,0,1
2024,2024-09-24,746421,Tampa Bay Rays,0,1,3,0,3,0,0,0
2024,2024-09-24,746581,Cleveland Guardians,1,6,10,0,4,0,6,1
2024,2024-09-24,746581,Cincinnati Reds,0,1,4,0,10,0,-6,0
2024,2024-09-24,745526,Philadelphia Phillies,1,4,7,0,15,0,-8,0
2024,2024-09-24,745526,Chicago Cubs,0,10,15,0,7,0,8,1
2024,2024-09-24,745441,Pittsburgh Pirates,1,2,10,1,6,0,4,0
2024,2024-09-24,745441,Milwaukee Brewers,0,7,6,0,10,1,-4,1
2024,2024-09-24,744802,Washington Nationals,1,0,5,2,8,0,-3,0
2024,2024-09-24,744802,Kansas City Royals,0,1,8,0,5,2,3,1
2024,2024-09-24,745688,New York Yankees,1,3,7,0,8,0,-1,0
2024,2024-09-24,745688,Baltimore Orioles,0,5,8,0,7,0,1,1
2024,2024-09-24,744876,Toronto Blue Jays,1,5,5,1,11,1,-6,0
2024,2024-09-24,744876,Boston Red Sox,0,6,11,1,5,1,6,1
2024,2024-09-24,747068,Atlanta Braves,1,5,10,1,4,1,6,1
2024,2024-09-24,747068,New York Mets,0,1,4,1,10,1,-6,0
2024,2024-09-24,746743,Chicago White Sox,1,3,6,0,5,1,1,1
2024,2024-09-24,746743,Los Angeles Angels,0,2,5,1,6,0,-1,0
2024,2024-09-24,745851,Minnesota Twins,1,1,8,0,10,0,-2,0
2024,2024-09-24,745851,Miami Marlins,0,4,10,0,8,0,2,1
2024,2024-09-24,746336,Houston Astros,1,4,6,0,9,0,-3,1
2024,2024-09-24,746336,Seattle Mariners,0,3,9,0,6,0,3,0
2024,2024-09-24,746504,Colorado Rockies,1,3,8,0,11,0,-3,0
2024,2024-09-24,746504,St. Louis Cardinals,0,7,11,0,8,0,3,1
2024,2024-09-24,747149,Arizona Diamondbacks,1,0,6,1,14,0,-8,0
2024,2024-09-24,747149,San Francisco Giants,0,11,14,0,6,1,8,1
2024,2024-09-24,745605,Oakland Athletics,1,5,6,0,10,1,-4,1
2024,2024-09-24,745605,Texas Rangers,0,4,10,1,6,0,4,0
2024,2024-09-24,746093,Los Angeles Dodgers,1,2,9,0,8,1,1,0
2024,2024-09-24,746093,San Diego Padres,0,4,8,1,9,0,-1,1
2024,2024-09-25,746331,Houston Astros,1,1,4,5,8,1,-4,0
2024,2024-09-25,746331,Seattle Mariners,0,8,8,1,4,5,4,1
2024,2024-09-25,745521,Philadelphia Phillies,1,9,13,2,9,0,4,1
2024,2024-09-25,745521,Chicago Cubs,0,6,9,0,13,2,-4,0
2024,2024-09-25,746583,Cleveland Guardians,1,5,8,3,6,0,2,1
2024,2024-09-25,746583,Cincinnati Reds,0,2,6,0,8,3,-2,0
2024,2024-09-25,746420,Detroit Tigers,1,7,13,0,7,0,6,1
2024,2024-09-25,746420,Tampa Bay Rays,0,1,7,0,13,0,-6,0
2024,2024-09-25,745442,Pittsburgh Pirates,1,2,3,0,5,0,-2,1
2024,2024-09-25,745442,Milwaukee Brewers,0,1,5,0,3,0,2,0
2024,2024-09-25,744795,Washington Nationals,1,0,2,0,7,1,-5,0
2024,2024-09-25,744795,Kansas City Royals,0,3,7,1,2,0,5,1
2024,2024-09-25,745690,New York Yankees,1,7,10,1,17,0,-7,0
2024,2024-09-25,745690,Baltimore Orioles,0,9,17,0,10,1,7,1
2024,2024-09-25,744877,Toronto Blue Jays,1,6,11,1,7,0,4,1
2024,2024-09-25,744877,Boston Red Sox,0,1,7,0,11,1,-4,0
2024,2024-09-25,746742,Chicago White Sox,1,4,9,0,8,1,1,1
2024,2024-09-25,746742,Los Angeles Angels,0,3,8,1,9,0,-1,0
2024,2024-09-25,745854,Minnesota Twins,1,8,8,0,11,4,-3,1
2024,2024-09-25,745854,Miami Marlins,0,3,11,4,8,0,3,0
2024,2024-09-25,746501,Colorado Rockies,1,2,9,0,9,0,0,0
2024,2024-09-25,746501,St. Louis Cardinals,0,5,9,0,9,0,0,1
2024,2024-09-25,747144,Arizona Diamondbacks,1,8,11,0,6,0,5,1
2024,2024-09-25,747144,San Francisco Giants,0,2,6,0,11,0,-5,0
2024,2024-09-25,745607,Oakland Athletics,1,1,9,0,8,1,1,0
2024,2024-09-25,745607,Texas Rangers,0,5,8,1,9,0,-1,1
2024,2024-09-25,746095,Los Angeles Dodgers,1,4,8,0,4,0,4,1
2024,2024-09-25,746095,San Diego Padres,0,3,4,0,8,0,-4,0
2024,2024-09-26,745443,Pittsburgh Pirates,1,2,5,0,14,2,-9,0
2024,2024-09-26,745443,Milwaukee Brewers,0,5,14,2,5,0,9,1
2024,2024-09-26,744796,Washington Nationals,1,4,7,1,8,1,-1,0
2024,2024-09-26,744796,Kansas City Royals,0,7,8,1,7,1,1,1
2024,2024-09-26,746415,Detroit Tigers,1,4,8,0,7,0,1,1
2024,2024-09-26,746415,Tampa Bay Rays,0,3,7,0,8,0,-1,0
2024,2024-09-26,746738,Chicago White Sox,1,7,12,0,6,1,6,1
2024,2024-09-26,746738,Los Angeles Angels,0,0,6,1,12,0,-6,0
2024,2024-09-26,746495,Colorado Rockies,1,10,14,0,14,1,0,1
2024,2024-09-26,746495,St. Louis Cardinals,0,8,14,1,14,0,0,0
2024,2024-09-26,745609,Oakland Athletics,1,3,9,0,5,1,4,1
2024,2024-09-26,745609,Texas Rangers,0,2,5,1,9,0,-4,0
2024,2024-09-26,745691,New York Yankees,1,10,8,0,7,1,1,1
2024,2024-09-26,745691,Baltimore Orioles,0,1,7,1,8,0,-1,0
2024,2024-09-26,745853,Minnesota Twins,1,6,12,1,13,2,-1,0
2024,2024-09-26,745853,Miami Marlins,0,8,13,2,12,1,1,1
2024,2024-09-26,746088,Los Angeles Dodgers,1,7,11,0,8,1,3,1
2024,2024-09-26,746088,San Diego Padres,0,2,8,1,11,0,-3,0
2024,2024-09-27,746822,Chicago Cubs,1,1,5,0,4,0,1,1
2024,2024-09-27,746822,Cincinnati Reds,0,0,4,0,5,0,-1,0
2024,2024-09-27,746417,Detroit Tigers,1,4,8,0,3,1,5,1
2024,2024-09-27,746417,Chicago White Sox,0,1,3,1,8,0,-5,0
2024,2024-09-27,744797,Washington Nationals,1,9,16,1,4,2,12,1
2024,2024-09-27,744797,Philadelphia Phillies,0,1,4,2,16,1,-12,0
2024,2024-09-27,745692,New York Yankees,1,2,6,0,6,0,0,0
2024,2024-09-27,745692,Pittsburgh Pirates,0,4,6,0,6,0,0,1
2024,2024-09-27,744879,Toronto Blue Jays,1,5,12,1,17,1,-5,0
2024,2024-09-27,744879,Miami Marlins,0,15,17,1,12,1,5,1
2024,2024-09-27,746580,Cleveland Guardians,1,2,3,1,13,1,-10,0
2024,2024-09-27,746580,Houston Astros,0,5,13,1,3,1,10,1
2024,2024-09-27,746904,Boston Red Sox,1,1,6,1,5,1,1,0
2024,2024-09-27,746904,Tampa Bay Rays,0,2,5,1,6,1,-1,1
2024,2024-09-27,747065,Atlanta Braves,1,3,4,0,3,2,1,1
2024,2024-09-27,747065,Kansas City Royals,0,0,3,2,4,0,-1,0
2024,2024-09-27,746494,Colorado Rockies,1,4,8,2,15,2,-7,0
2024,2024-09-27,746494,Los Angeles Dodgers,0,11,15,2,8,2,7,1
2024,2024-09-27,745847,Minnesota Twins,1,2,4,1,12,0,-8,0
2024,2024-09-27,745847,Baltimore Orioles,0,7,12,0,4,1,8,1
2024,2024-09-27,745930,Milwaukee Brewers,1,8,8,1,7,1,1,1
2024,2024-09-27,745930,New York Mets,0,4,7,1,8,1,-1,0
2024,2024-09-27,746173,Los Angeles Angels,1,2,7,0,10,0,-3,0
2024,2024-09-27,746173,Texas Rangers,0,5,10,0,7,0,3,1
2024,2024-09-27,747145,Arizona Diamondbacks,1,3,6,1,10,1,-4,0
2024,2024-09-27,747145,San Diego Padres,0,5,10,1,6,1,4,1
2024,2024-09-27,745202,Seattle Mariners,1,2,4,0,5,0,-1,1
2024,2024-09-27,745202,Oakland Athletics,0,0,5,0,4,0,1,0
2024,2024-09-27,745280,San Francisco Giants,1,3,9,1,13,0,-4,0
2024,2024-09-27,745280,St. Louis Cardinals,0,6,13,0,9,1,4,1
2024,2024-09-28,745685,New York Yankees,1,4,7,0,8,1,-1,0
2024,2024-09-28,745685,Pittsburgh Pirates,0,9,8,1,7,0,1,1
2024,2024-09-28,746414,Detroit Tigers,1,0,3,1,5,0,-2,0
2024,2024-09-28,746414,Chicago White Sox,0,4,5,0,3,1,2,1
2024,2024-09-28,746819,Chicago Cubs,1,3,8,0,3,1,5,1
2024,2024-09-28,746819,Cincinnati Reds,0,0,3,1,8,0,-5,0
2024,2024-09-28,744878,Toronto Blue Jays,1,1,4,0,11,0,-7,0
2024,2024-09-28,744878,Miami Marlins,0,8,11,0,4,0,7,1
2024,2024-09-28,745281,San Francisco Giants,1,6,11,0,13,2,-2,1
2024,2024-09-28,745281,St. Louis Cardinals,0,5,13,2,11,0,2,0
2024,2024-09-28,744799,Washington Nationals,1,6,9,0,5,0,4,1
2024,2024-09-28,744799,Philadelphia Phillies,0,3,5,0,9,0,-4,0
2024,2024-09-28,746902,Boston Red Sox,1,2,5,1,10,0,-5,0
2024,2024-09-28,746902,Tampa Bay Rays,0,7,10,0,5,1,5,1
2024,2024-09-28,746578,Cleveland Guardians,1,3,9,1,9,0,0,0
2024,2024-09-28,746578,Houston Astros,0,4,9,0,9,1,0,1
2024,2024-09-28,745849,Minnesota Twins,1,2,7,0,16,0,-9,0
2024,2024-09-28,745849,Baltimore Orioles,0,9,16,0,7,0,9,1
2024,2024-09-28,745931,Milwaukee Brewers,1,6,9,1,2,0,7,1
2024,2024-09-28,745931,New York Mets,0,0,2,0,9,1,-7,0
2024,2024-09-28,747066,Atlanta Braves,1,2,5,0,3,2,2,1
2024,2024-09-28,747066,Kansas City Royals,0,1,3,2,5,0,-2,0
2024,2024-09-28,746499,Colorado Rockies,1,2,6,0,18,0,-12,0
2024,2024-09-28,746499,Los Angeles Dodgers,0,13,18,0,6,0,12,1
2024,2024-09-28,747146,Arizona Diamondbacks,1,0,2,0,10,0,-8,0
2024,2024-09-28,747146,San Diego Padres,0,5,10,0,2,0,8,1
2024,2024-09-28,746171,Los Angeles Angels,1,8,13,3,9,1,4,0
2024,2024-09-28,746171,Texas Rangers,0,9,9,1,13,3,-4,1
2024,2024-09-28,745203,Seattle Mariners,1,7,9,0,10,0,-1,1
2024,2024-09-28,745203,Oakland Athletics,0,6,10,0,9,0,1,0
2024,2024-09-29,745282,San Francisco Giants,1,1,7,0,7,1,0,0
2024,2024-09-29,745282,St. Louis Cardinals,0,6,7,1,7,0,0,1
2024,2024-09-29,746901,Boston Red Sox,1,3,7,1,8,2,-1,1
2024,2024-09-29,746901,Tampa Bay Rays,0,1,8,2,7,1,1,0
2024,2024-09-29,744798,Washington Nationals,1,3,11,0,9,0,2,0
2024,2024-09-29,744798,Philadelphia Phillies,0,6,9,0,11,0,-2,1
2024,2024-09-29,745686,New York Yankees,1,6,5,1,5,1,0,1
2024,2024-09-29,745686,Pittsburgh Pirates,0,4,5,1,5,1,0,0
2024,2024-09-29,746174,Los Angeles Angels,1,0,4,1,11,2,-7,0
2024,2024-09-29,746174,Texas Rangers,0,8,11,2,4,1,7,1
2024,2024-09-29,744880,Toronto Blue Jays,1,1,4,0,9,0,-5,0
2024,2024-09-29,744880,Miami Marlins,0,3,9,0,4,0,5,1
2024,2024-09-29,746496,Colorado Rockies,1,1,6,0,5,0,1,0
2024,2024-09-29,746496,Los Angeles Dodgers,0,2,5,0,6,0,-1,1
2024,2024-09-29,747147,Arizona Diamondbacks,1,11,16,0,4,0,12,1
2024,2024-09-29,747147,San Diego Padres,0,2,4,0,16,0,-12,0
2024,2024-09-29,745201,Seattle Mariners,1,6,9,0,7,0,2,1
2024,2024-09-29,745201,Oakland Athletics,0,4,7,0,9,0,-2,0
2024,2024-09-29,745846,Minnesota Twins,1,2,7,1,9,0,-2,0
2024,2024-09-29,745846,Baltimore Orioles,0,6,9,0,7,1,2,1
2024,2024-09-29,746416,Detroit Tigers,1,5,6,2,11,0,-5,0
2024,2024-09-29,746416,Chicago White Sox,0,9,11,0,6,2,5,1
2024,2024-09-29,745932,Milwaukee Brewers,1,0,3,0,12,0,-9,0
2024,2024-09-29,745932,New York Mets,0,5,12,0,3,0,9,1
2024,2024-09-29,746820,Chicago Cubs,1,0,3,0,9,0,-6,0
2024,2024-09-29,746820,Cincinnati Reds,0,3,9,0,3,0,6,1
2024,2024-09-29,747061,Atlanta Braves,1,2,8,0,5,0,3,0
2024,2024-09-29,747061,Kansas City Royals,0,4,5,0,8,0,-3,1
2024,2024-09-30,747139,Atlanta Braves,1,7,12,0,11,0,1,0
2024,2024-09-30,747139,New York Mets,0,8,11,0,12,0,-1,1
2024,2024-09-30,747064,Atlanta Braves,1,3,6,0,3,1,3,1
2024,2024-09-30,747064,New York Mets,0,0,3,1,6,0,-3,0
2025,2025-03-18,778563,Chicago Cubs,1,1,3,2,7,0,-4,0
2025,2025-03-18,778563,Los Angeles Dodgers,0,4,7,0,3,2,4,1
2025,2025-03-19,778564,Chicago Cubs,1,3,8,0,7,0,1,0
2025,2025-03-19,778564,Los Angeles Dodgers,0,6,7,0,8,0,-1,1
2025,2025-03-27,778557,New York Yankees,1,4,7,0,7,1,0,1
2025,2025-03-27,778557,Milwaukee Brewers,0,2,7,1,7,0,0,0
2025,2025-03-27,778556,Toronto Blue Jays,1,2,4,0,14,0,-10,0
2025,2025-03-27,778556,Baltimore Orioles,0,12,14,0,4,0,10,1
2025,2025-03-27,778553,Texas Rangers,1,2,7,0,6,0,1,0
2025,2025-03-27,778553,Boston Red Sox,0,5,6,0,7,0,-1,1
2025,2025-03-27,778555,Washington Nationals,1,3,5,0,8,0,-3,0
2025,2025-03-27,778555,Philadelphia Phillies,0,7,8,0,5,0,3,1
2025,2025-03-27,778558,Kansas City Royals,1,4,7,0,10,0,-3,0
2025,2025-03-27,778558,Cleveland Guardians,0,7,10,0,7,0,3,1
2025,2025-03-27,778559,Houston Astros,1,3,7,0,6,1,1,1
2025,2025-03-27,778559,New York Mets,0,1,6,1,7,0,-1,0
2025,2025-03-27,778561,Cincinnati Reds,1,4,8,0,6,0,2,0
2025,2025-03-27,778561,San Francisco Giants,0,6,6,0,8,0,-2,1
2025,2025-03-27,778545,San Diego Padres,1,7,10,1,7,0,3,1
2025,2025-03-27,778545,Atlanta Braves,0,4,7,0,10,1,-3,0
2025,2025-03-27,778554,Chicago White Sox,1,8,9,0,5,0,4,1
2025,2025-03-27,778554,Los Angeles Angels,0,1,5,0,9,0,-4,0
2025,2025-03-27,778562,Miami Marlins,1,5,7,0,4,1,3,1
2025,2025-03-27,778562,Pittsburgh Pirates,0,4,4,1,7,0,-3,0
2025,2025-03-27,778551,St. Louis Cardinals,1,5,10,0,8,1,2,1
2025,2025-03-27,778551,Minnesota Twins,0,3,8,1,10,0,-2,0
2025,2025-03-27,778546,Los Angeles Dodgers,1,5,7,0,9,0,-2,1
2025,2025-03-27,778546,Detroit Tigers,0,4,9,0,7,0,2,0
2025,2025-03-27,778552,Arizona Diamondbacks,1,6,9,1,12,0,-3,0
2025,2025-03-27,778552,Chicago Cubs,0,10,12,0,9,1,3,1
2025,2025-03-27,778547,Seattle Mariners,1,4,5,0,3,1,2,1
2025,2025-03-27,778547,Athletics,0,2,3,1,5,0,-2,0
2025,2025-03-28,778560,Tampa Bay Rays,1,3,7,1,7,1,0,1
2025,2025-03-28,778560,Colorado Rockies,0,2,7,1,7,1,0,0
2025,2025-03-28,778549,Toronto Blue Jays,1,8,14,1,3,2,11,1
2025,2025-03-28,778549,Baltimore Orioles,0,2,3,2,14,1,-11,0
2025,2025-03-28,778548,Miami Marlins,1,3,7,4,7,0,0,0
2025,2025-03-28,778548,Pittsburgh Pirates,0,4,7,0,7,4,0,1
2025,2025-03-28,778550,Texas Rangers,1,4,8,0,8,0,0,1
2025,2025-03-28,778550,Boston Red Sox,0,1,8,0,8,0,0,0
2025,2025-03-28,778518,Houston Astros,1,1,3,1,5,0,-2,0
2025,2025-03-28,778518,New York Mets,0,3,5,0,3,1,2,1
2025,2025-03-28,778543,Arizona Diamondbacks,1,8,14,3,3,0,11,1
2025,2025-03-28,778543,Chicago Cubs,0,1,3,0,14,3,-11,0
2025,2025-03-28,778541,Seattle Mariners,1,0,5,0,12,0,-7,0
2025,2025-03-28,778541,Athletics,0,7,12,0,5,0,7,1
2025,2025-03-28,778542,San Diego Padres,1,4,10,0,5,0,5,1
2025,2025-03-28,778542,Atlanta Braves,0,3,5,0,10,0,-5,0
2025,2025-03-28,778544,Los Angeles Dodgers,1,8,8,0,10,0,-2,1
2025,2025-03-28,778544,Detroit Tigers,0,5,10,0,8,0,2,0
2025,2025-03-29,778538,New York Yankees,1,20,16,5,13,1,3,1
2025,2025-03-29,778538,Milwaukee Brewers,0,9,13,1,16,5,-3,0
2025,2025-03-29,778534,Chicago White Sox,1,0,2,0,8,0,-6,0
2025,2025-03-29,778534,Los Angeles Angels,0,1,8,0,2,0,6,1
2025,2025-03-29,778528,St. Louis Cardinals,1,5,10,1,3,0,7,1
2025,2025-03-29,778528,Minnesota Twins,0,1,3,0,10,1,-7,0
2025,2025-03-29,778536,Toronto Blue Jays,1,5,8,0,12,0,-4,0
2025,2025-03-29,778536,Baltimore Orioles,0,9,12,0,8,0,4,1
2025,2025-03-29,778535,Washington Nationals,1,6,12,0,14,0,-2,0
2025,2025-03-29,778535,Philadelphia Phillies,0,11,14,0,12,0,2,1
2025,2025-03-29,778529,Kansas City Royals,1,4,10,0,5,0,5,1
2025,2025-03-29,778529,Cleveland Guardians,0,3,5,0,10,0,-5,0
2025,2025-03-29,778540,Cincinnati Reds,1,3,8,0,8,0,0,1
2025,2025-03-29,778540,San Francisco Giants,0,2,8,0,8,0,0,0
2025,2025-03-29,778537,Tampa Bay Rays,1,1,12,0,6,0,6,0
2025,2025-03-29,778537,Colorado Rockies,0,2,6,0,12,0,-6,1
2025,2025-03-29,778539,Miami Marlins,1,5,13,1,9,1,4,1
2025,2025-03-29,778539,Pittsburgh Pirates,0,4,9,1,13,1,-4,0
2025,2025-03-29,778531,Texas Rangers,1,4,8,0,7,0,1,1
2025,2025-03-29,778531,Boston Red Sox,0,3,7,0,8,0,-1,0
2025,2025-03-29,778530,Houston Astros,1,2,5,0,1,0,4,1
2025,2025-03-29,778530,New York Mets,0,1,1,0,5,0,-4,0
2025,2025-03-29,778520,San Diego Padres,1,1,4,0,5,0,-1,1
2025,2025-03-29,778520,Atlanta Braves,0,0,5,0,4,0,1,0
2025,2025-03-29,778532,Arizona Diamondbacks,1,3,9,2,8,1,1,0
2025,2025-03-29,778532,Chicago Cubs,0,4,8,1,9,2,-1,1
2025,2025-03-29,778533,Los Angeles Dodgers,1,7,7,0,6,0,1,1
2025,2025-03-29,778533,Detroit Tigers,0,3,6,0,7,0,-1,0
2025,2025-03-29,778521,Seattle Mariners,1,2,5,1,9,2,-4,0
2025,2025-03-29,778521,Athletics,0,4,9,2,5,1,4,1
2025,2025-03-30,778526,Washington Nationals,1,5,9,1,8,0,1,1
2025,2025-03-30,778526,Philadelphia Phillies,0,1,8,0,9,1,-1,0
2025,2025-03-30,778523,New York Yankees,1,12,11,0,6,0,5,1
2025,2025-03-30,778523,Milwaukee Brewers,0,3,6,0,11,0,-5,0
2025,2025-03-30,778525,Toronto Blue Jays,1,3,7,0,9,1,-2,1
2025,2025-03-30,778525,Baltimore Orioles,0,1,9,1,7,0,2,0
2025,2025-03-30,778522,Cincinnati Reds,1,3,5,2,7,0,-2,0
2025,2025-03-30,778522,San Francisco Giants,0,6,7,0,5,2,2,1
2025,2025-03-30,778524,Tampa Bay Rays,1,6,9,0,9,1,0,1
2025,2025-03-30,778524,Colorado Rockies,0,4,9,1,9,0,0,0
2025,2025-03-30,778519,Miami Marlins,1,3,7,1,5,1,2,1
2025,2025-03-30,778519,Pittsburgh Pirates,0,2,5,1,7,1,-2,0
2025,2025-03-30,778510,Kansas City Royals,1,2,5,0,11,1,-6,0
2025,2025-03-30,778510,Cleveland Guardians,0,6,11,1,5,0,6,1
2025,2025-03-30,778527,Chicago White Sox,1,2,7,1,6,0,1,0
2025,2025-03-30,778527,Los Angeles Angels,0,3,6,0,7,1,-1,1
2025,2025-03-30,778517,St. Louis Cardinals,1,9,10,0,5,0,5,1
2025,2025-03-30,778517,Minnesota Twins,0,2,5,0,10,0,-5,0
2025,2025-03-30,778516,Texas Rangers,1,3,6,1,5,0,1,1
2025,2025-03-30,778516,Boston Red Sox,0,2,5,0,6,1,-1,0
2025,2025-03-30,778515,Arizona Diamondbacks,1,10,14,0,9,0,5,1
2025,2025-03-30,778515,Chicago Cubs,0,6,9,0,14,0,-5,0
2025,2025-03-30,778513,Seattle Mariners,1,2,5,1,4,0,1,1
2025,2025-03-30,778513,Athletics,0,1,4,0,5,1,-1,0
2025,2025-03-30,778514,San Diego Padres,1,5,9,0,1,0,8,1
2025,2025-03-30,778514,Atlanta Braves,0,0,1,0,9,0,-8,0
2025,2025-03-31,778506,Chicago White Sox,1,9,8,1,2,1,6,1
2025,2025-03-31,778506,Minnesota Twins,0,0,2,1,8,1,-6,0
2025,2025-03-31,778504,Milwaukee Brewers,1,1,6,1,14,0,-8,0
2025,2025-03-31,778504,Kansas City Royals,0,11,14,0,6,1,8,1
2025,2025-03-31,778512,Baltimore Orioles,1,8,15,1,8,2,7,1
2025,2025-03-31,778512,Boston Red Sox,0,5,8,2,15,1,-7,0
2025,2025-03-31,778502,Philadelphia Phillies,1,6,11,0,6,0,5,1
2025,2025-03-31,778502,Colorado Rockies,0,1,6,0,11,0,-5,0
2025,2025-03-31,778511,Cincinnati Reds,1,14,14,0,5,2,9,1
2025,2025-03-31,778511,Texas Rangers,0,3,5,2,14,0,-9,0
2025,2025-03-31,778509,Miami Marlins,1,4,9,0,11,0,-2,0
2025,2025-03-31,778509,New York Mets,0,10,11,0,9,0,2,1
2025,2025-03-31,778508,Tampa Bay Rays,1,6,10,0,4,0,6,1
2025,2025-03-31,778508,Pittsburgh Pirates,0,1,4,0,10,0,-6,0
2025,2025-03-31,778507,Toronto Blue Jays,1,5,10,0,5,0,5,1
2025,2025-03-31,778507,Washington Nationals,0,2,5,0,10,0,-5,0
2025,2025-03-31,778503,St. Louis Cardinals,1,4,11,0,4,0,7,0
2025,2025-03-31,778503,Los Angeles Angels,0,5,4,0,11,0,-7,1
2025,2025-03-31,778505,Houston Astros,1,2,3,0,9,0,-6,0
2025,2025-03-31,778505,San Francisco Giants,0,7,9,0,3,0,6,1
2025,2025-03-31,778499,San Diego Padres,1,7,12,1,8,1,4,1
2025,2025-03-31,778499,Cleveland Guardians,0,2,8,1,12,1,-4,0
2025,2025-03-31,778496,Seattle Mariners,1,6,8,0,18,1,-10,0
2025,2025-03-31,778496,Detroit Tigers,0,9,18,1,8,0,10,1
2025,2025-03-31,778501,Athletics,1,3,10,1,21,0,-11,0
2025,2025-03-31,778501,Chicago Cubs,0,18,21,0,10,1,11,1
2025,2025-03-31,778500,Los Angeles Dodgers,1,6,9,0,4,0,5,1
2025,2025-03-31,778500,Atlanta Braves,0,1,4,0,9,0,-5,0
2025,2025-04-01,778498,Cincinnati Reds,1,0,4,1,4,0,0,0
2025,2025-04-01,778498,Texas Rangers,0,1,4,0,4,1,0,1
2025,2025-04-01,778497,Miami Marlins,1,4,3,0,5,2,-2,1
2025,2025-04-01,778497,New York Mets,0,2,5,2,3,0,2,0
2025,2025-04-01,778493,Tampa Bay Rays,1,7,10,0,9,1,1,1
2025,2025-04-01,778493,Pittsburgh Pirates,0,0,9,1,10,0,-1,0
2025,2025-04-01,778492,New York Yankees,1,5,5,0,5,1,0,0
2025,2025-04-01,778492,Arizona Diamondbacks,0,7,5,1,5,0,0,1
2025,2025-04-01,778491,Toronto Blue Jays,1,5,12,0,6,1,6,1
2025,2025-04-01,778491,Washington Nationals,0,3,6,1,12,0,-6,0
2025,2025-04-01,778490,Chicago White Sox,1,3,9,0,10,0,-1,0
2025,2025-04-01,778490,Minnesota Twins,0,8,10,0,9,0,1,1
2025,2025-04-01,778488,Milwaukee Brewers,1,5,7,0,4,2,3,1
2025,2025-04-01,778488,Kansas City Royals,0,0,4,2,7,0,-3,0
2025,2025-04-01,778495,St. Louis Cardinals,1,7,11,0,10,1,1,0
2025,2025-04-01,778495,Los Angeles Angels,0,9,10,1,11,0,-1,1
2025,2025-04-01,778489,Houston Astros,1,1,7,1,4,0,3,0
2025,2025-04-01,778489,San Francisco Giants,0,3,4,0,7,1,-3,1
2025,2025-04-01,778485,San Diego Padres,1,7,10,0,2,2,8,1
2025,2025-04-01,778485,Cleveland Guardians,0,0,2,2,10,0,-8,0
2025,2025-04-01,778486,Seattle Mariners,1,1,1,0,8,0,-7,0
2025,2025-04-01,778486,Detroit Tigers,0,4,8,0,1,0,7,1
2025,2025-04-01,778494,Athletics,1,4,8,1,9,0,-1,0
2025,2025-04-01,778494,Chicago Cubs,0,7,9,0,8,1,1,1
2025,2025-04-01,778487,Los Angeles Dodgers,1,3,5,1,3,1,2,1
2025,2025-04-01,778487,Atlanta Braves,0,1,3,1,5,1,-2,0
2025,2025-04-02,778480,Cincinnati Reds,1,0,3,0,3,1,0,0
2025,2025-04-02,778480,Texas Rangers,0,1,3,1,3,0,0,1
2025,2025-04-02,778479,Tampa Bay Rays,1,2,4,0,8,1,-4,0
2025,2025-04-02,778479,Pittsburgh Pirates,0,4,8,1,4,0,4,1
2025,2025-04-02,778477,Milwaukee Brewers,1,3,8,0,4,0,4,1
2025,2025-04-02,778477,Kansas City Royals,0,2,4,0,8,0,-4,0
2025,2025-04-02,778473,St. Louis Cardinals,1,12,12,0,6,1,6,1
2025,2025-04-02,778473,Los Angeles Angels,0,5,6,1,12,0,-6,0
2025,2025-04-02,778474,Chicago White Sox,1,1,6,1,8,1,-2,0
2025,2025-04-02,778474,Minnesota Twins,0,6,8,1,6,1,2,1
2025,2025-04-02,778478,Toronto Blue Jays,1,4,10,0,5,1,5,1
2025,2025-04-02,778478,Washington Nationals,0,2,5,1,10,0,-5,0
2025,2025-04-02,778471,Athletics,1,2,5,1,11,1,-6,0
2025,2025-04-02,778471,Chicago Cubs,0,10,11,1,5,1,6,1
2025,2025-04-02,778476,San Diego Padres,1,5,10,0,8,1,2,1
2025,2025-04-02,778476,Cleveland Guardians,0,2,8,1,10,0,-2,0
2025,2025-04-02,778469,Seattle Mariners,1,3,6,0,6,0,0,1
2025,2025-04-02,778469,Detroit Tigers,0,2,6,0,6,0,0,0
2025,2025-04-02,778475,Houston Astros,1,3,7,1,6,0,1,0
2025,2025-04-02,778475,San Francisco Giants,0,6,6,0,7,1,-1,1
2025,2025-04-02,778481,Miami Marlins,1,5,13,1,9,1,4,0
2025,2025-04-02,778481,New York Mets,0,6,9,1,13,1,-4,1
2025,2025-04-02,778483,Baltimore Orioles,1,0,4,0,10,0,-6,0
2025,2025-04-02,778483,Boston Red Sox,0,3,10,0,4,0,6,1
2025,2025-04-02,778482,Philadelphia Phillies,1,5,12,0,4,1,8,1
2025,2025-04-02,778482,Colorado Rockies,0,1,4,1,12,0,-8,0
2025,2025-04-02,778484,New York Yankees,1,3,6,0,3,0,3,0
2025,2025-04-02,778484,Arizona Diamondbacks,0,4,3,0,6,0,-3,1
2025,2025-04-02,778472,Los Angeles Dodgers,1,6,9,3,8,1,1,1
2025,2025-04-02,778472,Atlanta Braves,0,5,8,1,9,3,-1,0
2025,2025-04-03,778470,Baltimore Orioles,1,4,8,0,11,0,-3,0
2025,2025-04-03,778470,Boston Red Sox,0,8,11,0,8,0,3,1
2025,2025-04-03,778467,Philadelphia Phillies,1,3,11,1,8,1,3,1
2025,2025-04-03,778467,Colorado Rockies,0,1,8,1,11,1,-3,0
2025,2025-04-03,778462,Minnesota Twins,1,2,5,0,9,1,-4,0
2025,2025-04-03,778462,Houston Astros,0,5,9,1,5,0,4,1
2025,2025-04-03,778466,New York Yankees,1,9,12,0,8,0,4,1
2025,2025-04-03,778466,Arizona Diamondbacks,0,7,8,0,12,0,-4,0
2025,2025-04-03,778468,Milwaukee Brewers,1,1,5,1,2,1,3,1
2025,2025-04-03,778468,Cincinnati Reds,0,0,2,1,5,1,-3,0
2025,2025-04-04,778458,Detroit Tigers,1,7,10,0,7,1,3,1
2025,2025-04-04,778458,Chicago White Sox,0,4,7,1,10,0,-3,0
2025,2025-04-04,778463,Boston Red Sox,1,13,16,3,14,0,2,1
2025,2025-04-04,778463,St. Louis Cardinals,0,9,14,0,16,3,-2,0
2025,2025-04-04,778460,Chicago Cubs,1,3,3,0,6,1,-3,1
2025,2025-04-04,778460,San Diego Padres,0,1,6,1,3,0,3,0
2025,2025-04-04,778465,New York Mets,1,5,4,0,4,0,0,1
2025,2025-04-04,778465,Toronto Blue Jays,0,0,4,0,4,0,0,0
2025,2025-04-04,778456,Colorado Rockies,1,3,11,1,11,0,0,0
2025,2025-04-04,778456,Athletics,0,6,11,0,11,1,0,1
2025,2025-04-04,778461,Pittsburgh Pirates,1,4,9,2,13,0,-4,0
2025,2025-04-04,778461,New York Yankees,0,9,13,0,9,2,4,1
2025,2025-04-04,778444,San Francisco Giants,1,10,17,1,15,1,2,1
2025,2025-04-04,778444,Seattle Mariners,0,9,15,1,17,1,-2,0
2025,2025-04-04,778457,Washington Nationals,1,4,8,1,11,0,-3,0
2025,2025-04-04,778457,Arizona Diamondbacks,0,6,11,0,8,1,3,1
2025,2025-04-04,778459,Philadelphia Phillies,1,3,5,0,5,1,0,1
2025,2025-04-04,778459,Los Angeles Dodgers,0,2,5,1,5,0,0,0
2025,2025-04-04,778464,Atlanta Braves,1,10,16,0,4,0,12,1
2025,2025-04-04,778464,Miami Marlins,0,0,4,0,16,0,-12,0
2025,2025-04-04,778455,Kansas City Royals,1,8,11,1,6,1,5,1
2025,2025-04-04,778455,Baltimore Orioles,0,2,6,1,11,1,-5,0
2025,2025-04-04,778454,Texas Rangers,1,5,6,0,6,1,0,1
2025,2025-04-04,778454,Tampa Bay Rays,0,2,6,1,6,0,0,0
2025,2025-04-04,778453,Milwaukee Brewers,1,3,5,1,5,1,0,1
2025,2025-04-04,778453,Cincinnati Reds,0,2,5,1,5,1,0,0
2025,2025-04-04,778447,Los Angeles Angels,1,6,12,0,10,1,2,0
2025,2025-04-04,778447,Cleveland Guardians,0,8,10,1,12,0,-2,1
2025,2025-04-05,778445,Detroit Tigers,1,7,10,0,8,0,2,1
2025,2025-04-05,778445,Chicago White Sox,0,2,8,0,10,0,-2,0
2025,2025-04-05,778440,Minnesota Twins,1,6,6,0,9,2,-3,1
2025,2025-04-05,778440,Houston Astros,0,1,9,2,6,0,3,0
2025,2025-04-05,778450,Chicago Cubs,1,7,11,0,8,2,3,1
2025,2025-04-05,778450,San Diego Padres,0,1,8,2,11,0,-3,0
2025,2025-04-05,778452,Washington Nationals,1,4,6,1,5,0,1,1
2025,2025-04-05,778452,Arizona Diamondbacks,0,3,5,0,6,1,-1,0
2025,2025-04-05,778448,Philadelphia Phillies,1,1,4,0,7,0,-3,0
2025,2025-04-05,778448,Los Angeles Dodgers,0,3,7,0,4,0,3,1
2025,2025-04-05,778449,Pittsburgh Pirates,1,4,4,0,14,0,-10,0
2025,2025-04-05,778449,New York Yankees,0,10,14,0,4,0,10,1
2025,2025-04-05,778441,Kansas City Royals,1,1,5,0,12,0,-7,0
2025,2025-04-05,778441,Baltimore Orioles,0,8,12,0,5,0,7,1
2025,2025-04-05,778438,Texas Rangers,1,6,4,0,10,2,-6,1
2025,2025-04-05,778438,Tampa Bay Rays,0,4,10,2,4,0,6,0
2025,2025-04-05,778446,New York Mets,1,3,8,0,10,0,-2,1
2025,2025-04-05,778446,Toronto Blue Jays,0,2,10,0,8,0,2,0
2025,2025-04-05,778439,Milwaukee Brewers,1,7,12,1,14,1,-2,0
2025,2025-04-05,778439,Cincinnati Reds,0,11,14,1,12,1,2,1
2025,2025-04-05,778451,Atlanta Braves,1,0,7,1,10,0,-3,0
2025,2025-04-05,778451,Miami Marlins,0,4,10,0,7,1,3,1
2025,2025-04-05,778442,Colorado Rockies,1,4,9,1,11,0,-2,0
2025,2025-04-05,778442,Athletics,0,7,11,0,9,1,2,1
2025,2025-04-05,778436,San Francisco Giants,1,4,10,0,7,0,3,1
2025,2025-04-05,778436,Seattle Mariners,0,1,7,0,10,0,-3,0
2025,2025-04-05,778437,Los Angeles Angels,1,10,12,1,7,0,5,1
2025,2025-04-05,778437,Cleveland Guardians,0,4,7,0,12,1,-5,0
2025,2025-04-06,778429,Washington Nationals,1,5,9,0,9,0,0,1
2025,2025-04-06,778429,Arizona Diamondbacks,0,4,9,0,9,0,0,0
2025,2025-04-06,778443,Boston Red Sox,1,5,8,0,11,0,-3,1
2025,2025-04-06,778443,St. Louis Cardinals,0,4,11,0,8,0,3,0
2025,2025-04-06,778432,Boston Red Sox,1,18,21,2,12,2,9,1
2025,2025-04-06,778432,St. Louis Cardinals,0,7,12,2,21,2,-9,0
2025,2025-04-06,778434,Philadelphia Phillies,1,8,6,0,9,0,-3,1
2025,2025-04-06,778434,Los Angeles Dodgers,0,7,9,0,6,0,3,0
2025,2025-04-06,778428,Pittsburgh Pirates,1,5,7,1,8,0,-1,1
2025,2025-04-06,778428,New York Yankees,0,4,8,0,7,1,1,0
2025,2025-04-06,778435,New York Mets,1,2,7,0,4,0,3,1
2025,2025-04-06,778435,Toronto Blue Jays,0,1,4,0,7,0,-3,0
2025,2025-04-06,778433,Detroit Tigers,1,4,7,1,4,0,3,1
2025,2025-04-06,778433,Chicago White Sox,0,3,4,0,7,1,-3,0
2025,2025-04-06,778422,Kansas City Royals,1,4,12,1,4,1,8,1
2025,2025-04-06,778422,Baltimore Orioles,0,1,4,1,12,1,-8,0
2025,2025-04-06,778419,Minnesota Twins,1,7,12,1,13,0,-1,0
2025,2025-04-06,778419,Houston Astros,0,9,13,0,12,1,1,1
2025,2025-04-06,778421,Milwaukee Brewers,1,8,8,0,5,1,3,1
2025,2025-04-06,778421,Cincinnati Reds,0,2,5,1,8,0,-3,0
2025,2025-04-06,778430,Chicago Cubs,1,7,6,2,13,0,-7,0
2025,2025-04-06,778430,San Diego Padres,0,8,13,0,6,2,7,1
2025,2025-04-06,778420,Texas Rangers,1,4,7,0,7,1,0,1
2025,2025-04-06,778420,Tampa Bay Rays,0,3,7,1,7,0,0,0
2025,2025-04-06,778423,Colorado Rockies,1,12,14,0,9,0,5,1
2025,2025-04-06,778423,Athletics,0,5,9,0,14,0,-5,0
2025,2025-04-06,778427,San Francisco Giants,1,5,7,1,11,0,-4,1
2025,2025-04-06,778427,Seattle Mariners,0,4,11,0,7,1,4,0
2025,2025-04-06,778425,Los Angeles Angels,1,6,9,0,3,2,6,1
2025,2025-04-06,778425,Cleveland Guardians,0,2,3,2,9,0,-6,0
2025,2025-04-07,778424,Detroit Tigers,1,6,5,2,7,1,-2,1
2025,2025-04-07,778424,New York Yankees,0,2,7,1,5,2,2,0
2025,2025-04-07,778415,Pittsburgh Pirates,1,8,10,1,9,1,1,1
2025,2025-04-07,778415,St. Louis Cardinals,0,4,9,1,10,1,-1,0
2025,2025-04-07,778418,Washington Nationals,1,6,9,0,9,2,0,1
2025,2025-04-07,778418,Los Angeles Dodgers,0,4,9,2,9,0,0,0
2025,2025-04-07,778426,Boston Red Sox,1,2,5,1,13,1,-8,0
2025,2025-04-07,778426,Toronto Blue Jays,0,6,13,1,5,1,8,1
2025,2025-04-07,778416,New York Mets,1,2,9,0,7,0,2,1
2025,2025-04-07,778416,Miami Marlins,0,0,7,0,9,0,-2,0
2025,2025-04-07,778411,Chicago Cubs,1,7,10,0,3,0,7,1
2025,2025-04-07,778411,Texas Rangers,0,0,3,0,10,0,-7,0
2025,2025-04-07,778412,Kansas City Royals,1,4,9,0,7,0,2,1
2025,2025-04-07,778412,Minnesota Twins,0,2,7,0,9,0,-2,0
2025,2025-04-07,778413,Arizona Diamondbacks,1,1,5,0,7,1,-2,0
2025,2025-04-07,778413,Baltimore Orioles,0,5,7,1,5,0,2,1
2025,2025-04-07,778405,Seattle Mariners,1,4,4,2,2,0,2,1
2025,2025-04-07,778405,Houston Astros,0,3,2,0,4,2,-2,0
2025,2025-04-07,778410,San Francisco Giants,1,0,4,0,5,0,-1,0
2025,2025-04-07,778410,Cincinnati Reds,0,2,5,0,4,0,1,1
2025,2025-04-07,778414,Athletics,1,4,10,0,9,1,1,0
2025,2025-04-07,778414,San Diego Padres,0,5,9,1,10,0,-1,1
2025,2025-04-08,778403,Detroit Tigers,1,5,9,0,6,0,3,1
2025,2025-04-08,778403,New York Yankees,0,0,6,0,9,0,-3,0
2025,2025-04-08,778402,Cleveland Guardians,1,1,3,1,2,0,1,1
2025,2025-04-08,778402,Chicago White Sox,0,0,2,0,3,1,-1,0
2025,2025-04-08,778407,New York Mets,1,10,13,0,7,2,6,1
2025,2025-04-08,778407,Miami Marlins,0,5,7,2,13,0,-6,0
2025,2025-04-08,778408,Pittsburgh Pirates,1,3,6,1,7,0,-1,0
2025,2025-04-08,778408,St. Louis Cardinals,0,5,7,0,6,1,1,1
2025,2025-04-08,778409,Washington Nationals,1,8,11,1,8,0,3,1
2025,2025-04-08,778409,Los Angeles Dodgers,0,2,8,0,11,1,-3,0
2025,2025-04-08,778404,Boston Red Sox,1,1,8,2,9,1,-1,0
2025,2025-04-08,778404,Toronto Blue Jays,0,6,9,1,8,2,1,1
2025,2025-04-08,778417,Tampa Bay Rays,1,3,9,0,6,1,3,0
2025,2025-04-08,778417,Los Angeles Angels,0,4,6,1,9,0,-3,1
2025,2025-04-08,778406,Atlanta Braves,1,7,11,0,9,0,2,1
2025,2025-04-08,778406,Philadelphia Phillies,0,5,9,0,11,0,-2,0
2025,2025-04-08,778401,Chicago Cubs,1,10,12,0,12,3,0,1
2025,2025-04-08,778401,Texas Rangers,0,6,12,3,12,0,0,0
2025,2025-04-08,778400,Kansas City Royals,1,2,3,0,7,3,-4,1
2025,2025-04-08,778400,Minnesota Twins,0,1,7,3,3,0,4,0
2025,2025-04-08,778394,Colorado Rockies,1,1,5,1,11,1,-6,0
2025,2025-04-08,778394,Milwaukee Brewers,0,7,11,1,5,1,6,1
2025,2025-04-08,778396,Arizona Diamondbacks,1,4,5,2,4,1,1,1
2025,2025-04-08,778396,Baltimore Orioles,0,3,4,1,5,2,-1,0
2025,2025-04-08,778398,Seattle Mariners,1,1,5,1,8,0,-3,0
2025,2025-04-08,778398,Houston Astros,0,2,8,0,5,1,3,1
2025,2025-04-08,778397,San Francisco Giants,1,0,4,0,8,1,-4,0
2025,2025-04-08,778397,Cincinnati Reds,0,1,8,1,4,0,4,1
2025,2025-04-08,778395,Athletics,1,10,13,1,11,1,2,1
2025,2025-04-08,778395,San Diego Padres,0,4,11,1,13,1,-2,0
2025,2025-04-09,778389,Pittsburgh Pirates,1,2,5,0,7,1,-2,1
2025,2025-04-09,778389,St. Louis Cardinals,0,1,7,1,5,0,2,0
2025,2025-04-09,778390,New York Mets,1,0,2,1,10,0,-8,0
2025,2025-04-09,778390,Miami Marlins,0,5,10,0,2,1,8,1
2025,2025-04-09,778387,Detroit Tigers,1,3,8,1,7,0,1,0
2025,2025-04-09,778387,New York Yankees,0,4,7,0,8,1,-1,1
2025,2025-04-09,778385,Chicago Cubs,1,2,4,0,11,0,-7,0
2025,2025-04-09,778385,Texas Rangers,0,6,11,0,4,0,7,1
2025,2025-04-09,778381,Athletics,1,1,2,0,12,0,-10,0
2025,2025-04-09,778381,San Diego Padres,0,2,12,0,2,0,10,1
2025,2025-04-09,778380,Arizona Diamondbacks,1,9,14,0,4,0,10,1
2025,2025-04-09,778380,Baltimore Orioles,0,0,4,0,14,0,-10,0
2025,2025-04-09,778376,San Francisco Giants,1,8,12,1,6,1,6,1
2025,2025-04-09,778376,Cincinnati Reds,0,6,6,1,12,1,-6,0
2025,2025-04-09,778392,Washington Nationals,1,5,5,0,8,0,-3,0
2025,2025-04-09,778392,Los Angeles Dodgers,0,6,8,0,5,0,3,1
2025,2025-04-09,778383,Seattle Mariners,1,7,7,2,10,0,-3,1
2025,2025-04-09,778383,Houston Astros,0,6,10,0,7,2,3,0
2025,2025-04-09,778391,Cleveland Guardians,1,3,3,1,8,0,-5,1
2025,2025-04-09,778391,Chicago White Sox,0,2,8,0,3,1,5,0
2025,2025-04-09,778386,Boston Red Sox,1,1,4,0,6,1,-2,0
2025,2025-04-09,778386,Toronto Blue Jays,0,2,6,1,4,0,2,1
2025,2025-04-09,778399,Tampa Bay Rays,1,5,7,0,7,0,0,1
2025,2025-04-09,778399,Los Angeles Angels,0,4,7,0,7,0,0,0
2025,2025-04-09,778393,Atlanta Braves,1,3,10,0,9,0,1,0
2025,2025-04-09,778393,Philadelphia Phillies,0,4,9,0,10,0,-1,1
2025,2025-04-09,778388,Kansas City Royals,1,0,3,0,7,0,-4,0
2025,2025-04-09,778388,Minnesota Twins,0,4,7,0,3,0,4,1
2025,2025-04-09,778379,Colorado Rockies,1,2,8,4,13,0,-5,0
2025,2025-04-09,778379,Milwaukee Brewers,0,17,13,0,8,4,5,1
2025,2025-04-10,778382,Tampa Bay Rays,1,1,6,0,14,1,-8,0
2025,2025-04-10,778382,Los Angeles Angels,0,11,14,1,6,0,8,1
2025,2025-04-10,778378,Cleveland Guardians,1,6,10,0,5,2,5,1
2025,2025-04-10,778378,Chicago White Sox,0,1,5,2,10,0,-5,0
2025,2025-04-10,778373,Kansas City Royals,1,3,7,1,5,2,2,1
2025,2025-04-10,778373,Minnesota Twins,0,2,5,2,7,1,-2,0
2025,2025-04-10,778371,Colorado Rockies,1,7,12,1,4,0,8,1
2025,2025-04-10,778371,Milwaukee Brewers,0,2,4,0,12,1,-8,0
2025,2025-04-10,778377,Boston Red Sox,1,4,8,2,8,2,0,1
2025,2025-04-10,778377,Toronto Blue Jays,0,3,8,2,8,2,0,0
2025,2025-04-10,778384,Atlanta Braves,1,4,9,0,7,0,2,1
2025,2025-04-10,778384,Philadelphia Phillies,0,2,7,0,9,0,-2,0
2025,2025-04-11,778375,Cleveland Guardians,1,7,11,0,5,3,6,1
2025,2025-04-11,778375,Kansas City Royals,0,0,5,3,11,0,-6,0
2025,2025-04-11,778374,Cincinnati Reds,1,5,4,0,4,1,0,1
2025,2025-04-11,778374,Pittsburgh Pirates,0,3,4,1,4,0,0,0
2025,2025-04-11,778367,Tampa Bay Rays,1,6,11,1,8,1,3,1
2025,2025-04-11,778367,Atlanta Braves,0,3,8,1,11,1,-3,0
2025,2025-04-11,778370,New York Yankees,1,1,2,0,6,0,-4,0
2025,2025-04-11,778370,San Francisco Giants,0,9,6,0,2,0,4,1
2025,2025-04-11,778369,Miami Marlins,1,4,7,0,9,3,-2,0
2025,2025-04-11,778369,Washington Nationals,0,7,9,3,7,0,2,1
2025,2025-04-11,778366,Chicago White Sox,1,11,12,1,7,3,5,1
2025,2025-04-11,778366,Boston Red Sox,0,1,7,3,12,1,-5,0
2025,2025-04-11,778368,Houston Astros,1,14,17,0,8,1,9,1
2025,2025-04-11,778368,Los Angeles Angels,0,3,8,1,17,0,-9,0
2025,2025-04-11,778363,Minnesota Twins,1,6,12,2,10,0,2,0
2025,2025-04-11,778363,Detroit Tigers,0,7,10,0,12,2,-2,1
2025,2025-04-11,778365,St. Louis Cardinals,1,2,9,1,3,1,6,1
2025,2025-04-11,778365,Philadelphia Phillies,0,0,3,1,9,1,-6,0
2025,2025-04-11,778361,San Diego Padres,1,8,10,0,3,1,7,1
2025,2025-04-11,778361,Colorado Rockies,0,0,3,1,10,0,-7,0
2025,2025-04-11,778360,Seattle Mariners,1,5,6,0,8,0,-2,1
2025,2025-04-11,778360,Texas Rangers,0,3,8,0,6,0,2,0
2025,2025-04-11,778364,Arizona Diamondbacks,1,0,4,0,10,1,-6,0
2025,2025-04-11,778364,Milwaukee Brewers,0,7,10,1,4,0,6,1
2025,2025-04-11,778358,Athletics,1,6,9,2,9,0,0,0
2025,2025-04-11,778358,New York Mets,0,7,9,0,9,2,0,1
2025,2025-04-11,778356,Los Angeles Dodgers,1,3,6,0,2,0,4,1
2025,2025-04-11,778356,Chicago Cubs,0,0,2,0,6,0,-4,0
2025,2025-04-12,778348,Minnesota Twins,1,0,4,1,5,0,-1,0
2025,2025-04-12,778348,Detroit Tigers,0,4,5,0,4,1,1,1
2025,2025-04-12,778347,St. Louis Cardinals,1,1,9,0,8,1,1,0
2025,2025-04-12,778347,Philadelphia Phillies,0,4,8,1,9,0,-1,1
2025,2025-04-12,778355,New York Yankees,1,8,11,1,6,0,5,1
2025,2025-04-12,778355,San Francisco Giants,0,4,6,0,11,1,-5,0
2025,2025-04-12,778346,Athletics,1,3,9,1,6,0,3,1
2025,2025-04-12,778346,New York Mets,0,1,6,0,9,1,-3,0
2025,2025-04-12,778362,Baltimore Orioles,1,5,4,0,10,2,-6,1
2025,2025-04-12,778362,Toronto Blue Jays,0,4,10,2,4,0,6,0
2025,2025-04-12,778353,Tampa Bay Rays,1,4,12,0,15,0,-3,0
2025,2025-04-12,778353,Atlanta Braves,0,5,15,0,12,0,3,1
2025,2025-04-12,778349,Chicago White Sox,1,3,4,0,7,0,-3,1
2025,2025-04-12,778349,Boston Red Sox,0,2,7,0,4,0,3,0
2025,2025-04-12,778354,Miami Marlins,1,7,11,0,7,0,4,1
2025,2025-04-12,778354,Washington Nationals,0,6,7,0,11,0,-4,0
2025,2025-04-12,778359,Cleveland Guardians,1,6,9,0,6,0,3,1
2025,2025-04-12,778359,Kansas City Royals,0,3,6,0,9,0,-3,0
2025,2025-04-12,778357,Cincinnati Reds,1,5,4,0,4,1,0,1
2025,2025-04-12,778357,Pittsburgh Pirates,0,2,4,1,4,0,0,0
2025,2025-04-12,778351,Houston Astros,1,1,3,0,8,0,-5,0
2025,2025-04-12,778351,Los Angeles Angels,0,4,8,0,3,0,5,1
2025,2025-04-12,778350,Arizona Diamondbacks,1,5,10,0,6,0,4,1
2025,2025-04-12,778350,Milwaukee Brewers,0,4,6,0,10,0,-4,0
2025,2025-04-12,778352,San Diego Padres,1,2,3,0,4,1,-1,1
2025,2025-04-12,778352,Colorado Rockies,0,0,4,1,3,0,1,0
2025,2025-04-12,778345,Los Angeles Dodgers,1,0,6,1,21,0,-15,0
2025,2025-04-12,778345,Chicago Cubs,0,16,21,0,6,1,15,1
2025,2025-04-12,778341,Seattle Mariners,1,9,11,0,9,0,2,1
2025,2025-04-12,778341,Texas Rangers,0,2,9,0,11,0,-2,0
2025,2025-04-13,778344,Baltimore Orioles,1,6,9,0,16,2,-7,0
2025,2025-04-13,778344,Toronto Blue Jays,0,7,16,2,9,0,7,1
2025,2025-04-13,778339,New York Yankees,1,4,6,1,4,0,2,0
2025,2025-04-13,778339,San Francisco Giants,0,5,4,0,6,1,-2,1
2025,2025-04-13,778342,Cleveland Guardians,1,2,5,0,9,1,-4,0
2025,2025-04-13,778342,Kansas City Royals,0,4,9,1,5,0,4,1
2025,2025-04-13,778343,Cincinnati Reds,1,4,6,0,2,0,4,1
2025,2025-04-13,778343,Pittsburgh Pirates,0,0,2,0,6,0,-4,0
2025,2025-04-13,778340,Tampa Bay Rays,1,8,9,2,4,1,5,1
2025,2025-04-13,778340,Atlanta Braves,0,3,4,1,9,2,-5,0
2025,2025-04-13,778337,Miami Marlins,1,11,14,1,10,0,4,1
2025,2025-04-13,778337,Washington Nationals,0,4,10,0,14,1,-4,0
2025,2025-04-13,778329,Houston Astros,1,7,6,0,9,0,-3,1
2025,2025-04-13,778329,Los Angeles Angels,0,3,9,0,6,0,3,0
2025,2025-04-13,778335,Minnesota Twins,1,5,9,0,5,0,4,1
2025,2025-04-13,778335,Detroit Tigers,0,1,5,0,9,0,-4,0
2025,2025-04-13,778338,Chicago White Sox,1,1,4,1,9,0,-5,0
2025,2025-04-13,778338,Boston Red Sox,0,3,9,0,4,1,5,1
2025,2025-04-13,778336,St. Louis Cardinals,1,7,10,0,3,0,7,1
2025,2025-04-13,778336,Philadelphia Phillies,0,0,3,0,10,0,-7,0
2025,2025-04-13,778333,Athletics,1,0,5,2,11,1,-6,0
2025,2025-04-13,778333,New York Mets,0,8,11,1,5,2,6,1
2025,2025-04-13,778330,San Diego Padres,1,6,11,0,2,0,9,1
2025,2025-04-13,778330,Colorado Rockies,0,0,2,0,11,0,-9,0
2025,2025-04-13,778334,Seattle Mariners,1,3,6,0,4,1,2,1
2025,2025-04-13,778334,Texas Rangers,0,1,4,1,6,0,-2,0
2025,2025-04-13,778332,Arizona Diamondbacks,1,5,7,0,6,1,1,1
2025,2025-04-13,778332,Milwaukee Brewers,0,2,6,1,7,0,-1,0
2025,2025-04-13,778331,Los Angeles Dodgers,1,2,7,0,8,0,-1,0
2025,2025-04-13,778331,Chicago Cubs,0,4,8,0,7,0,1,1
2025,2025-04-14,778321,Pittsburgh Pirates,1,10,14,4,6,0,8,1
2025,2025-04-14,778321,Washington Nationals,0,3,6,0,14,4,-8,0
2025,2025-04-14,778320,Philadelphia Phillies,1,4,8,1,12,0,-4,0
2025,2025-04-14,778320,San Francisco Giants,0,10,12,0,8,1,4,1
2025,2025-04-14,778328,Tampa Bay Rays,1,16,16,0,6,1,10,1
2025,2025-04-14,778328,Boston Red Sox,0,1,6,1,16,0,-10,0
2025,2025-04-14,778327,New York Yankees,1,4,9,0,2,0,7,1
2025,2025-04-14,778327,Kansas City Royals,0,1,2,0,9,0,-7,0
2025,2025-04-14,778322,Toronto Blue Jays,1,4,5,0,6,0,-1,0
2025,2025-04-14,778322,Atlanta Braves,0,8,6,0,5,0,1,1
2025,2025-04-14,778324,Minnesota Twins,1,1,3,2,7,0,-4,0
2025,2025-04-14,778324,New York Mets,0,5,7,0,3,2,4,1
2025,2025-04-14,778323,Milwaukee Brewers,1,1,5,2,9,0,-4,0
2025,2025-04-14,778323,Detroit Tigers,0,9,9,0,5,2,4,1
2025,2025-04-14,778325,St. Louis Cardinals,1,8,14,0,7,2,7,1
2025,2025-04-14,778325,Houston Astros,0,3,7,2,14,0,-7,0
2025,2025-04-14,778315,San Diego Padres,1,10,12,1,11,0,1,1
2025,2025-04-14,778315,Chicago Cubs,0,4,11,0,12,1,-1,0
2025,2025-04-14,778326,Los Angeles Dodgers,1,5,10,1,8,1,2,1
2025,2025-04-14,778326,Colorado Rockies,0,3,8,1,10,1,-2,0
2025,2025-04-15,778314,Pittsburgh Pirates,1,0,4,1,8,1,-4,0
2025,2025-04-15,778314,Washington Nationals,0,3,8,1,4,1,4,1
2025,2025-04-15,778316,Cincinnati Reds,1,8,9,0,6,1,3,1
2025,2025-04-15,778316,Seattle Mariners,0,4,6,1,9,0,-3,0
2025,2025-04-15,778318,Miami Marlins,1,4,9,1,12,0,-3,0
2025,2025-04-15,778318,Arizona Diamondbacks,0,10,12,0,9,1,3,1
2025,2025-04-15,778313,Philadelphia Phillies,1,6,10,0,8,1,2,1
2025,2025-04-15,778313,San Francisco Giants,0,4,8,1,10,0,-2,0
2025,2025-04-15,778317,Baltimore Orioles,1,3,8,0,11,1,-3,0
2025,2025-04-15,778317,Cleveland Guardians,0,6,11,1,8,0,3,1
2025,2025-04-15,778319,Tampa Bay Rays,1,4,7,0,12,0,-5,0
2025,2025-04-15,778319,Boston Red Sox,0,7,12,0,7,0,5,1
2025,2025-04-15,778312,New York Yankees,1,4,6,0,5,0,1,1
2025,2025-04-15,778312,Kansas City Royals,0,2,5,0,6,0,-1,0
2025,2025-04-15,778311,Toronto Blue Jays,1,6,6,0,8,0,-2,1
2025,2025-04-15,778311,Atlanta Braves,0,3,8,0,6,0,2,0
2025,2025-04-15,778307,Minnesota Twins,1,6,13,1,7,1,6,1
2025,2025-04-15,778307,New York Mets,0,3,7,1,13,1,-6,0
2025,2025-04-15,778309,Chicago White Sox,1,3,6,1,13,1,-7,0
2025,2025-04-15,778309,Athletics,0,12,13,1,6,1,7,1
2025,2025-04-15,778310,Milwaukee Brewers,1,5,9,0,1,1,8,1
2025,2025-04-15,778310,Detroit Tigers,0,0,1,1,9,0,-8,0
2025,2025-04-15,778308,St. Louis Cardinals,1,0,6,0,7,0,-1,0
2025,2025-04-15,778308,Houston Astros,0,2,7,0,6,0,1,1
2025,2025-04-15,778306,Texas Rangers,1,4,8,0,5,3,3,1
2025,2025-04-15,778306,Los Angeles Angels,0,0,5,3,8,0,-3,0
2025,2025-04-15,778305,San Diego Padres,1,1,5,1,10,2,-5,0
2025,2025-04-15,778305,Chicago Cubs,0,2,10,2,5,1,5,1
2025,2025-04-15,778302,Los Angeles Dodgers,1,6,10,0,5,0,5,1
2025,2025-04-15,778302,Colorado Rockies,0,2,5,0,10,0,-5,0
2025,2025-04-16,778297,Toronto Blue Jays,1,3,6,1,5,1,1,1
2025,2025-04-16,778297,Atlanta Braves,0,1,5,1,6,1,-1,0
2025,2025-04-16,778299,Minnesota Twins,1,4,9,0,10,0,-1,1
2025,2025-04-16,778299,New York Mets,0,3,10,0,9,0,1,0
2025,2025-04-16,778295,Milwaukee Brewers,1,5,8,1,7,1,1,1
2025,2025-04-16,778295,Detroit Tigers,0,1,7,1,8,1,-1,0
2025,2025-04-16,778290,St. Louis Cardinals,1,4,8,0,4,1,4,1
2025,2025-04-16,778290,Houston Astros,0,1,4,1,8,0,-4,0
2025,2025-04-16,778288,San Diego Padres,1,4,7,0,6,1,1,1
2025,2025-04-16,778288,Chicago Cubs,0,2,6,1,7,0,-1,0
2025,2025-04-16,778301,Baltimore Orioles,1,9,7,0,8,0,-1,1
2025,2025-04-16,778301,Cleveland Guardians,0,1,8,0,7,0,1,0
2025,2025-04-16,778293,Pittsburgh Pirates,1,6,8,0,3,0,5,1
2025,2025-04-16,778293,Washington Nationals,0,1,3,0,8,0,-5,0
2025,2025-04-16,778304,Cincinnati Reds,1,3,10,1,10,0,0,0
2025,2025-04-16,778304,Seattle Mariners,0,5,10,0,10,1,0,1
2025,2025-04-16,778303,Miami Marlins,1,2,7,0,9,0,-2,0
2025,2025-04-16,778303,Arizona Diamondbacks,0,6,9,0,7,0,2,1
2025,2025-04-16,778296,Philadelphia Phillies,1,4,7,1,13,1,-6,0
2025,2025-04-16,778296,San Francisco Giants,0,11,13,1,7,1,6,1
2025,2025-04-16,778298,Tampa Bay Rays,1,0,5,0,5,0,0,0
2025,2025-04-16,778298,Boston Red Sox,0,1,5,0,5,0,0,1
2025,2025-04-16,778300,New York Yankees,1,4,8,0,5,0,3,1
2025,2025-04-16,778300,Kansas City Royals,0,3,5,0,8,0,-3,0
2025,2025-04-16,778294,Chicago White Sox,1,1,7,1,8,0,-1,0
2025,2025-04-16,778294,Athletics,0,3,8,0,7,1,1,1
2025,2025-04-16,778289,Texas Rangers,1,3,11,0,6,2,5,1
2025,2025-04-16,778289,Los Angeles Angels,0,1,6,2,11,0,-5,0
2025,2025-04-16,778287,Los Angeles Dodgers,1,8,10,0,11,0,-1,1
2025,2025-04-16,778287,Colorado Rockies,0,7,11,0,10,0,1,0
2025,2025-04-17,778291,Miami Marlins,1,4,13,0,5,2,8,0
2025,2025-04-17,778291,Arizona Diamondbacks,0,6,5,2,13,0,-8,1
2025,2025-04-17,778280,Pittsburgh Pirates,1,1,5,0,5,0,0,1
2025,2025-04-17,778280,Washington Nationals,0,0,5,0,5,0,0,0
2025,2025-04-17,778285,Cincinnati Reds,1,7,10,3,14,0,-4,0
2025,2025-04-17,778285,Seattle Mariners,0,11,14,0,10,3,4,1
2025,2025-04-17,778283,Chicago White Sox,1,0,4,1,13,2,-9,0
2025,2025-04-17,778283,Athletics,0,8,13,2,4,1,9,1
2025,2025-04-17,778279,Philadelphia Phillies,1,6,6,2,6,1,0,1
2025,2025-04-17,778279,San Francisco Giants,0,4,6,1,6,2,0,0
2025,2025-04-17,778292,Baltimore Orioles,1,6,7,0,7,0,0,1
2025,2025-04-17,778292,Cleveland Guardians,0,2,7,0,7,0,0,0
2025,2025-04-17,778286,Detroit Tigers,1,6,12,0,7,0,5,1
2025,2025-04-17,778286,Kansas City Royals,0,1,7,0,12,0,-5,0
2025,2025-04-17,778282,Tampa Bay Rays,1,3,12,0,11,0,1,0
2025,2025-04-17,778282,New York Yankees,0,6,11,0,12,0,-1,1
2025,2025-04-17,778278,New York Mets,1,4,8,0,3,0,5,1
2025,2025-04-17,778278,St. Louis Cardinals,0,1,3,0,8,0,-5,0
2025,2025-04-17,778281,Texas Rangers,1,5,11,0,5,0,6,1
2025,2025-04-17,778281,Los Angeles Angels,0,3,5,0,11,0,-6,0
2025,2025-04-18,778268,Chicago Cubs,1,13,18,3,15,0,3,1
2025,2025-04-18,778268,Arizona Diamondbacks,0,11,15,0,18,3,-3,0
2025,2025-04-18,778277,Detroit Tigers,1,7,12,0,10,0,2,1
2025,2025-04-18,778277,Kansas City Royals,0,3,10,0,12,0,-2,0
2025,2025-04-18,778271,Pittsburgh Pirates,1,7,11,1,14,0,-3,0
2025,2025-04-18,778271,Cleveland Guardians,0,10,14,0,11,1,3,1
2025,2025-04-18,778274,Philadelphia Phillies,1,7,9,0,5,0,4,1
2025,2025-04-18,778274,Miami Marlins,0,2,5,0,9,0,-4,0
2025,2025-04-18,778276,Baltimore Orioles,1,3,4,1,11,0,-7,0
2025,2025-04-18,778276,Cincinnati Reds,0,8,11,0,4,1,7,1
2025,2025-04-18,778272,Tampa Bay Rays,1,0,3,1,5,0,-2,0
2025,2025-04-18,778272,New York Yankees,0,1,5,0,3,1,2,1
2025,2025-04-18,778273,Toronto Blue Jays,1,3,7,0,5,0,2,1
2025,2025-04-18,778273,Seattle Mariners,0,1,5,0,7,0,-2,0
2025,2025-04-18,778270,New York Mets,1,5,9,0,8,1,1,1
2025,2025-04-18,778270,St. Louis Cardinals,0,4,8,1,9,0,-1,0
2025,2025-04-18,778275,Boston Red Sox,1,10,11,2,6,1,5,1
2025,2025-04-18,778275,Chicago White Sox,0,3,6,1,11,2,-5,0
2025,2025-04-18,778284,Atlanta Braves,1,6,8,0,6,1,2,1
2025,2025-04-18,778284,Minnesota Twins,0,4,6,1,8,0,-2,0
2025,2025-04-18,778263,Texas Rangers,1,0,7,1,5,0,2,0
2025,2025-04-18,778263,Los Angeles Dodgers,0,3,5,0,7,1,-2,1
2025,2025-04-18,778269,Houston Astros,1,6,12,0,12,0,0,1
2025,2025-04-18,778269,San Diego Padres,0,4,12,0,12,0,0,0
2025,2025-04-18,778261,Milwaukee Brewers,1,5,8,0,10,2,-2,1
2025,2025-04-18,778261,Athletics,0,3,10,2,8,0,2,0
2025,2025-04-18,778260,Los Angeles Angels,1,2,5,0,4,1,1,1
2025,2025-04-18,778260,San Francisco Giants,0,0,4,1,5,0,-1,0
2025,2025-04-19,778252,Philadelphia Phillies,1,11,18,1,15,0,3,1
2025,2025-04-19,778252,Miami Marlins,0,10,15,0,18,1,-3,0
2025,2025-04-19,778265,Detroit Tigers,1,3,5,1,6,0,-1,1
2025,2025-04-19,778265,Kansas City Royals,0,1,6,0,5,1,1,0
2025,2025-04-19,778257,Chicago Cubs,1,6,8,1,4,0,4,1
2025,2025-04-19,778257,Arizona Diamondbacks,0,2,4,0,8,1,-4,0
2025,2025-04-19,778258,Toronto Blue Jays,1,4,12,0,10,0,2,0
2025,2025-04-19,778258,Seattle Mariners,0,8,10,0,12,0,-2,1
2025,2025-04-19,778262,Baltimore Orioles,1,9,11,1,13,0,-2,1
2025,2025-04-19,778262,Cincinnati Reds,0,5,13,0,11,1,2,0
2025,2025-04-19,778254,Pittsburgh Pirates,1,0,6,0,9,0,-3,0
2025,2025-04-19,778254,Cleveland Guardians,0,3,9,0,6,0,3,1
2025,2025-04-19,778256,New York Mets,1,3,8,0,3,0,5,1
2025,2025-04-19,778256,St. Louis Cardinals,0,0,3,0,8,0,-5,0
2025,2025-04-19,778251,Texas Rangers,1,4,5,1,6,0,-1,1
2025,2025-04-19,778251,Los Angeles Dodgers,0,3,6,0,5,1,1,0
2025,2025-04-19,778247,Colorado Rockies,1,11,8,1,12,0,-4,0
2025,2025-04-19,778247,Washington Nationals,0,12,12,0,8,1,4,1
2025,2025-04-19,778264,Boston Red Sox,1,4,7,1,7,1,0,1
2025,2025-04-19,778264,Chicago White Sox,0,3,7,1,7,1,0,0
2025,2025-04-19,778255,Tampa Bay Rays,1,10,10,0,10,1,0,1
2025,2025-04-19,778255,New York Yankees,0,8,10,1,10,0,0,0
2025,2025-04-19,778259,Houston Astros,1,3,7,0,7,0,0,1
2025,2025-04-19,778259,San Diego Padres,0,2,7,0,7,0,0,0
2025,2025-04-19,778253,Milwaukee Brewers,1,1,3,0,8,0,-5,0
2025,2025-04-19,778253,Athletics,0,3,8,0,3,0,5,1
2025,2025-04-19,778267,Atlanta Braves,1,4,12,0,7,0,5,1
2025,2025-04-19,778267,Minnesota Twins,0,3,7,0,12,0,-5,0
2025,2025-04-19,778243,Los Angeles Angels,1,2,6,0,5,0,1,0
2025,2025-04-19,778243,San Francisco Giants,0,3,5,0,6,0,-1,1
2025,2025-04-20,778250,Baltimore Orioles,1,2,7,1,25,1,-18,0
2025,2025-04-20,778250,Cincinnati Reds,0,24,25,1,7,1,18,1
2025,2025-04-20,778242,Pittsburgh Pirates,1,4,11,0,8,1,3,0
2025,2025-04-20,778242,Cleveland Guardians,0,5,8,1,11,0,-3,1
2025,2025-04-20,778249,Atlanta Braves,1,6,8,1,5,0,3,1
2025,2025-04-20,778249,Minnesota Twins,0,2,5,0,8,1,-3,0
2025,2025-04-20,778245,Boston Red Sox,1,4,6,1,9,2,-3,0
2025,2025-04-20,778245,Chicago White Sox,0,8,9,2,6,1,3,1
2025,2025-04-20,778248,Philadelphia Phillies,1,5,10,1,13,0,-3,0
2025,2025-04-20,778248,Miami Marlins,0,7,13,0,10,1,3,1
2025,2025-04-20,778241,Toronto Blue Jays,1,3,11,1,12,0,-1,0
2025,2025-04-20,778241,Seattle Mariners,0,8,12,0,11,1,1,1
2025,2025-04-20,778246,Detroit Tigers,1,3,10,1,9,1,1,0
2025,2025-04-20,778246,Kansas City Royals,0,4,9,1,10,1,-1,1
2025,2025-04-20,778244,New York Mets,1,7,11,0,8,0,3,1
2025,2025-04-20,778244,St. Louis Cardinals,0,4,8,0,11,0,-3,0
2025,2025-04-20,778240,Tampa Bay Rays,1,0,2,0,9,2,-7,0
2025,2025-04-20,778240,New York Yankees,0,4,9,2,2,0,7,1
2025,2025-04-20,778239,Milwaukee Brewers,1,14,17,0,4,4,13,1
2025,2025-04-20,778239,Athletics,0,1,4,4,17,0,-13,0
2025,2025-04-20,778236,Chicago Cubs,1,2,4,1,8,2,-4,0
2025,2025-04-20,778236,Arizona Diamondbacks,0,3,8,2,4,1,4,1
2025,2025-04-20,778234,Texas Rangers,1,0,5,0,3,0,2,0
2025,2025-04-20,778234,Los Angeles Dodgers,0,1,3,0,5,0,-2,1
2025,2025-04-20,778235,Colorado Rockies,1,2,4,3,6,0,-2,0
2025,2025-04-20,778235,Washington Nationals,0,3,6,0,4,3,2,1
2025,2025-04-20,778266,Colorado Rockies,1,3,7,0,8,0,-1,1
2025,2025-04-20,778266,Washington Nationals,0,1,8,0,7,0,1,0
2025,2025-04-20,778232,Los Angeles Angels,1,5,6,1,8,0,-2,1
2025,2025-04-20,778232,San Francisco Giants,0,4,8,0,6,1,2,0
2025,2025-04-20,778237,Houston Astros,1,2,7,1,10,0,-3,0
2025,2025-04-20,778237,San Diego Padres,0,3,10,0,7,1,3,1
2025,2025-04-21,778238,Boston Red Sox,1,4,8,1,5,0,3,1
2025,2025-04-21,778238,Chicago White Sox,0,2,5,0,8,1,-3,0
2025,2025-04-21,778227,Cleveland Guardians,1,6,10,1,10,0,0,1
2025,2025-04-21,778227,New York Yankees,0,4,10,0,10,1,0,0
2025,2025-04-21,778228,Detroit Tigers,1,6,11,0,7,0,4,1
2025,2025-04-21,778228,San Diego Padres,0,4,7,0,11,0,-4,0
2025,2025-04-21,778230,Miami Marlins,1,6,10,0,8,0,2,1
2025,2025-04-21,778230,Cincinnati Reds,0,3,8,0,10,0,-2,0
2025,2025-04-21,778225,New York Mets,1,5,8,0,7,0,1,1
2025,2025-04-21,778225,Philadelphia Phillies,0,4,7,0,8,0,-1,0
2025,2025-04-21,778233,Atlanta Braves,1,7,8,2,11,0,-3,1
2025,2025-04-21,778233,St. Louis Cardinals,0,6,11,0,8,2,3,0
2025,2025-04-21,778231,Houston Astros,1,7,10,0,2,0,8,1
2025,2025-04-21,778231,Toronto Blue Jays,0,0,2,0,10,0,-8,0
2025,2025-04-21,778226,San Francisco Giants,1,5,8,0,6,1,2,1
2025,2025-04-21,778226,Milwaukee Brewers,0,2,6,1,8,0,-2,0
2025,2025-04-22,778218,Cleveland Guardians,1,3,6,1,6,1,0,1
2025,2025-04-22,778218,New York Yankees,0,2,6,1,6,1,0,0
2025,2025-04-22,778221,Detroit Tigers,1,0,3,1,6,0,-3,0
2025,2025-04-22,778221,San Diego Padres,0,2,6,0,3,1,3,1
2025,2025-04-22,778219,Miami Marlins,1,4,9,0,7,1,2,1
2025,2025-04-22,778219,Cincinnati Reds,0,3,7,1,9,0,-2,0
2025,2025-04-22,778222,Washington Nationals,1,7,14,0,1,1,13,1
2025,2025-04-22,778222,Baltimore Orioles,0,0,1,1,14,0,-13,0
2025,2025-04-22,778224,Boston Red Sox,1,8,11,0,6,1,5,1
2025,2025-04-22,778224,Seattle Mariners,0,3,6,1,11,0,-5,0
2025,2025-04-22,778223,New York Mets,1,5,9,0,8,1,1,1
2025,2025-04-22,778223,Philadelphia Phillies,0,1,8,1,9,0,-1,0
2025,2025-04-22,778229,Atlanta Braves,1,4,8,1,12,2,-4,0
2025,2025-04-22,778229,St. Louis Cardinals,0,10,12,2,8,1,4,1
2025,2025-04-22,778215,Kansas City Royals,1,4,9,0,5,0,4,1
2025,2025-04-22,778215,Colorado Rockies,0,3,5,0,9,0,-4,0
2025,2025-04-22,778220,Chicago Cubs,1,11,17,1,10,1,7,1
2025,2025-04-22,778220,Los Angeles Dodgers,0,10,10,1,17,1,-7,0
2025,2025-04-22,778216,Minnesota Twins,1,4,5,0,10,2,-5,1
2025,2025-04-22,778216,Chicago White Sox,0,2,10,2,5,0,5,0
2025,2025-04-22,778217,Houston Astros,1,5,10,0,2,0,8,1
2025,2025-04-22,778217,Toronto Blue Jays,0,1,2,0,10,0,-8,0
2025,2025-04-22,778211,Los Angeles Angels,1,3,5,1,18,0,-13,0
2025,2025-04-22,778211,Pittsburgh Pirates,0,9,18,0,5,1,13,1
2025,2025-04-22,778212,Arizona Diamondbacks,1,5,7,0,6,0,1,1
2025,2025-04-22,778212,Tampa Bay Rays,0,1,6,0,7,0,-1,0
2025,2025-04-22,778210,San Francisco Giants,1,3,11,2,13,0,-2,0
2025,2025-04-22,778210,Milwaukee Brewers,0,11,13,0,11,2,2,1
2025,2025-04-22,778213,Athletics,1,5,11,0,10,0,1,0
2025,2025-04-22,778213,Texas Rangers,0,8,10,0,11,0,-1,1
2025,2025-04-23,778214,Atlanta Braves,1,4,11,0,7,0,4,1
2025,2025-04-23,778214,St. Louis Cardinals,0,1,7,0,11,0,-4,0
2025,2025-04-23,778209,Detroit Tigers,1,6,10,1,2,1,8,1
2025,2025-04-23,778209,San Diego Padres,0,0,2,1,10,1,-8,0
2025,2025-04-23,778203,New York Mets,1,4,10,1,11,0,-1,1
2025,2025-04-23,778203,Philadelphia Phillies,0,3,11,0,10,1,1,0
2025,2025-04-23,778208,Miami Marlins,1,2,6,0,8,0,-2,0
2025,2025-04-23,778208,Cincinnati Reds,0,5,8,0,6,0,2,1
2025,2025-04-23,778206,Cleveland Guardians,1,1,5,0,11,1,-6,0
2025,2025-04-23,778206,New York Yankees,0,5,11,1,5,0,6,1
2025,2025-04-23,778204,Washington Nationals,1,4,6,0,10,0,-4,1
2025,2025-04-23,778204,Baltimore Orioles,0,3,10,0,6,0,4,0
2025,2025-04-23,778207,Boston Red Sox,1,5,7,2,13,0,-6,0
2025,2025-04-23,778207,Seattle Mariners,0,8,13,0,7,2,6,1
2025,2025-04-23,778205,Chicago Cubs,1,7,8,1,11,0,-3,1
2025,2025-04-23,778205,Los Angeles Dodgers,0,6,11,0,8,1,3,0
2025,2025-04-23,778200,Houston Astros,1,3,13,0,5,0,8,1
2025,2025-04-23,778200,Toronto Blue Jays,0,1,5,0,13,0,-8,0
2025,2025-04-23,778201,Minnesota Twins,1,6,12,1,6,0,6,1
2025,2025-04-23,778201,Chicago White Sox,0,3,6,0,12,1,-6,0
2025,2025-04-23,778202,Los Angeles Angels,1,0,2,0,11,1,-9,0
2025,2025-04-23,778202,Pittsburgh Pirates,0,3,11,1,2,0,9,1
2025,2025-04-23,778199,Arizona Diamondbacks,1,6,9,0,13,1,-4,0
2025,2025-04-23,778199,Tampa Bay Rays,0,7,13,1,9,0,4,1
2025,2025-04-23,778198,San Francisco Giants,1,4,8,0,9,2,-1,1
2025,2025-04-23,778198,Milwaukee Brewers,0,2,9,2,8,0,1,0
2025,2025-04-23,778197,Athletics,1,5,10,1,7,1,3,1
2025,2025-04-23,778197,Texas Rangers,0,2,7,1,10,1,-3,0
2025,2025-04-24,778189,Minnesota Twins,1,0,6,0,8,0,-2,0
2025,2025-04-24,778189,Chicago White Sox,0,3,8,0,6,0,2,1
2025,2025-04-24,778196,Boston Red Sox,1,3,4,0,9,0,-5,0
2025,2025-04-24,778196,Seattle Mariners,0,4,9,0,4,0,5,1
2025,2025-04-24,778190,Kansas City Royals,1,7,13,0,4,0,9,1
2025,2025-04-24,778190,Colorado Rockies,0,4,4,0,13,0,-9,0
2025,2025-04-24,778195,Kansas City Royals,1,6,9,0,9,1,0,1
2025,2025-04-24,778195,Colorado Rockies,0,2,9,1,9,0,0,0
2025,2025-04-24,778194,San Francisco Giants,1,6,7,1,9,1,-2,1
2025,2025-04-24,778194,Milwaukee Brewers,0,5,9,1,7,1,2,0
2025,2025-04-24,778193,Washington Nationals,1,1,5,0,4,1,1,0
2025,2025-04-24,778193,Baltimore Orioles,0,2,4,1,5,0,-1,1
2025,2025-04-24,778191,Los Angeles Angels,1,4,6,0,9,1,-3,1
2025,2025-04-24,778191,Pittsburgh Pirates,0,3,9,1,6,0,3,0
2025,2025-04-24,778188,Arizona Diamondbacks,1,4,6,3,9,0,-3,0
2025,2025-04-24,778188,Tampa Bay Rays,0,7,9,0,6,3,3,1
2025,2025-04-24,778192,Athletics,1,4,10,1,7,1,3,1
2025,2025-04-24,778192,Texas Rangers,0,3,7,1,10,1,-3,0
2025,2025-04-25,778182,Chicago Cubs,1,4,11,0,5,1,6,1
2025,2025-04-25,778182,Philadelphia Phillies,0,0,5,1,11,0,-6,0
2025,2025-04-25,778183,Washington Nationals,1,5,13,2,8,0,5,1
2025,2025-04-25,778183,New York Mets,0,4,8,0,13,2,-5,0
2025,2025-04-25,778185,New York Yankees,1,2,10,0,9,0,1,0
2025,2025-04-25,778185,Toronto Blue Jays,0,4,9,0,10,0,-1,1
2025,2025-04-25,778187,Kansas City Royals,1,2,9,0,3,0,6,1
2025,2025-04-25,778187,Houston Astros,0,0,3,0,9,0,-6,0
2025,2025-04-25,778186,Minnesota Twins,1,11,8,1,10,0,-2,1
2025,2025-04-25,778186,Los Angeles Angels,0,4,10,0,8,1,2,0
2025,2025-04-25,778184,St. Louis Cardinals,1,3,9,1,9,1,0,1
2025,2025-04-25,778184,Milwaukee Brewers,0,2,9,1,9,1,0,0
2025,2025-04-25,778181,Colorado Rockies,1,7,10,2,13,0,-3,0
2025,2025-04-25,778181,Cincinnati Reds,0,8,13,0,10,2,3,1
2025,2025-04-25,778172,San Diego Padres,1,0,5,1,6,0,-1,0
2025,2025-04-25,778172,Tampa Bay Rays,0,1,6,0,5,1,1,1
2025,2025-04-25,778177,Arizona Diamondbacks,1,2,7,1,11,0,-4,0
2025,2025-04-25,778177,Atlanta Braves,0,8,11,0,7,1,4,1
2025,2025-04-25,778175,Seattle Mariners,1,4,7,1,10,0,-3,0
2025,2025-04-25,778175,Miami Marlins,0,8,10,0,7,1,3,1
2025,2025-04-25,778178,Athletics,1,6,11,0,9,1,2,1
2025,2025-04-25,778178,Chicago White Sox,0,5,9,1,11,0,-2,0
2025,2025-04-25,778176,Los Angeles Dodgers,1,0,6,1,6,1,0,0
2025,2025-04-25,778176,Pittsburgh Pirates,0,3,6,1,6,1,0,1
2025,2025-04-25,778171,San Francisco Giants,1,0,4,1,6,0,-2,0
2025,2025-04-25,778171,Texas Rangers,0,2,6,0,4,1,2,1
2025,2025-04-26,778179,Cleveland Guardians,1,5,10,0,7,0,3,1
2025,2025-04-26,778179,Boston Red Sox,0,4,7,0,10,0,-3,0
2025,2025-04-26,778169,Cleveland Guardians,1,3,7,0,11,1,-4,0
2025,2025-04-26,778169,Boston Red Sox,0,7,11,1,7,0,4,1
2025,2025-04-26,778168,Detroit Tigers,1,4,8,1,11,0,-3,1
2025,2025-04-26,778168,Baltimore Orioles,0,3,11,0,8,1,3,0
2025,2025-04-26,778180,Detroit Tigers,1,6,6,0,6,0,0,1
2025,2025-04-26,778180,Baltimore Orioles,0,2,6,0,6,0,0,0
2025,2025-04-26,778166,Minnesota Twins,1,5,13,0,5,1,8,1
2025,2025-04-26,778166,Los Angeles Angels,0,1,5,1,13,0,-8,0
2025,2025-04-26,778164,St. Louis Cardinals,1,6,11,0,10,1,1,1
2025,2025-04-26,778164,Milwaukee Brewers,0,5,10,1,11,0,-1,0
2025,2025-04-26,778161,Colorado Rockies,1,4,8,0,13,1,-5,0
2025,2025-04-26,778161,Cincinnati Reds,0,6,13,1,8,0,5,1
2025,2025-04-26,778173,Washington Nationals,1,0,7,0,8,0,-1,0
2025,2025-04-26,778173,New York Mets,0,2,8,0,7,0,1,1
2025,2025-04-26,778159,San Francisco Giants,1,3,11,0,8,0,3,1
2025,2025-04-26,778159,Texas Rangers,0,2,8,0,11,0,-3,0
2025,2025-04-26,778174,Chicago Cubs,1,4,8,0,12,1,-4,0
2025,2025-04-26,778174,Philadelphia Phillies,0,10,12,1,8,0,4,1
2025,2025-04-26,778165,Athletics,1,3,6,1,11,0,-5,0
2025,2025-04-26,778165,Chicago White Sox,0,10,11,0,6,1,5,1
2025,2025-04-26,778167,Kansas City Royals,1,2,3,0,6,0,-3,1
2025,2025-04-26,778167,Houston Astros,0,0,6,0,3,0,3,0
2025,2025-04-26,778162,Arizona Diamondbacks,1,7,7,1,9,0,-2,0
2025,2025-04-26,778162,Atlanta Braves,0,8,9,0,7,1,2,1
2025,2025-04-26,778160,San Diego Padres,1,1,5,2,9,0,-4,0
2025,2025-04-26,778160,Tampa Bay Rays,0,4,9,0,5,2,4,1
2025,2025-04-26,778163,Los Angeles Dodgers,1,8,11,0,8,1,3,1
2025,2025-04-26,778163,Pittsburgh Pirates,0,4,8,1,11,0,-3,0
2025,2025-04-26,778154,Seattle Mariners,1,14,15,1,4,1,11,1
2025,2025-04-26,778154,Miami Marlins,0,0,4,1,15,1,-11,0
2025,2025-04-27,778153,Washington Nationals,1,8,9,1,9,1,0,1
2025,2025-04-27,778153,New York Mets,0,7,9,1,9,1,0,0
2025,2025-04-27,778156,New York Yankees,1,11,12,1,10,1,2,1
2025,2025-04-27,778156,Toronto Blue Jays,0,2,10,1,12,1,-2,0
2025,2025-04-27,778170,New York Yankees,1,5,9,0,3,2,6,1
2025,2025-04-27,778170,Toronto Blue Jays,0,1,3,2,9,0,-6,0
2025,2025-04-27,778157,Cleveland Guardians,1,3,8,4,15,0,-7,0
2025,2025-04-27,778157,Boston Red Sox,0,13,15,0,8,4,7,1
2025,2025-04-27,778155,Detroit Tigers,1,7,9,0,5,0,4,1
2025,2025-04-27,778155,Baltimore Orioles,0,0,5,0,9,0,-4,0
2025,2025-04-27,778144,Minnesota Twins,1,5,9,0,4,1,5,1
2025,2025-04-27,778144,Los Angeles Angels,0,0,4,1,9,0,-5,0
2025,2025-04-27,778152,Kansas City Royals,1,3,11,1,9,0,2,0
2025,2025-04-27,778152,Houston Astros,0,7,9,0,11,1,-2,1
2025,2025-04-27,778150,St. Louis Cardinals,1,1,7,0,11,0,-4,0
2025,2025-04-27,778150,Milwaukee Brewers,0,7,11,0,7,0,4,1
2025,2025-04-27,778148,Colorado Rockies,1,1,3,0,14,1,-11,0
2025,2025-04-27,778148,Cincinnati Reds,0,8,14,1,3,0,11,1
2025,2025-04-27,778151,San Francisco Giants,1,3,5,0,10,3,-5,1
2025,2025-04-27,778151,Texas Rangers,0,2,10,3,5,0,5,0
2025,2025-04-27,778149,Athletics,1,3,6,1,9,0,-3,1
2025,2025-04-27,778149,Chicago White Sox,0,2,9,0,6,1,3,0
2025,2025-04-27,778145,Los Angeles Dodgers,1,9,14,0,9,2,5,1
2025,2025-04-27,778145,Pittsburgh Pirates,0,2,9,2,14,0,-5,0
2025,2025-04-27,778146,San Diego Padres,1,2,5,0,10,0,-5,0
2025,2025-04-27,778146,Tampa Bay Rays,0,4,10,0,5,0,5,1
2025,2025-04-27,778147,Arizona Diamondbacks,1,6,9,2,11,1,-2,1
2025,2025-04-27,778147,Atlanta Braves,0,4,11,1,9,2,2,0
2025,2025-04-27,778136,Seattle Mariners,1,7,9,0,9,0,0,1
2025,2025-04-27,778136,Miami Marlins,0,6,9,0,9,0,0,0
2025,2025-04-27,778158,Chicago Cubs,1,1,3,0,6,0,-3,0
2025,2025-04-27,778158,Philadelphia Phillies,0,3,6,0,3,0,3,1
2025,2025-04-28,778138,Washington Nationals,1,5,12,0,21,0,-9,0
2025,2025-04-28,778138,New York Mets,0,19,21,0,12,0,9,1
2025,2025-04-28,778139,Cleveland Guardians,1,1,8,0,17,0,-9,0
2025,2025-04-28,778139,Minnesota Twins,0,11,17,0,8,0,9,1
2025,2025-04-28,778140,Baltimore Orioles,1,4,8,1,10,0,-2,1
2025,2025-04-28,778140,New York Yankees,0,3,10,0,8,1,2,0
2025,2025-04-28,778141,Cincinnati Reds,1,3,8,0,5,0,3,1
2025,2025-04-28,778141,St. Louis Cardinals,0,1,5,0,8,0,-3,0
2025,2025-04-28,778143,Texas Rangers,1,1,6,0,8,0,-2,0
2025,2025-04-28,778143,Athletics,0,2,8,0,6,0,2,1
2025,2025-04-28,778142,Houston Astros,1,8,10,0,5,2,5,1
2025,2025-04-28,778142,Detroit Tigers,0,5,5,2,10,0,-5,0
2025,2025-04-28,778137,Colorado Rockies,1,3,7,0,14,1,-7,0
2025,2025-04-28,778137,Atlanta Braves,0,6,14,1,7,0,7,1
2025,2025-04-28,778132,Los Angeles Dodgers,1,7,12,2,8,0,4,1
2025,2025-04-28,778132,Miami Marlins,0,6,8,0,12,2,-4,0
2025,2025-04-29,778129,Cleveland Guardians,1,2,6,0,7,0,-1,1
2025,2025-04-29,778129,Minnesota Twins,0,1,7,0,6,0,1,0
2025,2025-04-29,778133,Baltimore Orioles,1,3,3,3,19,0,-16,0
2025,2025-04-29,778133,New York Yankees,0,15,19,0,3,3,16,1
2025,2025-04-29,778135,Pittsburgh Pirates,1,0,7,0,13,0,-6,0
2025,2025-04-29,778135,Chicago Cubs,0,9,13,0,7,0,6,1
2025,2025-04-29,778131,Philadelphia Phillies,1,7,9,1,11,0,-2,1
2025,2025-04-29,778131,Washington Nationals,0,6,11,0,9,1,2,0
2025,2025-04-29,778128,Tampa Bay Rays,1,1,8,0,8,0,0,0
2025,2025-04-29,778128,Kansas City Royals,0,3,8,0,8,0,0,1
2025,2025-04-29,778127,Toronto Blue Jays,1,2,4,0,14,0,-10,0
2025,2025-04-29,778127,Boston Red Sox,0,10,14,0,4,0,10,1
2025,2025-04-29,778130,New York Mets,1,8,9,1,8,0,1,1
2025,2025-04-29,778130,Arizona Diamondbacks,0,3,8,0,9,1,-1,0
2025,2025-04-29,778125,Chicago White Sox,1,2,4,1,8,0,-4,0
2025,2025-04-29,778125,Milwaukee Brewers,0,7,8,0,4,1,4,1
2025,2025-04-29,778122,Texas Rangers,1,15,18,0,8,0,10,1
2025,2025-04-29,778122,Athletics,0,2,8,0,18,0,-10,0
2025,2025-04-29,778124,Houston Astros,1,6,10,0,8,0,2,1
2025,2025-04-29,778124,Detroit Tigers,0,4,8,0,10,0,-2,0
2025,2025-04-29,778120,Colorado Rockies,1,2,6,2,14,0,-8,0
2025,2025-04-29,778120,Atlanta Braves,0,8,14,0,6,2,8,1
2025,2025-04-29,778121,Seattle Mariners,1,5,7,0,6,0,1,1
2025,2025-04-29,778121,Los Angeles Angels,0,3,6,0,7,0,-1,0
2025,2025-04-29,778126,San Diego Padres,1,7,11,1,7,1,4,1
2025,2025-04-29,778126,San Francisco Giants,0,4,7,1,11,1,-4,0
2025,2025-04-29,778123,Los Angeles Dodgers,1,15,18,0,9,1,9,1
2025,2025-04-29,778123,Miami Marlins,0,2,9,1,18,0,-9,0
2025,2025-04-30,778134,Cincinnati Reds,1,0,3,0,7,0,-4,0
2025,2025-04-30,778134,St. Louis Cardinals,0,6,7,0,3,0,4,1
2025,2025-04-30,778119,Cincinnati Reds,1,1,7,0,8,0,-1,0
2025,2025-04-30,778119,St. Louis Cardinals,0,9,8,0,7,0,1,1
2025,2025-04-30,778110,Houston Astros,1,4,9,1,11,1,-2,0
2025,2025-04-30,778110,Detroit Tigers,0,7,11,1,9,1,2,1
2025,2025-04-30,778102,Colorado Rockies,1,2,5,0,3,0,2,1
2025,2025-04-30,778102,Atlanta Braves,0,1,3,0,5,0,-2,0
2025,2025-04-30,778109,Los Angeles Dodgers,1,12,17,0,9,1,8,1
2025,2025-04-30,778109,Miami Marlins,0,7,9,1,17,0,-8,0
2025,2025-04-30,778104,Seattle Mariners,1,9,12,1,10,2,2,1
2025,2025-04-30,778104,Los Angeles Angels,0,3,10,2,12,1,-2,0
2025,2025-04-30,778105,San Diego Padres,1,5,10,0,5,0,5,1
2025,2025-04-30,778105,San Francisco Giants,0,3,5,0,10,0,-5,0
2025,2025-04-30,778116,Cleveland Guardians,1,4,5,1,6,1,-1,1
2025,2025-04-30,778116,Minnesota Twins,0,2,6,1,5,1,1,0
2025,2025-04-30,778115,Baltimore Orioles,1,5,10,1,7,1,3,1
2025,2025-04-30,778115,New York Yankees,0,4,7,1,10,1,-3,0
2025,2025-04-30,778112,Pittsburgh Pirates,1,4,9,0,9,1,0,1
2025,2025-04-30,778112,Chicago Cubs,0,3,9,1,9,0,0,0
2025,2025-04-30,778118,Philadelphia Phillies,1,7,10,0,5,1,5,1
2025,2025-04-30,778118,Washington Nationals,0,2,5,1,10,0,-5,0
2025,2025-04-30,778113,Tampa Bay Rays,1,0,4,1,11,1,-7,0
2025,2025-04-30,778113,Kansas City Royals,0,3,11,1,4,1,7,1
2025,2025-04-30,778114,Toronto Blue Jays,1,7,10,1,7,0,3,1
2025,2025-04-30,778114,Boston Red Sox,0,6,7,0,10,1,-3,0
2025,2025-04-30,778117,New York Mets,1,3,7,0,8,0,-1,0
2025,2025-04-30,778117,Arizona Diamondbacks,0,4,8,0,7,0,1,1
2025,2025-04-30,778111,Chicago White Sox,1,4,10,3,8,0,2,0
2025,2025-04-30,778111,Milwaukee Brewers,0,6,8,0,10,3,-2,1
2025,2025-04-30,778106,Texas Rangers,1,1,9,0,11,0,-2,0
2025,2025-04-30,778106,Athletics,0,7,11,0,9,0,2,1
2025,2025-05-01,778100,Pittsburgh Pirates,1,3,5,0,11,1,-6,0
2025,2025-05-01,778100,Chicago Cubs,0,8,11,1,5,0,6,1
2025,2025-05-01,778107,Cincinnati Reds,1,9,9,1,3,1,6,1
2025,2025-05-01,778107,St. Louis Cardinals,0,1,3,1,9,1,-6,0
2025,2025-05-01,778103,New York Mets,1,2,5,1,9,0,-4,0
2025,2025-05-01,778103,Arizona Diamondbacks,0,4,9,0,5,1,4,1
2025,2025-05-01,778097,Tampa Bay Rays,1,2,8,0,15,0,-7,0
2025,2025-05-01,778097,Kansas City Royals,0,8,15,0,8,0,7,1
2025,2025-05-01,778108,Cleveland Guardians,1,4,6,0,13,0,-7,1
2025,2025-05-01,778108,Minnesota Twins,0,3,13,0,6,0,7,0
2025,2025-05-01,778094,Chicago White Sox,1,8,9,1,2,1,7,1
2025,2025-05-01,778094,Milwaukee Brewers,0,0,2,1,9,1,-7,0
2025,2025-05-01,778096,Texas Rangers,1,0,3,0,8,1,-5,0
2025,2025-05-01,778096,Athletics,0,3,8,1,3,0,5,1
2025,2025-05-01,778099,Philadelphia Phillies,1,2,9,1,6,0,3,0
2025,2025-05-01,778099,Washington Nationals,0,4,6,0,9,1,-3,1
2025,2025-05-01,778095,Toronto Blue Jays,1,4,7,0,7,0,0,1
2025,2025-05-01,778095,Boston Red Sox,0,2,7,0,7,0,0,0
2025,2025-05-01,778101,Los Angeles Angels,1,4,8,1,13,0,-5,0
2025,2025-05-01,778101,Detroit Tigers,0,10,13,0,8,1,5,1
2025,2025-05-01,778098,San Francisco Giants,1,3,9,1,8,0,1,0
2025,2025-05-01,778098,Colorado Rockies,0,4,8,0,9,1,-1,1
2025,2025-05-02,778087,Cincinnati Reds,1,6,7,0,4,0,3,1
2025,2025-05-02,778087,Washington Nationals,0,1,4,0,7,0,-3,0
2025,2025-05-02,778090,Pittsburgh Pirates,1,4,7,2,14,0,-7,0
2025,2025-05-02,778090,San Diego Padres,0,9,14,0,7,2,7,1
2025,2025-05-02,778086,Philadelphia Phillies,1,3,6,0,10,0,-4,1
2025,2025-05-02,778086,Arizona Diamondbacks,0,2,10,0,6,0,4,0
2025,2025-05-02,778093,Baltimore Orioles,1,3,9,0,4,0,5,1
2025,2025-05-02,778093,Kansas City Royals,0,0,4,0,9,0,-5,0
2025,2025-05-02,778088,New York Yankees,1,3,6,1,1,1,5,1
2025,2025-05-02,778088,Tampa Bay Rays,0,0,1,1,6,1,-5,0
2025,2025-05-02,778081,Toronto Blue Jays,1,5,9,1,9,1,0,1
2025,2025-05-02,778081,Cleveland Guardians,0,3,9,1,9,1,0,0
2025,2025-05-02,778089,Boston Red Sox,1,6,13,1,6,1,7,1
2025,2025-05-02,778089,Minnesota Twins,0,1,6,1,13,1,-7,0
2025,2025-05-02,778091,Miami Marlins,1,1,7,2,7,0,0,0
2025,2025-05-02,778091,Athletics,0,6,7,0,7,2,0,1
2025,2025-05-02,778092,Atlanta Braves,1,1,2,0,4,0,-2,0
2025,2025-05-02,778092,Los Angeles Dodgers,0,2,4,0,2,0,2,1
2025,2025-05-02,778079,Chicago White Sox,1,7,9,2,10,0,-1,1
2025,2025-05-02,778079,Houston Astros,0,3,10,0,9,2,1,0
2025,2025-05-02,778083,Texas Rangers,1,1,3,1,17,0,-14,0
2025,2025-05-02,778083,Seattle Mariners,0,13,17,0,3,1,14,1
2025,2025-05-02,778080,Milwaukee Brewers,1,0,5,0,12,0,-7,0
2025,2025-05-02,778080,Chicago Cubs,0,10,12,0,5,0,7,1
2025,2025-05-02,778084,St. Louis Cardinals,1,3,9,1,17,1,-8,0
2025,2025-05-02,778084,New York Mets,0,9,17,1,9,1,8,1
2025,2025-05-02,778085,Los Angeles Angels,1,1,4,1,14,0,-10,0
2025,2025-05-02,778085,Detroit Tigers,0,9,14,0,4,1,10,1
2025,2025-05-02,778082,San Francisco Giants,1,4,7,0,3,0,4,1
2025,2025-05-02,778082,Colorado Rockies,0,0,3,0,7,0,-4,0
2025,2025-05-03,778074,New York Yankees,1,2,5,1,5,0,0,0
2025,2025-05-03,778074,Tampa Bay Rays,0,3,5,0,5,1,0,1
2025,2025-05-03,778066,Chicago White Sox,1,3,6,0,13,1,-7,0
2025,2025-05-03,778066,Houston Astros,0,8,13,1,6,0,7,1
2025,2025-05-03,778064,Toronto Blue Jays,1,3,8,0,4,0,4,0
2025,2025-05-03,778064,Cleveland Guardians,0,5,4,0,8,0,-4,1
2025,2025-05-03,778065,Pittsburgh Pirates,1,1,6,0,3,1,3,0
2025,2025-05-03,778065,San Diego Padres,0,2,3,1,6,0,-3,1
2025,2025-05-03,778069,San Francisco Giants,1,6,5,1,5,0,0,1
2025,2025-05-03,778069,Colorado Rockies,0,3,5,0,5,1,0,0
2025,2025-05-03,778073,Boston Red Sox,1,3,12,0,10,1,2,0
2025,2025-05-03,778073,Minnesota Twins,0,4,10,1,12,0,-2,1
2025,2025-05-03,778075,Miami Marlins,1,9,5,0,11,0,-6,1
2025,2025-05-03,778075,Athletics,0,6,11,0,5,0,6,0
2025,2025-05-03,778078,Philadelphia Phillies,1,7,11,0,7,1,4,1
2025,2025-05-03,778078,Arizona Diamondbacks,0,2,7,1,11,0,-4,0
2025,2025-05-03,778077,Cincinnati Reds,1,6,12,2,15,1,-3,0
2025,2025-05-03,778077,Washington Nationals,0,11,15,1,12,2,3,1
2025,2025-05-03,778070,Texas Rangers,1,1,5,0,10,0,-5,0
2025,2025-05-03,778070,Seattle Mariners,0,2,10,0,5,0,5,1
2025,2025-05-03,778071,Milwaukee Brewers,1,2,4,1,8,0,-4,0
2025,2025-05-03,778071,Chicago Cubs,0,6,8,0,4,1,4,1
2025,2025-05-03,778072,Baltimore Orioles,1,0,6,1,8,0,-2,0
2025,2025-05-03,778072,Kansas City Royals,0,4,8,0,6,1,2,1
2025,2025-05-03,778076,Atlanta Braves,1,3,10,1,12,0,-2,0
2025,2025-05-03,778076,Los Angeles Dodgers,0,10,12,0,10,1,2,1
2025,2025-05-03,778067,Los Angeles Angels,1,5,10,1,6,1,4,1
2025,2025-05-03,778067,Detroit Tigers,0,2,6,1,10,1,-4,0
2025,2025-05-04,778053,St. Louis Cardinals,1,6,11,1,10,0,1,1
2025,2025-05-04,778053,New York Mets,0,5,10,0,11,1,-1,0
2025,2025-05-04,778068,St. Louis Cardinals,1,5,9,0,10,0,-1,1
2025,2025-05-04,778068,New York Mets,0,4,10,0,9,0,1,0
2025,2025-05-04,778062,Baltimore Orioles,1,6,11,0,17,0,-6,0
2025,2025-05-04,778062,Kansas City Royals,0,11,17,0,11,0,6,1
2025,2025-05-04,778051,Pittsburgh Pirates,1,0,8,1,10,0,-2,0
2025,2025-05-04,778051,San Diego Padres,0,4,10,0,8,1,2,1
2025,2025-05-04,778063,Boston Red Sox,1,4,7,1,9,0,-2,0
2025,2025-05-04,778063,Minnesota Twins,0,5,9,0,7,1,2,1
2025,2025-05-04,778057,New York Yankees,1,5,8,1,16,0,-8,0
2025,2025-05-04,778057,Tampa Bay Rays,0,7,16,0,8,1,8,1
2025,2025-05-04,778056,Toronto Blue Jays,1,4,7,0,10,3,-3,0
2025,2025-05-04,778056,Cleveland Guardians,0,5,10,3,7,0,3,1
2025,2025-05-04,778061,Miami Marlins,1,2,5,0,10,0,-5,0
2025,2025-05-04,778061,Athletics,0,3,10,0,5,0,5,1
2025,2025-05-04,778059,Philadelphia Phillies,1,9,14,1,12,0,2,0
2025,2025-05-04,778059,Arizona Diamondbacks,0,11,12,0,14,1,-2,1
2025,2025-05-04,778055,Chicago White Sox,1,5,7,0,9,1,-2,1
2025,2025-05-04,778055,Houston Astros,0,4,9,1,7,0,2,0
2025,2025-05-04,778054,Milwaukee Brewers,1,4,6,1,5,0,1,1
2025,2025-05-04,778054,Chicago Cubs,0,0,5,0,6,1,-1,0
2025,2025-05-04,778052,Texas Rangers,1,8,11,0,4,1,7,1
2025,2025-05-04,778052,Seattle Mariners,0,1,4,1,11,0,-7,0
2025,2025-05-04,778048,San Francisco Giants,1,9,13,2,10,0,3,1
2025,2025-05-04,778048,Colorado Rockies,0,3,10,0,13,2,-3,0
2025,2025-05-04,778050,Los Angeles Angels,1,1,5,0,16,0,-11,0
2025,2025-05-04,778050,Detroit Tigers,0,13,16,0,5,0,11,1
2025,2025-05-04,778058,Cincinnati Reds,1,1,5,1,9,0,-4,0
2025,2025-05-04,778058,Washington Nationals,0,4,9,0,5,1,4,1
2025,2025-05-04,778060,Atlanta Braves,1,4,8,0,7,0,1,1
2025,2025-05-04,778060,Los Angeles Dodgers,0,3,7,0,8,0,-1,0
2025,2025-05-05,778047,Miami Marlins,1,4,10,1,13,1,-3,0
2025,2025-05-05,778047,Los Angeles Dodgers,0,7,13,1,10,1,3,1
2025,2025-05-05,778045,New York Yankees,1,3,6,0,6,1,0,0
2025,2025-05-05,778045,San Diego Padres,0,4,6,1,6,0,0,1
2025,2025-05-05,778049,Atlanta Braves,1,4,7,0,1,0,6,1
2025,2025-05-05,778049,Cincinnati Reds,0,0,1,0,7,0,-6,0
2025,2025-05-05,778044,Chicago Cubs,1,9,9,0,7,4,2,1
2025,2025-05-05,778044,San Francisco Giants,0,2,7,4,9,0,-2,0
2025,2025-05-05,778043,Kansas City Royals,1,3,7,0,6,0,1,1
2025,2025-05-05,778043,Chicago White Sox,0,0,6,0,7,0,-1,0
2025,2025-05-05,778042,Milwaukee Brewers,1,5,10,1,9,0,1,1
2025,2025-05-05,778042,Houston Astros,0,1,9,0,10,1,-1,0
2025,2025-05-05,778036,St. Louis Cardinals,1,6,11,1,7,0,4,1
2025,2025-05-05,778036,Pittsburgh Pirates,0,3,7,0,11,1,-4,0
2025,2025-05-05,778039,Arizona Diamondbacks,1,4,9,0,8,0,1,0
2025,2025-05-05,778039,New York Mets,0,5,8,0,9,0,-1,1
2025,2025-05-05,778038,Athletics,1,7,13,0,8,0,5,1
2025,2025-05-05,778038,Seattle Mariners,0,6,8,0,13,0,-5,0
2025,2025-05-06,778026,Washington Nationals,1,10,10,0,14,2,-4,1
2025,2025-05-06,778026,Cleveland Guardians,0,9,14,2,10,0,4,0
2025,2025-05-06,778046,Washington Nationals,1,1,4,0,8,0,-4,0
2025,2025-05-06,778046,Cleveland Guardians,0,9,8,0,4,0,4,1
2025,2025-05-06,778035,Miami Marlins,1,5,11,0,8,0,3,1
2025,2025-05-06,778035,Los Angeles Dodgers,0,4,8,0,11,0,-3,0
2025,2025-05-06,778037,Boston Red Sox,1,1,6,0,16,0,-10,0
2025,2025-05-06,778037,Texas Rangers,0,6,16,0,6,0,10,1
2025,2025-05-06,778040,Tampa Bay Rays,1,4,6,0,13,0,-7,0
2025,2025-05-06,778040,Philadelphia Phillies,0,8,13,0,6,0,7,1
2025,2025-05-06,778041,New York Yankees,1,12,10,1,10,1,0,1
2025,2025-05-06,778041,San Diego Padres,0,3,10,1,10,1,0,0
2025,2025-05-06,778034,Atlanta Braves,1,2,8,0,7,0,1,1
2025,2025-05-06,778034,Cincinnati Reds,0,1,7,0,8,0,-1,0
2025,2025-05-06,778027,Chicago Cubs,1,5,8,2,16,1,-8,0
2025,2025-05-06,778027,San Francisco Giants,0,14,16,1,8,2,8,1
2025,2025-05-06,778028,Minnesota Twins,1,9,10,0,3,2,7,1
2025,2025-05-06,778028,Baltimore Orioles,0,1,3,2,10,0,-7,0
2025,2025-05-06,778033,Kansas City Royals,1,4,8,1,10,1,-2,1
2025,2025-05-06,778033,Chicago White Sox,0,3,10,1,8,1,2,0
2025,2025-05-06,778031,Milwaukee Brewers,1,4,6,0,5,0,1,1
2025,2025-05-06,778031,Houston Astros,0,3,5,0,6,0,-1,0
2025,2025-05-06,778030,St. Louis Cardinals,1,2,4,0,4,0,0,1
2025,2025-05-06,778030,Pittsburgh Pirates,0,1,4,0,4,0,0,0
2025,2025-05-06,778025,Los Angeles Angels,1,8,9,0,9,1,0,1
2025,2025-05-06,778025,Toronto Blue Jays,0,3,9,1,9,0,0,0
2025,2025-05-06,778032,Arizona Diamondbacks,1,5,7,0,4,2,3,1
2025,2025-05-06,778032,New York Mets,0,1,4,2,7,0,-3,0
2025,2025-05-06,778024,Athletics,1,3,10,0,10,1,0,0
2025,2025-05-06,778024,Seattle Mariners,0,5,10,1,10,0,0,1
2025,2025-05-07,778022,Washington Nationals,1,6,13,0,10,1,3,0
2025,2025-05-07,778022,Cleveland Guardians,0,8,10,1,13,0,-3,1
2025,2025-05-07,778015,Milwaukee Brewers,1,1,4,2,8,0,-4,0
2025,2025-05-07,778015,Houston Astros,0,9,8,0,4,2,4,1
2025,2025-05-07,778016,St. Louis Cardinals,1,5,11,0,4,0,7,1
2025,2025-05-07,778016,Pittsburgh Pirates,0,0,4,0,11,0,-7,0
2025,2025-05-07,778020,Chicago Cubs,1,1,4,1,9,0,-5,0
2025,2025-05-07,778020,San Francisco Giants,0,3,9,0,4,1,5,1
2025,2025-05-07,778010,Athletics,1,5,10,0,11,0,-1,0
2025,2025-05-07,778010,Seattle Mariners,0,6,11,0,10,0,1,1
2025,2025-05-07,778014,Arizona Diamondbacks,1,1,6,1,8,0,-2,0
2025,2025-05-07,778014,New York Mets,0,7,8,0,6,1,2,1
2025,2025-05-07,778017,Miami Marlins,1,1,5,0,12,2,-7,0
2025,2025-05-07,778017,Los Angeles Dodgers,0,10,12,2,5,0,7,1
2025,2025-05-07,778018,Boston Red Sox,1,6,11,1,8,1,3,1
2025,2025-05-07,778018,Texas Rangers,0,4,8,1,11,1,-3,0
2025,2025-05-07,778021,Tampa Bay Rays,1,0,2,1,11,0,-9,0
2025,2025-05-07,778021,Philadelphia Phillies,0,7,11,0,2,1,9,1
2025,2025-05-07,778019,New York Yankees,1,4,3,1,6,0,-3,1
2025,2025-05-07,778019,San Diego Padres,0,3,6,0,3,1,3,0
2025,2025-05-07,778023,Atlanta Braves,1,3,6,0,7,0,-1,0
2025,2025-05-07,778023,Cincinnati Reds,0,4,7,0,6,0,1,1
2025,2025-05-07,778011,Minnesota Twins,1,5,8,0,10,0,-2,1
2025,2025-05-07,778011,Baltimore Orioles,0,2,10,0,8,0,2,0
2025,2025-05-07,778012,Kansas City Royals,1,2,10,0,6,0,4,1
2025,2025-05-07,778012,Chicago White Sox,0,1,6,0,10,0,-4,0
2025,2025-05-07,778013,Colorado Rockies,1,6,13,1,10,0,3,0
2025,2025-05-07,778013,Detroit Tigers,0,8,10,0,13,1,-3,1
2025,2025-05-07,778009,Los Angeles Angels,1,5,9,0,12,0,-3,1
2025,2025-05-07,778009,Toronto Blue Jays,0,4,12,0,9,0,3,0
2025,2025-05-08,778007,Minnesota Twins,1,5,5,1,10,0,-5,1
2025,2025-05-08,778007,Baltimore Orioles,0,2,10,0,5,1,5,0
2025,2025-05-08,778006,Boston Red Sox,1,5,6,0,5,0,1,1
2025,2025-05-08,778006,Texas Rangers,0,0,5,0,6,0,-1,0
2025,2025-05-08,778008,Kansas City Royals,1,10,17,0,6,0,11,1
2025,2025-05-08,778008,Chicago White Sox,0,0,6,0,17,0,-11,0
2025,2025-05-08,778004,Colorado Rockies,1,2,4,3,14,0,-10,0
2025,2025-05-08,778004,Detroit Tigers,0,10,14,0,4,3,10,1
2025,2025-05-08,778029,Colorado Rockies,1,1,5,2,14,0,-9,0
2025,2025-05-08,778029,Detroit Tigers,0,11,14,0,5,2,9,1
2025,2025-05-08,778005,Tampa Bay Rays,1,6,14,1,9,0,5,0
2025,2025-05-08,778005,Philadelphia Phillies,0,7,9,0,14,1,-5,1
2025,2025-05-08,778003,Atlanta Braves,1,5,10,1,9,1,1,1
2025,2025-05-08,778003,Cincinnati Reds,0,4,9,1,10,1,-1,0
2025,2025-05-08,778000,Los Angeles Angels,1,5,9,1,14,2,-5,0
2025,2025-05-08,778000,Toronto Blue Jays,0,8,14,2,9,1,5,1
2025,2025-05-08,777999,Arizona Diamondbacks,1,5,9,0,9,0,0,1
2025,2025-05-08,777999,Los Angeles Dodgers,0,3,9,0,9,0,0,0
2025,2025-05-09,777996,Detroit Tigers,1,2,3,0,3,0,0,1
2025,2025-05-09,777996,Texas Rangers,0,1,3,0,3,0,0,0
2025,2025-05-09,777998,Pittsburgh Pirates,1,3,5,0,7,0,-2,1
2025,2025-05-09,777998,Atlanta Braves,0,2,7,0,5,0,2,0
2025,2025-05-09,777995,Washington Nationals,1,0,6,1,11,0,-5,0
2025,2025-05-09,777995,St. Louis Cardinals,0,10,11,0,6,1,5,1
2025,2025-05-09,778002,Tampa Bay Rays,1,4,7,0,8,3,-1,1
2025,2025-05-09,778002,Milwaukee Brewers,0,3,8,3,7,0,1,0
2025,2025-05-09,778001,New York Mets,1,7,13,1,5,1,8,1
2025,2025-05-09,778001,Chicago Cubs,0,2,5,1,13,1,-8,0
2025,2025-05-09,777997,Cleveland Guardians,1,6,9,1,6,0,3,1
2025,2025-05-09,777997,Philadelphia Phillies,0,0,6,0,9,1,-3,0
2025,2025-05-09,777990,Kansas City Royals,1,2,8,0,6,0,2,1
2025,2025-05-09,777990,Boston Red Sox,0,1,6,0,8,0,-2,0
2025,2025-05-09,777991,Chicago White Sox,1,6,6,1,7,1,-1,1
2025,2025-05-09,777991,Miami Marlins,0,2,7,1,6,1,1,0
2025,2025-05-09,777989,Houston Astros,1,3,13,0,4,0,9,1
2025,2025-05-09,777989,Cincinnati Reds,0,0,4,0,13,0,-9,0
2025,2025-05-09,777992,Minnesota Twins,1,3,7,0,3,1,4,1
2025,2025-05-09,777992,San Francisco Giants,0,1,3,1,7,0,-4,0
2025,2025-05-09,777993,Colorado Rockies,1,9,15,3,16,2,-1,0
2025,2025-05-09,777993,San Diego Padres,0,13,16,2,15,3,1,1
2025,2025-05-09,777986,Los Angeles Angels,1,1,4,0,9,0,-5,0
2025,2025-05-09,777986,Baltimore Orioles,0,4,9,0,4,0,5,1
2025,2025-05-09,777988,Arizona Diamondbacks,1,11,11,1,15,0,-4,0
2025,2025-05-09,777988,Los Angeles Dodgers,0,14,15,0,11,1,4,1
2025,2025-05-09,777984,Seattle Mariners,1,3,9,1,10,0,-1,0
2025,2025-05-09,777984,Toronto Blue Jays,0,6,10,0,9,1,1,1
2025,2025-05-09,777994,Athletics,1,2,7,2,14,0,-7,0
2025,2025-05-09,777994,New York Yankees,0,10,14,0,7,2,7,1
2025,2025-05-10,777980,Washington Nationals,1,2,7,0,7,0,0,0
2025,2025-05-10,777980,St. Louis Cardinals,0,4,7,0,7,0,0,1
2025,2025-05-10,777985,Pittsburgh Pirates,1,2,9,1,5,1,4,0
2025,2025-05-10,777985,Atlanta Braves,0,3,5,1,9,1,-4,1
2025,2025-05-10,777972,Athletics,1,11,14,1,9,1,5,1
2025,2025-05-10,777972,New York Yankees,0,7,9,1,14,1,-5,0
2025,2025-05-10,777981,Tampa Bay Rays,1,3,5,2,4,0,1,1
2025,2025-05-10,777981,Milwaukee Brewers,0,2,4,0,5,2,-1,0
2025,2025-05-10,777987,Detroit Tigers,1,3,7,0,10,0,-3,0
2025,2025-05-10,777987,Texas Rangers,0,10,10,0,7,0,3,1
2025,2025-05-10,777983,Cleveland Guardians,1,1,4,0,13,0,-9,0
2025,2025-05-10,777983,Philadelphia Phillies,0,7,13,0,4,0,9,1
2025,2025-05-10,777979,Houston Astros,1,9,14,0,12,0,2,0
2025,2025-05-10,777979,Cincinnati Reds,0,13,12,0,14,0,-2,1
2025,2025-05-10,777977,Kansas City Royals,1,1,9,0,15,2,-6,0
2025,2025-05-10,777977,Boston Red Sox,0,10,15,2,9,0,6,1
2025,2025-05-10,777978,Chicago White Sox,1,1,4,0,7,0,-3,0
2025,2025-05-10,777978,Miami Marlins,0,3,7,0,4,0,3,1
2025,2025-05-10,777982,New York Mets,1,5,8,1,9,0,-1,0
2025,2025-05-10,777982,Chicago Cubs,0,6,9,0,8,1,1,1
2025,2025-05-10,777974,Minnesota Twins,1,2,5,0,4,1,1,1
2025,2025-05-10,777974,San Francisco Giants,0,1,4,1,5,0,-1,0
2025,2025-05-10,777975,Arizona Diamondbacks,1,3,9,0,5,0,4,1
2025,2025-05-10,777975,Los Angeles Dodgers,0,0,5,0,9,0,-4,0
2025,2025-05-10,777976,Colorado Rockies,1,0,5,1,24,0,-19,0
2025,2025-05-10,777976,San Diego Padres,0,21,24,0,5,1,19,1
2025,2025-05-10,777973,Los Angeles Angels,1,5,7,1,6,0,1,1
2025,2025-05-10,777973,Baltimore Orioles,0,2,6,0,7,1,-1,0
2025,2025-05-10,777970,Seattle Mariners,1,3,6,0,10,0,-4,0
2025,2025-05-10,777970,Toronto Blue Jays,0,6,10,0,6,0,4,1
2025,2025-05-11,777968,New York Mets,1,6,12,0,3,0,9,1
2025,2025-05-11,777968,Chicago Cubs,0,2,3,0,12,0,-9,0
2025,2025-05-11,777962,Washington Nationals,1,1,5,0,9,0,-4,0
2025,2025-05-11,777962,St. Louis Cardinals,0,6,9,0,5,0,4,1
2025,2025-05-11,777967,Pittsburgh Pirates,1,4,11,0,8,0,3,1
2025,2025-05-11,777967,Atlanta Braves,0,3,8,0,11,0,-3,0
2025,2025-05-11,777969,Detroit Tigers,1,1,4,1,12,0,-8,0
2025,2025-05-11,777969,Texas Rangers,0,6,12,0,4,1,8,1
2025,2025-05-11,777964,Tampa Bay Rays,1,2,8,0,7,0,1,0
2025,2025-05-11,777964,Milwaukee Brewers,0,4,7,0,8,0,-1,1
2025,2025-05-11,777963,Houston Astros,1,6,9,0,2,1,7,1
2025,2025-05-11,777963,Cincinnati Reds,0,0,2,1,9,0,-7,0
2025,2025-05-11,777965,Kansas City Royals,1,1,4,0,8,2,-4,0
2025,2025-05-11,777965,Boston Red Sox,0,3,8,2,4,0,4,1
2025,2025-05-11,777956,Minnesota Twins,1,7,12,0,9,1,3,1
2025,2025-05-11,777956,San Francisco Giants,0,6,9,1,12,0,-3,0
2025,2025-05-11,777966,Chicago White Sox,1,4,7,1,7,0,0,1
2025,2025-05-11,777966,Miami Marlins,0,2,7,0,7,1,0,0
2025,2025-05-11,777955,Colorado Rockies,1,9,12,1,5,0,7,1
2025,2025-05-11,777955,San Diego Padres,0,3,5,0,12,1,-7,0
2025,2025-05-11,777957,Athletics,1,2,7,0,15,0,-8,0
2025,2025-05-11,777957,New York Yankees,0,12,15,0,7,0,8,1
2025,2025-05-11,777961,Los Angeles Angels,1,3,6,2,8,0,-2,0
2025,2025-05-11,777961,Baltimore Orioles,0,7,8,0,6,2,2,1
2025,2025-05-11,777954,Arizona Diamondbacks,1,1,6,0,18,0,-12,0
2025,2025-05-11,777954,Los Angeles Dodgers,0,8,18,0,6,0,12,1
2025,2025-05-11,777958,Seattle Mariners,1,1,4,0,15,0,-11,0
2025,2025-05-11,777958,Toronto Blue Jays,0,9,15,0,4,0,11,1
2025,2025-05-11,777971,Cleveland Guardians,1,0,3,0,6,0,-3,0
2025,2025-05-11,777971,Philadelphia Phillies,0,3,6,0,3,0,3,1
2025,2025-05-12,777960,Cleveland Guardians,1,5,6,0,7,0,-1,1
2025,2025-05-12,777960,Milwaukee Brewers,0,0,7,0,6,0,1,0
2025,2025-05-12,777951,Detroit Tigers,1,14,18,0,6,2,12,1
2025,2025-05-12,777951,Boston Red Sox,0,2,6,2,18,0,-12,0
2025,2025-05-12,777953,Philadelphia Phillies,1,2,9,0,5,0,4,0
2025,2025-05-12,777953,St. Louis Cardinals,0,3,5,0,9,0,-4,1
2025,2025-05-12,777950,New York Mets,1,4,10,1,6,0,4,1
2025,2025-05-12,777950,Pittsburgh Pirates,0,3,6,0,10,1,-4,0
2025,2025-05-12,777959,Atlanta Braves,1,4,10,1,8,0,2,1
2025,2025-05-12,777959,Washington Nationals,0,3,8,0,10,1,-2,0
2025,2025-05-12,777952,Chicago Cubs,1,5,8,0,7,0,1,1
2025,2025-05-12,777952,Miami Marlins,0,2,7,0,8,0,-1,0
2025,2025-05-12,777949,Texas Rangers,1,2,3,0,6,0,-3,1
2025,2025-05-12,777949,Colorado Rockies,0,1,6,0,3,0,3,0
2025,2025-05-12,777948,Houston Astros,1,5,11,0,11,2,0,0
2025,2025-05-12,777948,Kansas City Royals,0,7,11,2,11,0,0,1
2025,2025-05-12,777947,San Diego Padres,1,5,9,1,7,1,2,0
2025,2025-05-12,777947,Los Angeles Angels,0,9,7,1,9,1,-2,1
2025,2025-05-12,777941,Seattle Mariners,1,5,6,0,15,0,-9,0
2025,2025-05-12,777941,New York Yankees,0,11,15,0,6,0,9,1
2025,2025-05-12,777939,San Francisco Giants,1,1,8,0,9,0,-1,0
2025,2025-05-12,777939,Arizona Diamondbacks,0,2,9,0,8,0,1,1
2025,2025-05-13,777944,Cleveland Guardians,1,2,7,0,3,0,4,1
2025,2025-05-13,777944,Milwaukee Brewers,0,0,3,0,7,0,-4,0
2025,2025-05-13,777940,Detroit Tigers,1,10,11,0,14,1,-3,1
2025,2025-05-13,777940,Boston Red Sox,0,9,14,1,11,0,3,0
2025,2025-05-13,777945,Cincinnati Reds,1,1,6,0,9,0,-3,0
2025,2025-05-13,777945,Chicago White Sox,0,5,9,0,6,0,3,1
2025,2025-05-13,777935,Toronto Blue Jays,1,9,10,0,10,0,0,0
2025,2025-05-13,777935,Tampa Bay Rays,0,11,10,0,10,0,0,1
2025,2025-05-13,777943,New York Mets,1,2,5,2,6,0,-1,1
2025,2025-05-13,777943,Pittsburgh Pirates,0,1,6,0,5,2,1,0
2025,2025-05-13,777942,Atlanta Braves,1,5,11,0,5,1,6,1
2025,2025-05-13,777942,Washington Nationals,0,2,5,1,11,0,-6,0
2025,2025-05-13,777936,Chicago Cubs,1,5,6,1,9,2,-3,1
2025,2025-05-13,777936,Miami Marlins,0,4,9,2,6,1,3,0
2025,2025-05-13,777934,Texas Rangers,1,4,8,0,5,0,3,1
2025,2025-05-13,777934,Colorado Rockies,0,1,5,0,8,0,-3,0
2025,2025-05-13,777931,Houston Astros,1,2,7,0,6,0,1,1
2025,2025-05-13,777931,Kansas City Royals,0,1,6,0,7,0,-1,0
2025,2025-05-13,777932,San Diego Padres,1,6,6,0,8,2,-2,1
2025,2025-05-13,777932,Los Angeles Angels,0,4,8,2,6,0,2,0
2025,2025-05-13,777926,Seattle Mariners,1,2,6,1,5,0,1,1
2025,2025-05-13,777926,New York Yankees,0,1,5,0,6,1,-1,0
2025,2025-05-13,777930,San Francisco Giants,1,10,13,0,11,2,2,1
2025,2025-05-13,777930,Arizona Diamondbacks,0,6,11,2,13,0,-2,0
2025,2025-05-13,777937,Los Angeles Dodgers,1,1,8,1,18,1,-10,0
2025,2025-05-13,777937,Athletics,0,11,18,1,8,1,10,1
2025,2025-05-14,777924,Baltimore Orioles,1,3,4,1,9,4,-5,0
2025,2025-05-14,777924,Minnesota Twins,0,6,9,4,4,1,5,1
2025,2025-05-14,777938,Baltimore Orioles,1,6,11,0,10,0,1,0
2025,2025-05-14,777938,Minnesota Twins,0,8,10,0,11,0,-1,1
2025,2025-05-14,777922,Philadelphia Phillies,1,2,7,0,6,0,1,1
2025,2025-05-14,777922,St. Louis Cardinals,0,1,6,0,7,0,-1,0
2025,2025-05-14,777933,Philadelphia Phillies,1,7,10,1,19,0,-9,0
2025,2025-05-14,777933,St. Louis Cardinals,0,14,19,0,10,1,9,1
2025,2025-05-14,777925,Cleveland Guardians,1,5,7,0,13,0,-6,0
2025,2025-05-14,777925,Milwaukee Brewers,0,9,13,0,7,0,6,1
2025,2025-05-14,777916,San Francisco Giants,1,7,11,0,13,0,-2,0
2025,2025-05-14,777916,Arizona Diamondbacks,0,8,13,0,11,0,2,1
2025,2025-05-14,777915,Seattle Mariners,1,2,6,0,9,0,-3,0
2025,2025-05-14,777915,New York Yankees,0,3,9,0,6,0,3,1
2025,2025-05-14,777927,Detroit Tigers,1,6,10,0,11,1,-1,1
2025,2025-05-14,777927,Boston Red Sox,0,5,11,1,10,0,1,0
2025,2025-05-14,777923,Toronto Blue Jays,1,3,8,2,7,1,1,1
2025,2025-05-14,777923,Tampa Bay Rays,0,1,7,1,8,2,-1,0
2025,2025-05-14,777919,New York Mets,1,0,6,0,9,0,-3,0
2025,2025-05-14,777919,Pittsburgh Pirates,0,4,9,0,6,0,3,1
2025,2025-05-14,777928,Cincinnati Reds,1,2,9,0,10,0,-1,0
2025,2025-05-14,777928,Chicago White Sox,0,4,10,0,9,0,1,1
2025,2025-05-14,777929,Atlanta Braves,1,4,8,2,11,1,-3,0
2025,2025-05-14,777929,Washington Nationals,0,5,11,1,8,2,3,1
2025,2025-05-14,777921,Chicago Cubs,1,1,5,0,6,0,-1,0
2025,2025-05-14,777921,Miami Marlins,0,3,6,0,5,0,1,1
2025,2025-05-14,777918,Texas Rangers,1,8,11,0,7,0,4,1
2025,2025-05-14,777918,Colorado Rockies,0,3,7,0,11,0,-4,0
2025,2025-05-14,777920,Houston Astros,1,4,8,0,8,0,0,1
2025,2025-05-14,777920,Kansas City Royals,0,3,8,0,8,0,0,0
2025,2025-05-14,777914,San Diego Padres,1,5,7,0,4,1,3,1
2025,2025-05-14,777914,Los Angeles Angels,0,1,4,1,7,0,-3,0
2025,2025-05-14,777917,Los Angeles Dodgers,1,9,13,0,5,0,8,1
2025,2025-05-14,777917,Athletics,0,3,5,0,13,0,-8,0
2025,2025-05-15,777909,Atlanta Braves,1,5,9,1,6,1,3,1
2025,2025-05-15,777909,Washington Nationals,0,2,6,1,9,1,-3,0
2025,2025-05-15,777911,Baltimore Orioles,1,0,6,0,7,0,-1,0
2025,2025-05-15,777911,Minnesota Twins,0,4,7,0,6,0,1,1
2025,2025-05-15,777912,Cincinnati Reds,1,7,12,0,4,1,8,1
2025,2025-05-15,777912,Chicago White Sox,0,1,4,1,12,0,-8,0
2025,2025-05-15,777913,Toronto Blue Jays,1,3,8,0,14,0,-6,0
2025,2025-05-15,777913,Tampa Bay Rays,0,8,14,0,8,0,6,1
2025,2025-05-15,777910,Texas Rangers,1,1,3,1,5,0,-2,1
2025,2025-05-15,777910,Houston Astros,0,0,5,0,3,1,2,0
2025,2025-05-15,777946,Los Angeles Dodgers,1,19,18,0,3,0,15,1
2025,2025-05-15,777946,Athletics,0,2,3,0,18,0,-15,0
2025,2025-05-16,777900,Chicago Cubs,1,13,15,0,11,2,4,1
2025,2025-05-16,777900,Chicago White Sox,0,3,11,2,15,0,-4,0
2025,2025-05-16,777902,Cincinnati Reds,1,5,11,0,5,1,6,1
2025,2025-05-16,777902,Cleveland Guardians,0,4,5,1,11,0,-6,0
2025,2025-05-16,777905,Philadelphia Phillies,1,8,9,0,7,0,2,1
2025,2025-05-16,777905,Pittsburgh Pirates,0,4,7,0,9,0,-2,0
2025,2025-05-16,777907,Baltimore Orioles,1,3,14,2,5,1,9,0
2025,2025-05-16,777907,Washington Nationals,0,4,5,1,14,2,-9,1
2025,2025-05-16,777904,New York Yankees,1,6,8,0,5,1,3,1
2025,2025-05-16,777904,New York Mets,0,2,5,1,8,0,-3,0
2025,2025-05-16,777906,Toronto Blue Jays,1,4,10,0,10,0,0,0
2025,2025-05-16,777906,Detroit Tigers,0,5,10,0,10,0,0,1
2025,2025-05-16,777908,Boston Red Sox,1,2,6,0,7,0,-1,0
2025,2025-05-16,777908,Atlanta Braves,0,4,7,0,6,0,1,1
2025,2025-05-16,777903,Miami Marlins,1,9,13,1,7,1,6,1
2025,2025-05-16,777903,Tampa Bay Rays,0,4,7,1,13,1,-6,0
2025,2025-05-16,777901,Kansas City Royals,1,3,9,1,13,0,-4,0
2025,2025-05-16,777901,St. Louis Cardinals,0,10,13,0,9,1,4,1
2025,2025-05-16,777895,Texas Rangers,1,3,5,0,9,1,-4,0
2025,2025-05-16,777895,Houston Astros,0,6,9,1,5,0,4,1
2025,2025-05-16,777898,Milwaukee Brewers,1,0,5,0,9,0,-4,0
2025,2025-05-16,777898,Minnesota Twins,0,3,9,0,5,0,4,1
2025,2025-05-16,777897,Arizona Diamondbacks,1,8,12,0,2,0,10,1
2025,2025-05-16,777897,Colorado Rockies,0,0,2,0,12,0,-10,0
2025,2025-05-16,777896,San Diego Padres,1,1,8,0,10,0,-2,0
2025,2025-05-16,777896,Seattle Mariners,0,5,10,0,8,0,2,1
2025,2025-05-16,777899,Los Angeles Dodgers,1,2,7,0,10,0,-3,0
2025,2025-05-16,777899,Los Angeles Angels,0,6,10,0,7,0,3,1
2025,2025-05-16,777891,San Francisco Giants,1,9,13,0,5,0,8,1
2025,2025-05-16,777891,Athletics,0,1,5,0,13,0,-8,0
2025,2025-05-17,777888,New York Yankees,1,2,8,0,6,0,2,0
2025,2025-05-17,777888,New York Mets,0,3,6,0,8,0,-2,1
2025,2025-05-17,777881,Chicago Cubs,1,7,9,0,6,1,3,1
2025,2025-05-17,777881,Chicago White Sox,0,3,6,1,9,0,-3,0
2025,2025-05-17,777886,Toronto Blue Jays,1,2,4,0,4,0,0,1
2025,2025-05-17,777886,Detroit Tigers,0,1,4,0,4,0,0,0
2025,2025-05-17,777890,Baltimore Orioles,1,6,10,0,11,2,-1,0
2025,2025-05-17,777890,Washington Nationals,0,10,11,2,10,0,1,1
2025,2025-05-17,777889,Miami Marlins,1,0,6,0,10,0,-4,0
2025,2025-05-17,777889,Tampa Bay Rays,0,4,10,0,6,0,4,1
2025,2025-05-17,777894,Philadelphia Phillies,1,5,10,0,4,0,6,1
2025,2025-05-17,777894,Pittsburgh Pirates,0,2,4,0,10,0,-6,0
2025,2025-05-17,777892,Cincinnati Reds,1,4,9,1,8,0,1,1
2025,2025-05-17,777892,Cleveland Guardians,0,1,8,0,9,1,-1,0
2025,2025-05-17,777882,Texas Rangers,1,5,6,0,5,3,1,1
2025,2025-05-17,777882,Houston Astros,0,1,5,3,6,0,-1,0
2025,2025-05-17,777885,Kansas City Royals,1,0,4,1,2,0,2,0
2025,2025-05-17,777885,St. Louis Cardinals,0,1,2,0,4,1,-2,1
2025,2025-05-17,777893,Boston Red Sox,1,7,10,0,13,1,-3,1
2025,2025-05-17,777893,Atlanta Braves,0,6,13,1,10,0,3,0
2025,2025-05-17,777883,Milwaukee Brewers,1,0,3,0,18,0,-15,0
2025,2025-05-17,777883,Minnesota Twins,0,7,18,0,3,0,15,1
2025,2025-05-17,777887,Arizona Diamondbacks,1,12,15,0,19,2,-4,0
2025,2025-05-17,777887,Colorado Rockies,0,14,19,2,15,0,4,1
2025,2025-05-17,777875,San Diego Padres,1,1,8,0,6,0,2,0
2025,2025-05-17,777875,Seattle Mariners,0,4,6,0,8,0,-2,1
2025,2025-05-17,777879,San Francisco Giants,1,1,5,0,5,0,0,1
2025,2025-05-17,777879,Athletics,0,0,5,0,5,0,0,0
2025,2025-05-17,777884,Los Angeles Dodgers,1,9,15,1,13,1,2,0
2025,2025-05-17,777884,Los Angeles Angels,0,11,13,1,15,1,-2,1
2025,2025-05-18,777869,Texas Rangers,1,3,7,0,4,0,3,0
2025,2025-05-18,777869,Houston Astros,0,4,4,0,7,0,-3,1
2025,2025-05-18,777873,Baltimore Orioles,1,4,9,1,13,1,-4,0
2025,2025-05-18,777873,Washington Nationals,0,10,13,1,9,1,4,1
2025,2025-05-18,777880,Philadelphia Phillies,1,1,3,0,6,0,-3,1
2025,2025-05-18,777880,Pittsburgh Pirates,0,0,6,0,3,0,3,0
2025,2025-05-18,777876,Boston Red Sox,1,4,8,0,16,0,-8,0
2025,2025-05-18,777876,Atlanta Braves,0,10,16,0,8,0,8,1
2025,2025-05-18,777871,Toronto Blue Jays,1,2,7,0,11,2,-4,0
2025,2025-05-18,777871,Detroit Tigers,0,3,11,2,7,0,4,1
2025,2025-05-18,777874,Cincinnati Reds,1,3,9,0,9,1,0,1
2025,2025-05-18,777874,Cleveland Guardians,0,1,9,1,9,0,0,0
2025,2025-05-18,777877,Miami Marlins,1,5,10,1,3,1,7,1
2025,2025-05-18,777877,Tampa Bay Rays,0,1,3,1,10,1,-7,0
2025,2025-05-18,777864,Kansas City Royals,1,2,9,0,12,0,-3,1
2025,2025-05-18,777864,St. Louis Cardinals,0,1,12,0,9,0,3,0
2025,2025-05-18,777865,Milwaukee Brewers,1,5,5,1,6,0,-1,1
2025,2025-05-18,777865,Minnesota Twins,0,2,6,0,5,1,1,0
2025,2025-05-18,777872,Chicago Cubs,1,6,10,0,8,1,2,1
2025,2025-05-18,777872,Chicago White Sox,0,2,8,1,10,0,-2,0
2025,2025-05-18,777867,San Francisco Giants,1,3,5,0,4,0,1,1
2025,2025-05-18,777867,Athletics,0,2,4,0,5,0,-1,0
2025,2025-05-18,777870,Arizona Diamondbacks,1,1,4,0,3,0,1,1
2025,2025-05-18,777870,Colorado Rockies,0,0,3,0,4,0,-1,0
2025,2025-05-18,777866,Los Angeles Dodgers,1,4,5,0,8,1,-3,0
2025,2025-05-18,777866,Los Angeles Angels,0,6,8,1,5,0,3,1
2025,2025-05-18,777868,San Diego Padres,1,1,7,1,8,1,-1,0
2025,2025-05-18,777868,Seattle Mariners,0,6,8,1,7,1,1,1
2025,2025-05-18,777878,New York Yankees,1,8,7,1,3,2,4,1
2025,2025-05-18,777878,New York Mets,0,2,3,2,7,1,-4,0
2025,2025-05-19,777859,Pittsburgh Pirates,1,1,5,1,12,0,-7,0
2025,2025-05-19,777859,Cincinnati Reds,0,7,12,0,5,1,7,1
2025,2025-05-19,777863,Miami Marlins,1,8,11,0,12,0,-1,1
2025,2025-05-19,777863,Chicago Cubs,0,7,12,0,11,0,1,0
2025,2025-05-19,777856,Boston Red Sox,1,3,8,1,8,1,0,1
2025,2025-05-19,777856,New York Mets,0,1,8,1,8,1,0,0
2025,2025-05-19,777858,Tampa Bay Rays,1,3,7,0,11,0,-4,0
2025,2025-05-19,777858,Houston Astros,0,4,11,0,7,0,4,1
2025,2025-05-19,777861,Minnesota Twins,1,6,12,0,8,0,4,1
2025,2025-05-19,777861,Cleveland Guardians,0,5,8,0,12,0,-4,0
2025,2025-05-19,777857,Chicago White Sox,1,1,5,1,8,0,-3,0
2025,2025-05-19,777857,Seattle Mariners,0,5,8,0,5,1,3,1
2025,2025-05-19,777860,Milwaukee Brewers,1,5,11,1,6,0,5,1
2025,2025-05-19,777860,Baltimore Orioles,0,4,6,0,11,1,-5,0
2025,2025-05-19,777862,St. Louis Cardinals,1,11,16,1,8,1,8,1
2025,2025-05-19,777862,Detroit Tigers,0,4,8,1,16,1,-8,0
2025,2025-05-19,777852,Colorado Rockies,1,3,6,1,17,1,-11,0
2025,2025-05-19,777852,Philadelphia Phillies,0,9,17,1,6,1,11,1
2025,2025-05-19,777855,San Francisco Giants,1,1,6,1,10,0,-4,0
2025,2025-05-19,777855,Kansas City Royals,0,3,10,0,6,1,4,1
2025,2025-05-19,777853,Athletics,1,3,7,0,8,0,-1,0
2025,2025-05-19,777853,Los Angeles Angels,0,4,8,0,7,0,1,1
2025,2025-05-19,777854,Los Angeles Dodgers,1,5,6,0,11,0,-5,0
2025,2025-05-19,777854,Arizona Diamondbacks,0,9,11,0,6,0,5,1
2025,2025-05-20,777847,Pittsburgh Pirates,1,1,6,0,5,1,1,1
2025,2025-05-20,777847,Cincinnati Reds,0,0,5,1,6,0,-1,0
2025,2025-05-20,777850,Miami Marlins,1,1,6,0,21,0,-15,0
2025,2025-05-20,777850,Chicago Cubs,0,14,21,0,6,0,15,1
2025,2025-05-20,777851,Boston Red Sox,1,2,5,0,4,0,1,1
2025,2025-05-20,777851,New York Mets,0,0,4,0,5,0,-1,0
2025,2025-05-20,777841,Washington Nationals,1,5,8,0,7,1,1,1
2025,2025-05-20,777841,Atlanta Braves,0,3,7,1,8,0,-1,0
2025,2025-05-20,777848,Tampa Bay Rays,1,3,6,0,9,0,-3,1
2025,2025-05-20,777848,Houston Astros,0,2,9,0,6,0,3,0
2025,2025-05-20,777849,New York Yankees,1,5,9,0,8,0,1,1
2025,2025-05-20,777849,Texas Rangers,0,2,8,0,9,0,-1,0
2025,2025-05-20,777845,Toronto Blue Jays,1,3,3,0,5,0,-2,1
2025,2025-05-20,777845,San Diego Padres,0,0,5,0,3,0,2,0
2025,2025-05-20,777846,Chicago White Sox,1,1,7,1,4,0,3,1
2025,2025-05-20,777846,Seattle Mariners,0,0,4,0,7,1,-3,0
2025,2025-05-20,777844,Milwaukee Brewers,1,5,7,0,8,2,-1,1
2025,2025-05-20,777844,Baltimore Orioles,0,2,8,2,7,0,1,0
2025,2025-05-20,777840,St. Louis Cardinals,1,4,8,0,7,0,1,0
2025,2025-05-20,777840,Detroit Tigers,0,5,7,0,8,0,-1,1
2025,2025-05-20,777842,Colorado Rockies,1,4,8,1,17,1,-9,0
2025,2025-05-20,777842,Philadelphia Phillies,0,7,17,1,8,1,9,1
2025,2025-05-20,777836,San Francisco Giants,1,3,8,1,7,2,1,1
2025,2025-05-20,777836,Kansas City Royals,0,2,7,2,8,1,-1,0
2025,2025-05-20,777843,Athletics,1,5,12,0,11,1,1,0
2025,2025-05-20,777843,Los Angeles Angels,0,7,11,1,12,0,-1,1
2025,2025-05-20,777838,Los Angeles Dodgers,1,4,7,0,7,0,0,1
2025,2025-05-20,777838,Arizona Diamondbacks,0,3,7,0,7,0,0,0
2025,2025-05-21,777834,Pittsburgh Pirates,1,3,9,0,4,1,5,1
2025,2025-05-21,777834,Cincinnati Reds,0,1,4,1,9,0,-5,0
2025,2025-05-21,777832,Tampa Bay Rays,1,8,10,0,7,3,3,1
2025,2025-05-21,777832,Houston Astros,0,4,7,3,10,0,-3,0
2025,2025-05-21,777833,Miami Marlins,1,1,6,1,8,0,-2,0
2025,2025-05-21,777833,Chicago Cubs,0,2,8,0,6,1,2,1
2025,2025-05-21,777826,Milwaukee Brewers,1,4,7,1,14,0,-7,0
2025,2025-05-21,777826,Baltimore Orioles,0,8,14,0,7,1,7,1
2025,2025-05-21,777827,St. Louis Cardinals,1,1,5,0,7,0,-2,0
2025,2025-05-21,777827,Detroit Tigers,0,5,7,0,5,0,2,1
2025,2025-05-21,777830,Chicago White Sox,1,5,8,2,7,1,1,0
2025,2025-05-21,777830,Seattle Mariners,0,6,7,1,8,2,-1,1
2025,2025-05-21,777819,San Francisco Giants,1,4,8,2,16,0,-8,0
2025,2025-05-21,777819,Kansas City Royals,0,8,16,0,8,2,8,1
2025,2025-05-21,777829,Minnesota Twins,1,1,3,0,11,0,-8,0
2025,2025-05-21,777829,Cleveland Guardians,0,5,11,0,3,0,8,1
2025,2025-05-21,777831,Boston Red Sox,1,1,6,0,10,0,-4,0
2025,2025-05-21,777831,New York Mets,0,5,10,0,6,0,4,1
2025,2025-05-21,777835,New York Yankees,1,4,5,0,10,0,-5,1
2025,2025-05-21,777835,Texas Rangers,0,3,10,0,5,0,5,0
2025,2025-05-21,777837,Toronto Blue Jays,1,14,14,1,5,4,9,1
2025,2025-05-21,777837,San Diego Padres,0,0,5,4,14,1,-9,0
2025,2025-05-21,777823,Colorado Rockies,1,5,11,3,12,0,-1,0
2025,2025-05-21,777823,Philadelphia Phillies,0,9,12,0,11,3,1,1
2025,2025-05-21,777828,Athletics,1,5,12,0,14,1,-2,0
2025,2025-05-21,777828,Los Angeles Angels,0,10,14,1,12,0,2,1
2025,2025-05-21,777824,Los Angeles Dodgers,1,3,5,0,7,0,-2,1
2025,2025-05-21,777824,Arizona Diamondbacks,0,1,7,0,5,0,2,0
2025,2025-05-22,777818,New York Yankees,1,1,5,0,4,0,1,1
2025,2025-05-22,777818,Texas Rangers,0,0,4,0,5,0,-1,0
2025,2025-05-22,777816,Toronto Blue Jays,1,7,12,0,8,1,4,1
2025,2025-05-22,777816,San Diego Padres,0,6,8,1,12,0,-4,0
2025,2025-05-22,777817,Colorado Rockies,1,0,7,2,4,0,3,0
2025,2025-05-22,777817,Philadelphia Phillies,0,2,4,0,7,2,-3,1
2025,2025-05-22,777812,Athletics,1,5,10,0,13,1,-3,0
2025,2025-05-22,777812,Los Angeles Angels,0,10,13,1,10,0,3,1
2025,2025-05-22,777821,Detroit Tigers,1,0,5,1,6,0,-1,0
2025,2025-05-22,777821,Cleveland Guardians,0,7,6,0,5,1,1,1
2025,2025-05-22,777814,Pittsburgh Pirates,1,5,9,0,10,0,-1,0
2025,2025-05-22,777814,Milwaukee Brewers,0,8,10,0,9,0,1,1
2025,2025-05-22,777820,Washington Nationals,1,8,12,2,10,0,2,1
2025,2025-05-22,777820,Atlanta Braves,0,7,10,0,12,2,-2,0
2025,2025-05-22,777822,Houston Astros,1,9,13,1,10,0,3,1
2025,2025-05-22,777822,Seattle Mariners,0,2,10,0,13,1,-3,0
2025,2025-05-23,777815,Boston Red Sox,1,19,20,0,14,2,6,1
2025,2025-05-23,777815,Baltimore Orioles,0,5,14,2,20,0,-6,0
2025,2025-05-23,777811,Cincinnati Reds,1,6,13,0,13,2,0,0
2025,2025-05-23,777811,Chicago Cubs,0,13,13,2,13,0,0,1
2025,2025-05-23,777806,Pittsburgh Pirates,1,6,12,1,11,1,1,1
2025,2025-05-23,777806,Milwaukee Brewers,0,5,11,1,12,1,-1,0
2025,2025-05-23,777801,Washington Nationals,1,0,5,0,7,0,-2,0
2025,2025-05-23,777801,San Francisco Giants,0,4,7,0,5,0,2,1
2025,2025-05-23,777810,Tampa Bay Rays,1,3,8,0,4,0,4,1
2025,2025-05-23,777810,Toronto Blue Jays,0,1,4,0,8,0,-4,0
2025,2025-05-23,777807,Detroit Tigers,1,1,6,0,8,0,-2,0
2025,2025-05-23,777807,Cleveland Guardians,0,3,8,0,6,0,2,1
2025,2025-05-23,777808,New York Mets,1,5,7,0,10,1,-3,0
2025,2025-05-23,777808,Los Angeles Dodgers,0,7,10,1,7,0,3,1
2025,2025-05-23,777813,Atlanta Braves,1,1,6,0,6,0,0,0
2025,2025-05-23,777813,San Diego Padres,0,2,6,0,6,0,0,1
2025,2025-05-23,777805,Chicago White Sox,1,4,8,0,3,1,5,1
2025,2025-05-23,777805,Texas Rangers,0,1,3,1,8,0,-5,0
2025,2025-05-23,777800,Houston Astros,1,3,11,0,10,0,1,0
2025,2025-05-23,777800,Seattle Mariners,0,5,10,0,11,0,-1,1
2025,2025-05-23,777799,Minnesota Twins,1,3,6,0,8,1,-2,1
2025,2025-05-23,777799,Kansas City Royals,0,1,8,1,6,0,2,0
2025,2025-05-23,777797,St. Louis Cardinals,1,4,4,0,8,0,-4,1
2025,2025-05-23,777797,Arizona Diamondbacks,0,3,8,0,4,0,4,0
2025,2025-05-23,777802,Colorado Rockies,1,3,8,0,5,0,3,1
2025,2025-05-23,777802,New York Yankees,0,2,5,0,8,0,-3,0
2025,2025-05-23,777798,Los Angeles Angels,1,7,6,0,14,0,-8,1
2025,2025-05-23,777798,Miami Marlins,0,4,14,0,6,0,8,0
2025,2025-05-23,777804,Athletics,1,3,7,1,8,0,-1,0
2025,2025-05-23,777804,Philadelphia Phillies,0,4,8,0,7,1,1,1
2025,2025-05-24,777809,Boston Red Sox,1,6,7,0,7,1,0,1
2025,2025-05-24,777809,Baltimore Orioles,0,5,7,1,7,0,0,0
2025,2025-05-24,777790,Boston Red Sox,1,1,5,0,8,0,-3,0
2025,2025-05-24,777790,Baltimore Orioles,0,2,8,0,5,0,3,1
2025,2025-05-24,777788,Minnesota Twins,1,5,9,0,11,0,-2,1
2025,2025-05-24,777788,Kansas City Royals,0,4,11,0,9,0,2,0
2025,2025-05-24,777786,St. Louis Cardinals,1,6,8,0,12,0,-4,1
2025,2025-05-24,777786,Arizona Diamondbacks,0,5,12,0,8,0,4,0
2025,2025-05-24,777793,Washington Nationals,1,3,8,1,3,0,5,1
2025,2025-05-24,777793,San Francisco Giants,0,0,3,0,8,1,-5,0
2025,2025-05-24,777794,Pittsburgh Pirates,1,2,9,0,11,0,-2,1
2025,2025-05-24,777794,Milwaukee Brewers,0,1,11,0,9,0,2,0
2025,2025-05-24,777791,Cincinnati Reds,1,6,9,0,11,1,-2,1
2025,2025-05-24,777791,Chicago Cubs,0,4,11,1,9,0,2,0
2025,2025-05-24,777787,Houston Astros,1,2,12,0,5,1,7,1
2025,2025-05-24,777787,Seattle Mariners,0,1,5,1,12,0,-7,0
2025,2025-05-24,777803,Atlanta Braves,1,7,13,0,6,0,7,1
2025,2025-05-24,777803,San Diego Padres,0,1,6,0,13,0,-7,0
2025,2025-05-24,777792,Chicago White Sox,1,10,13,2,7,2,6,1
2025,2025-05-24,777792,Texas Rangers,0,5,7,2,13,2,-6,0
2025,2025-05-24,777782,Colorado Rockies,1,1,8,1,21,1,-13,0
2025,2025-05-24,777782,New York Yankees,0,13,21,1,8,1,13,1
2025,2025-05-24,777795,Tampa Bay Rays,1,3,3,0,6,0,-3,1
2025,2025-05-24,777795,Toronto Blue Jays,0,1,6,0,3,0,3,0
2025,2025-05-24,777796,Detroit Tigers,1,5,5,1,11,0,-6,0
2025,2025-05-24,777796,Cleveland Guardians,0,7,11,0,5,1,6,1
2025,2025-05-24,777789,New York Mets,1,5,11,0,5,0,6,1
2025,2025-05-24,777789,Los Angeles Dodgers,0,2,5,0,11,0,-6,0
2025,2025-05-24,777784,Athletics,1,6,15,1,10,2,5,0
2025,2025-05-24,777784,Philadelphia Phillies,0,9,10,2,15,1,-5,1
2025,2025-05-24,777781,Los Angeles Angels,1,2,9,1,11,0,-2,0
2025,2025-05-24,777781,Miami Marlins,0,6,11,0,9,1,2,1
2025,2025-05-25,777780,Detroit Tigers,1,5,8,0,2,3,6,1
2025,2025-05-25,777780,Cleveland Guardians,0,0,2,3,8,0,-6,0
2025,2025-05-25,777785,Boston Red Sox,1,1,10,3,7,0,3,0
2025,2025-05-25,777785,Baltimore Orioles,0,5,7,0,10,3,-3,1
2025,2025-05-25,777778,Washington Nationals,1,2,5,1,5,0,0,0
2025,2025-05-25,777778,San Francisco Giants,0,3,5,0,5,1,0,1
2025,2025-05-25,777776,Pittsburgh Pirates,1,5,12,1,7,1,5,0
2025,2025-05-25,777776,Milwaukee Brewers,0,6,7,1,12,1,-5,1
2025,2025-05-25,777779,Cincinnati Reds,1,8,11,0,13,0,-2,0
2025,2025-05-25,777779,Chicago Cubs,0,11,13,0,11,0,2,1
2025,2025-05-25,777775,Tampa Bay Rays,1,13,15,0,4,1,11,1
2025,2025-05-25,777775,Toronto Blue Jays,0,0,4,1,15,0,-11,0
2025,2025-05-25,777774,Houston Astros,1,5,13,0,11,1,2,1
2025,2025-05-25,777774,Seattle Mariners,0,3,11,1,13,0,-2,0
2025,2025-05-25,777772,Minnesota Twins,1,1,3,1,9,0,-6,0
2025,2025-05-25,777772,Kansas City Royals,0,2,9,0,3,1,6,1
2025,2025-05-25,777777,Chicago White Sox,1,4,9,0,7,0,2,0
2025,2025-05-25,777777,Texas Rangers,0,5,7,0,9,0,-2,1
2025,2025-05-25,777766,St. Louis Cardinals,1,4,8,0,10,0,-2,1
2025,2025-05-25,777766,Arizona Diamondbacks,0,3,10,0,8,0,2,0
2025,2025-05-25,777768,Colorado Rockies,1,4,8,0,9,0,-1,0
2025,2025-05-25,777768,New York Yankees,0,5,9,0,8,0,1,1
2025,2025-05-25,777765,Athletics,1,5,11,0,7,0,4,1
2025,2025-05-25,777765,Philadelphia Phillies,0,4,7,0,11,0,-4,0
2025,2025-05-25,777767,Los Angeles Angels,1,0,3,0,8,0,-5,0
2025,2025-05-25,777767,Miami Marlins,0,3,8,0,3,0,5,1
2025,2025-05-25,777783,Atlanta Braves,1,3,7,1,9,0,-2,0
2025,2025-05-25,777783,San Diego Padres,0,5,9,0,7,1,2,1
2025,2025-05-25,777773,New York Mets,1,3,6,1,6,4,0,1
2025,2025-05-25,777773,Los Angeles Dodgers,0,1,6,4,6,1,0,0
2025,2025-05-26,777770,Detroit Tigers,1,3,7,0,5,1,2,1
2025,2025-05-26,777770,San Francisco Giants,0,1,5,1,7,0,-2,0
2025,2025-05-26,777764,Milwaukee Brewers,1,3,7,0,7,0,0,1
2025,2025-05-26,777764,Boston Red Sox,0,2,7,0,7,0,0,0
2025,2025-05-26,777757,Chicago Cubs,1,3,4,0,5,1,-1,1
2025,2025-05-26,777757,Colorado Rockies,0,1,5,1,4,0,1,0
2025,2025-05-26,777771,Baltimore Orioles,1,5,10,1,4,2,6,1
2025,2025-05-26,777771,St. Louis Cardinals,0,2,4,2,10,1,-6,0
2025,2025-05-26,777759,Texas Rangers,1,1,5,0,8,0,-3,0
2025,2025-05-26,777759,Toronto Blue Jays,0,2,8,0,5,0,3,1
2025,2025-05-26,777760,Kansas City Royals,1,4,7,1,14,0,-7,0
2025,2025-05-26,777760,Cincinnati Reds,0,7,14,0,7,1,7,1
2025,2025-05-26,777758,New York Mets,1,2,7,0,4,0,3,1
2025,2025-05-26,777758,Chicago White Sox,0,1,4,0,7,0,-3,0
2025,2025-05-26,777769,Cleveland Guardians,1,2,6,0,8,1,-2,0
2025,2025-05-26,777769,Los Angeles Dodgers,0,7,8,1,6,0,2,1
2025,2025-05-26,777762,Tampa Bay Rays,1,7,13,0,5,1,8,1
2025,2025-05-26,777762,Minnesota Twins,0,2,5,1,13,0,-8,0
2025,2025-05-26,777761,Arizona Diamondbacks,1,5,10,1,6,0,4,1
2025,2025-05-26,777761,Pittsburgh Pirates,0,0,6,0,10,1,-4,0
2025,2025-05-26,777756,San Diego Padres,1,4,5,0,7,1,-2,1
2025,2025-05-26,777756,Miami Marlins,0,3,7,1,5,0,2,0
2025,2025-05-26,777763,Los Angeles Angels,1,1,5,1,6,0,-1,0
2025,2025-05-26,777763,New York Yankees,0,5,6,0,5,1,1,1
2025,2025-05-27,777753,Cleveland Guardians,1,5,7,1,13,0,-6,0
2025,2025-05-27,777753,Los Angeles Dodgers,0,9,13,0,7,1,6,1
2025,2025-05-27,777754,Baltimore Orioles,1,4,8,0,14,1,-6,0
2025,2025-05-27,777754,St. Louis Cardinals,0,7,14,1,8,0,6,1
2025,2025-05-27,777755,Detroit Tigers,1,3,7,0,6,0,1,1
2025,2025-05-27,777755,San Francisco Giants,0,1,6,0,7,0,-1,0
2025,2025-05-27,777748,Philadelphia Phillies,1,2,5,1,5,0,0,1
2025,2025-05-27,777748,Atlanta Braves,0,0,5,0,5,1,0,0
2025,2025-05-27,777746,Tampa Bay Rays,1,2,6,1,7,0,-1,0
2025,2025-05-27,777746,Minnesota Twins,0,4,7,0,6,1,1,1
2025,2025-05-27,777749,New York Mets,1,6,12,0,8,0,4,1
2025,2025-05-27,777749,Chicago White Sox,0,4,8,0,12,0,-4,0
2025,2025-05-27,777750,Kansas City Royals,1,2,8,1,10,0,-2,0
2025,2025-05-27,777750,Cincinnati Reds,0,7,10,0,8,1,2,1
2025,2025-05-27,777747,Milwaukee Brewers,1,5,7,0,7,0,0,1
2025,2025-05-27,777747,Boston Red Sox,0,1,7,0,7,0,0,0
2025,2025-05-27,777751,Chicago Cubs,1,4,10,0,7,0,3,1
2025,2025-05-27,777751,Colorado Rockies,0,3,7,0,10,0,-3,0
2025,2025-05-27,777741,Texas Rangers,1,2,6,0,4,2,2,1
2025,2025-05-27,777741,Toronto Blue Jays,0,0,4,2,6,0,-2,0
2025,2025-05-27,777752,Houston Astros,1,11,13,0,7,0,6,1
2025,2025-05-27,777752,Athletics,0,1,7,0,13,0,-6,0
2025,2025-05-27,777745,Los Angeles Angels,1,2,8,1,6,0,2,0
2025,2025-05-27,777745,New York Yankees,0,3,6,0,8,1,-2,1
2025,2025-05-27,777744,Arizona Diamondbacks,1,6,8,1,12,1,-4,0
2025,2025-05-27,777744,Pittsburgh Pirates,0,9,12,1,8,1,4,1
2025,2025-05-27,777743,Seattle Mariners,1,9,12,0,4,1,8,1
2025,2025-05-27,777743,Washington Nationals,0,1,4,1,12,0,-8,0
2025,2025-05-27,777742,San Diego Padres,1,8,13,1,10,3,3,1
2025,2025-05-27,777742,Miami Marlins,0,6,10,3,13,1,-3,0
2025,2025-05-28,777739,Cleveland Guardians,1,7,15,0,7,0,8,1
2025,2025-05-28,777739,Los Angeles Dodgers,0,4,7,0,15,0,-8,0
2025,2025-05-28,777738,Detroit Tigers,1,4,7,0,10,1,-3,1
2025,2025-05-28,777738,San Francisco Giants,0,3,10,1,7,0,3,0
2025,2025-05-28,777732,Tampa Bay Rays,1,5,8,0,6,0,2,1
2025,2025-05-28,777732,Minnesota Twins,0,0,6,0,8,0,-2,0
2025,2025-05-28,777737,New York Mets,1,4,5,2,12,0,-7,0
2025,2025-05-28,777737,Chicago White Sox,0,9,12,0,5,2,7,1
2025,2025-05-28,777736,Milwaukee Brewers,1,6,8,1,9,3,-1,1
2025,2025-05-28,777736,Boston Red Sox,0,5,9,3,8,1,1,0
2025,2025-05-28,777734,Houston Astros,1,5,7,0,6,1,1,1
2025,2025-05-28,777734,Athletics,0,3,6,1,7,0,-1,0
2025,2025-05-28,777729,Arizona Diamondbacks,1,1,6,2,11,1,-5,0
2025,2025-05-28,777729,Pittsburgh Pirates,0,10,11,1,6,2,5,1
2025,2025-05-28,777726,San Diego Padres,1,8,9,1,13,1,-4,0
2025,2025-05-28,777726,Miami Marlins,0,10,13,1,9,1,4,1
2025,2025-05-28,777740,Baltimore Orioles,1,4,12,0,12,2,0,0
2025,2025-05-28,777740,St. Louis Cardinals,0,6,12,2,12,0,0,1
2025,2025-05-28,777733,Kansas City Royals,1,3,8,0,9,0,-1,1
2025,2025-05-28,777733,Cincinnati Reds,0,2,9,0,8,0,1,0
2025,2025-05-28,777731,Chicago Cubs,1,2,6,1,6,0,0,1
2025,2025-05-28,777731,Colorado Rockies,0,1,6,0,6,1,0,0
2025,2025-05-28,777724,Texas Rangers,1,0,1,0,8,0,-7,0
2025,2025-05-28,777724,Toronto Blue Jays,0,2,8,0,1,0,7,1
2025,2025-05-28,777728,Los Angeles Angels,1,0,5,0,7,0,-2,0
2025,2025-05-28,777728,New York Yankees,0,1,7,0,5,0,2,1
2025,2025-05-28,777730,Seattle Mariners,1,0,5,1,12,1,-7,0
2025,2025-05-28,777730,Washington Nationals,0,9,12,1,5,1,7,1
2025,2025-05-29,777735,Philadelphia Phillies,1,5,10,0,13,0,-3,1
2025,2025-05-29,777735,Atlanta Braves,0,4,13,0,10,0,3,0
2025,2025-05-29,777723,Philadelphia Phillies,1,3,7,0,8,0,-1,0
2025,2025-05-29,777723,Atlanta Braves,0,9,8,0,7,0,1,1
2025,2025-05-29,777727,Toronto Blue Jays,1,12,18,0,4,0,14,1
2025,2025-05-29,777727,Athletics,0,0,4,0,18,0,-14,0
2025,2025-05-29,777725,Houston Astros,1,3,8,1,14,1,-6,0
2025,2025-05-29,777725,Tampa Bay Rays,0,13,14,1,8,1,6,1
2025,2025-05-29,777722,Seattle Mariners,1,3,7,1,12,1,-5,0
2025,2025-05-29,777722,Washington Nationals,0,9,12,1,7,1,5,1
2025,2025-05-30,777712,Chicago Cubs,1,2,6,0,10,0,-4,0
2025,2025-05-30,777712,Cincinnati Reds,0,6,10,0,6,0,4,1
2025,2025-05-30,777720,Baltimore Orioles,1,2,7,0,6,0,1,1
2025,2025-05-30,777720,Chicago White Sox,0,1,6,0,7,0,-1,0
2025,2025-05-30,777715,Philadelphia Phillies,1,2,4,0,12,0,-8,0
2025,2025-05-30,777715,Milwaukee Brewers,0,6,12,0,4,0,8,1
2025,2025-05-30,777716,Toronto Blue Jays,1,11,15,1,10,0,5,1
2025,2025-05-30,777716,Athletics,0,7,10,0,15,1,-5,0
2025,2025-05-30,777721,Cleveland Guardians,1,1,6,1,13,0,-7,0
2025,2025-05-30,777721,Los Angeles Angels,0,4,13,0,6,1,7,1
2025,2025-05-30,777718,New York Mets,1,4,9,0,6,0,3,1
2025,2025-05-30,777718,Colorado Rockies,0,2,6,0,9,0,-3,0
2025,2025-05-30,777717,Miami Marlins,1,0,3,0,11,0,-8,0
2025,2025-05-30,777717,San Francisco Giants,0,2,11,0,3,0,8,1
2025,2025-05-30,777719,Atlanta Braves,1,1,6,0,11,1,-5,0
2025,2025-05-30,777719,Boston Red Sox,0,5,11,1,6,0,5,1
2025,2025-05-30,777709,Texas Rangers,1,11,15,0,5,1,10,1
2025,2025-05-30,777709,St. Louis Cardinals,0,1,5,1,15,0,-10,0
2025,2025-05-30,777711,Kansas City Royals,1,5,12,2,11,0,1,0
2025,2025-05-30,777711,Detroit Tigers,0,7,11,0,12,2,-1,1
2025,2025-05-30,777714,Houston Astros,1,2,7,0,3,1,4,1
2025,2025-05-30,777714,Tampa Bay Rays,0,1,3,1,7,0,-4,0
2025,2025-05-30,777710,Arizona Diamondbacks,1,7,12,1,11,1,1,0
2025,2025-05-30,777710,Washington Nationals,0,9,11,1,12,1,-1,1
2025,2025-05-30,777707,San Diego Padres,1,3,3,0,7,0,-4,1
2025,2025-05-30,777707,Pittsburgh Pirates,0,2,7,0,3,0,4,0
2025,2025-05-30,777713,Seattle Mariners,1,6,9,0,14,1,-5,0
2025,2025-05-30,777713,Minnesota Twins,0,12,14,1,9,0,5,1
2025,2025-05-30,777708,Los Angeles Dodgers,1,8,12,0,9,1,3,1
2025,2025-05-30,777708,New York Yankees,0,5,9,1,12,0,-3,0
2025,2025-05-31,777704,Chicago Cubs,1,2,8,0,1,0,7,1
2025,2025-05-31,777704,Cincinnati Reds,0,0,1,0,8,0,-7,0
2025,2025-05-31,777701,Toronto Blue Jays,1,8,10,0,11,0,-1,1
2025,2025-05-31,777701,Athletics,0,7,11,0,10,0,1,0
2025,2025-05-31,777697,Texas Rangers,1,0,4,0,5,0,-1,0
2025,2025-05-31,777697,St. Louis Cardinals,0,2,5,0,4,0,1,1
2025,2025-05-31,777699,Baltimore Orioles,1,4,5,0,8,0,-3,1
2025,2025-05-31,777699,Chicago White Sox,0,2,8,0,5,0,3,0
2025,2025-05-31,777702,Philadelphia Phillies,1,7,10,1,23,0,-13,0
2025,2025-05-31,777702,Milwaukee Brewers,0,17,23,0,10,1,13,1
2025,2025-05-31,777703,Cleveland Guardians,1,7,11,1,8,2,3,1
2025,2025-05-31,777703,Los Angeles Angels,0,5,8,2,11,1,-3,0
2025,2025-05-31,777694,Kansas City Royals,1,1,4,0,2,0,2,1
2025,2025-05-31,777694,Detroit Tigers,0,0,2,0,4,0,-2,0
2025,2025-05-31,777700,New York Mets,1,8,11,0,3,2,8,1
2025,2025-05-31,777700,Colorado Rockies,0,2,3,2,11,0,-8,0
2025,2025-05-31,777693,Houston Astros,1,3,10,0,18,0,-8,0
2025,2025-05-31,777693,Tampa Bay Rays,0,16,18,0,10,0,8,1
2025,2025-05-31,777706,Atlanta Braves,1,5,11,0,5,1,6,1
2025,2025-05-31,777706,Boston Red Sox,0,0,5,1,11,0,-6,0
2025,2025-05-31,777705,Miami Marlins,1,1,3,1,8,0,-5,1
2025,2025-05-31,777705,San Francisco Giants,0,0,8,0,3,1,5,0
2025,2025-05-31,777695,Seattle Mariners,1,5,10,1,12,0,-2,1
2025,2025-05-31,777695,Minnesota Twins,0,4,12,0,10,1,2,0
2025,2025-05-31,777698,Los Angeles Dodgers,1,18,21,0,7,0,14,1
2025,2025-05-31,777698,New York Yankees,0,2,7,0,21,0,-14,0
2025,2025-05-31,777691,San Diego Padres,1,0,2,0,12,0,-10,0
2025,2025-05-31,777691,Pittsburgh Pirates,0,5,12,0,2,0,10,1
2025,2025-05-31,777696,Arizona Diamondbacks,1,7,10,0,13,0,-3,0
2025,2025-05-31,777696,Washington Nationals,0,11,13,0,10,0,3,1
2025,2025-06-01,777678,Texas Rangers,1,8,9,1,5,1,4,1
2025,2025-06-01,777678,St. Louis Cardinals,0,1,5,1,9,1,-4,0
2025,2025-06-01,777692,Atlanta Braves,1,1,5,0,7,0,-2,0
2025,2025-06-01,777692,Boston Red Sox,0,3,7,0,5,0,2,1
2025,2025-06-01,777684,Baltimore Orioles,1,3,8,1,7,0,1,1
2025,2025-06-01,777684,Chicago White Sox,0,2,7,0,8,1,-1,0
2025,2025-06-01,777688,Philadelphia Phillies,1,2,6,2,9,0,-3,0
2025,2025-06-01,777688,Milwaukee Brewers,0,5,9,0,6,2,3,1
2025,2025-06-01,777685,Toronto Blue Jays,1,8,13,0,11,1,2,1
2025,2025-06-01,777685,Athletics,0,4,11,1,13,0,-2,0
2025,2025-06-01,777683,Cleveland Guardians,1,4,6,1,3,1,3,1
2025,2025-06-01,777683,Los Angeles Angels,0,2,3,1,6,1,-3,0
2025,2025-06-01,777686,New York Mets,1,5,5,0,5,0,0,1
2025,2025-06-01,777686,Colorado Rockies,0,3,5,0,5,0,0,0
2025,2025-06-01,777689,Miami Marlins,1,2,9,0,8,0,1,0
2025,2025-06-01,777689,San Francisco Giants,0,4,8,0,9,0,-1,1
2025,2025-06-01,777677,Kansas City Royals,1,0,9,0,5,0,4,0
2025,2025-06-01,777677,Detroit Tigers,0,1,5,0,9,0,-4,1
2025,2025-06-01,777690,Houston Astros,1,1,4,0,2,1,2,1
2025,2025-06-01,777690,Tampa Bay Rays,0,0,2,1,4,0,-2,0
2025,2025-06-01,777687,Chicago Cubs,1,7,10,0,4,2,6,1
2025,2025-06-01,777687,Cincinnati Reds,0,3,4,2,10,0,-6,0
2025,2025-06-01,777679,Arizona Diamondbacks,1,3,3,0,6,1,-3,1
2025,2025-06-01,777679,Washington Nationals,0,1,6,1,3,0,3,0
2025,2025-06-01,777680,Seattle Mariners,1,2,6,0,6,1,0,1
2025,2025-06-01,777680,Minnesota Twins,0,1,6,1,6,0,0,0
2025,2025-06-01,777681,San Diego Padres,1,6,8,0,7,0,1,1
2025,2025-06-01,777681,Pittsburgh Pirates,0,4,7,0,8,0,-1,0
2025,2025-06-01,777682,Los Angeles Dodgers,1,3,6,1,11,0,-5,0
2025,2025-06-01,777682,New York Yankees,0,7,11,0,6,1,5,1
2025,2025-06-02,777673,Miami Marlins,1,4,11,0,12,2,-1,0
2025,2025-06-02,777673,Colorado Rockies,0,6,12,2,11,0,1,1
2025,2025-06-02,777670,Boston Red Sox,1,6,11,2,8,0,3,0
2025,2025-06-02,777670,Los Angeles Angels,0,7,8,0,11,2,-3,1
2025,2025-06-02,777671,Cincinnati Reds,1,2,8,0,5,1,3,0
2025,2025-06-02,777671,Milwaukee Brewers,0,3,5,1,8,0,-3,1
2025,2025-06-02,777674,Chicago White Sox,1,1,5,0,16,0,-11,0
2025,2025-06-02,777674,Detroit Tigers,0,13,16,0,5,0,11,1
2025,2025-06-02,777676,San Francisco Giants,1,0,5,1,6,0,-1,0
2025,2025-06-02,777676,San Diego Padres,0,1,6,0,5,1,1,1
2025,2025-06-02,777669,Athletics,1,4,7,0,14,0,-7,0
2025,2025-06-02,777669,Minnesota Twins,0,10,14,0,7,0,7,1
2025,2025-06-02,777675,Los Angeles Dodgers,1,3,9,0,8,1,1,0
2025,2025-06-02,777675,New York Mets,0,4,8,1,9,0,-1,1
2025,2025-06-03,777663,Pittsburgh Pirates,1,0,4,1,5,0,-1,0
2025,2025-06-03,777663,Houston Astros,0,3,5,0,4,1,1,1
2025,2025-06-03,777666,Miami Marlins,1,2,6,1,7,0,-1,0
2025,2025-06-03,777666,Colorado Rockies,0,3,7,0,6,1,1,1
2025,2025-06-03,777659,Washington Nationals,1,3,7,0,9,1,-2,0
2025,2025-06-03,777659,Chicago Cubs,0,8,9,1,7,0,2,1
2025,2025-06-03,777664,New York Yankees,1,3,5,0,7,1,-2,1
2025,2025-06-03,777664,Cleveland Guardians,0,2,7,1,5,0,2,0
2025,2025-06-03,777665,Toronto Blue Jays,1,3,5,1,11,0,-6,0
2025,2025-06-03,777665,Philadelphia Phillies,0,8,11,0,5,1,6,1
2025,2025-06-03,777667,Boston Red Sox,1,3,10,4,7,0,3,0
2025,2025-06-03,777667,Los Angeles Angels,0,4,7,0,10,4,-3,1
2025,2025-06-03,777668,Cincinnati Reds,1,4,8,1,5,0,3,1
2025,2025-06-03,777668,Milwaukee Brewers,0,2,5,0,8,1,-3,0
2025,2025-06-03,777672,Atlanta Braves,1,3,6,0,11,1,-5,0
2025,2025-06-03,777672,Arizona Diamondbacks,0,8,11,1,6,0,5,1
2025,2025-06-03,777662,Tampa Bay Rays,1,5,8,0,4,1,4,1
2025,2025-06-03,777662,Texas Rangers,0,1,4,1,8,0,-4,0
2025,2025-06-03,777661,Chicago White Sox,1,8,10,0,7,1,3,1
2025,2025-06-03,777661,Detroit Tigers,0,1,7,1,10,0,-3,0
2025,2025-06-03,777660,St. Louis Cardinals,1,7,12,0,13,1,-1,0
2025,2025-06-03,777660,Kansas City Royals,0,10,13,1,12,0,1,1
2025,2025-06-03,777655,Seattle Mariners,1,1,7,0,13,0,-6,0
2025,2025-06-03,777655,Baltimore Orioles,0,5,13,0,7,0,6,1
2025,2025-06-03,777656,San Francisco Giants,1,2,7,0,10,1,-3,0
2025,2025-06-03,777656,San Diego Padres,0,3,10,1,7,0,3,1
2025,2025-06-03,777658,Athletics,1,3,7,1,12,0,-5,0
2025,2025-06-03,777658,Minnesota Twins,0,10,12,0,7,1,5,1
2025,2025-06-03,777657,Los Angeles Dodgers,1,6,7,1,8,1,-1,1
2025,2025-06-03,777657,New York Mets,0,5,8,1,7,1,1,0
2025,2025-06-04,777652,Miami Marlins,1,2,5,0,6,1,-1,0
2025,2025-06-04,777652,Colorado Rockies,0,3,6,1,5,0,1,1
2025,2025-06-04,777647,Cincinnati Reds,1,1,4,0,13,0,-9,0
2025,2025-06-04,777647,Milwaukee Brewers,0,9,13,0,4,0,9,1
2025,2025-06-04,777649,Boston Red Sox,1,11,12,1,12,2,0,1
2025,2025-06-04,777649,Los Angeles Angels,0,9,12,2,12,1,0,0
2025,2025-06-04,777648,Pittsburgh Pirates,1,3,8,0,7,0,1,1
2025,2025-06-04,777648,Houston Astros,0,0,7,0,8,0,-1,0
2025,2025-06-04,777650,Washington Nationals,1,2,4,0,5,0,-1,1
2025,2025-06-04,777650,Chicago Cubs,0,0,5,0,4,0,1,0
2025,2025-06-04,777653,New York Yankees,1,0,5,0,12,1,-7,0
2025,2025-06-04,777653,Cleveland Guardians,0,4,12,1,5,0,7,1
2025,2025-06-04,777651,Toronto Blue Jays,1,2,5,0,5,0,0,1
2025,2025-06-04,777651,Philadelphia Phillies,0,1,5,0,5,0,0,0
2025,2025-06-04,777654,Atlanta Braves,1,1,3,0,5,0,-2,0
2025,2025-06-04,777654,Arizona Diamondbacks,0,2,5,0,3,0,2,1
2025,2025-06-04,777646,Tampa Bay Rays,1,5,8,2,8,0,0,1
2025,2025-06-04,777646,Texas Rangers,0,4,8,0,8,2,0,0
2025,2025-06-04,777639,Chicago White Sox,1,4,7,1,10,1,-3,0
2025,2025-06-04,777639,Detroit Tigers,0,5,10,1,7,1,3,1
2025,2025-06-04,777645,Seattle Mariners,1,2,5,0,4,0,1,0
2025,2025-06-04,777645,Baltimore Orioles,0,3,4,0,5,0,-1,1
2025,2025-06-04,777641,San Francisco Giants,1,6,8,1,12,0,-4,1
2025,2025-06-04,777641,San Diego Padres,0,5,12,0,8,1,4,0
2025,2025-06-04,777643,Athletics,1,1,5,1,8,0,-3,0
2025,2025-06-04,777643,Minnesota Twins,0,6,8,0,5,1,3,1
2025,2025-06-04,777638,Los Angeles Dodgers,1,1,6,1,4,0,2,0
2025,2025-06-04,777638,New York Mets,0,6,4,0,6,1,-2,1
2025,2025-06-05,777640,Atlanta Braves,1,10,13,1,12,0,1,0
2025,2025-06-05,777640,Arizona Diamondbacks,0,11,12,0,13,1,-1,1
2025,2025-06-05,777642,St. Louis Cardinals,1,6,8,0,12,1,-4,1
2025,2025-06-05,777642,Kansas City Royals,0,5,12,1,8,0,4,0
2025,2025-06-05,777635,St. Louis Cardinals,1,5,7,0,12,0,-5,0
2025,2025-06-05,777635,Kansas City Royals,0,7,12,0,7,0,5,1
2025,2025-06-05,777634,Chicago White Sox,1,3,11,0,8,0,3,1
2025,2025-06-05,777634,Detroit Tigers,0,2,8,0,11,0,-3,0
2025,2025-06-05,777637,Toronto Blue Jays,1,9,14,0,5,0,9,1
2025,2025-06-05,777637,Philadelphia Phillies,0,1,5,0,14,0,-9,0
2025,2025-06-05,777636,Athletics,1,14,17,1,5,0,12,1
2025,2025-06-05,777636,Minnesota Twins,0,3,5,0,17,1,-12,0
2025,2025-06-05,777628,Seattle Mariners,1,3,9,0,6,0,3,0
2025,2025-06-05,777628,Baltimore Orioles,0,4,6,0,9,0,-3,1
2025,2025-06-05,777633,San Francisco Giants,1,3,6,0,7,0,-1,1
2025,2025-06-05,777633,San Diego Padres,0,2,7,0,6,0,1,0
2025,2025-06-05,777631,Los Angeles Dodgers,1,6,9,0,11,1,-2,1
2025,2025-06-05,777631,New York Mets,0,5,11,1,9,0,2,0
2025,2025-06-05,777630,Pittsburgh Pirates,1,2,5,0,10,1,-5,0
2025,2025-06-05,777630,Houston Astros,0,8,10,1,5,0,5,1
2025,2025-06-05,777632,Washington Nationals,1,1,8,1,15,0,-7,0
2025,2025-06-05,777632,Chicago Cubs,0,7,15,0,8,1,7,1
2025,2025-06-05,777644,New York Yankees,1,4,10,2,3,1,7,1
2025,2025-06-05,777644,Cleveland Guardians,0,0,3,1,10,2,-7,0
2025,2025-06-05,777629,Tampa Bay Rays,1,4,7,0,8,0,-1,1
2025,2025-06-05,777629,Texas Rangers,0,3,8,0,7,0,1,0
2025,2025-06-06,777625,Tampa Bay Rays,1,4,11,0,11,1,0,1
2025,2025-06-06,777625,Miami Marlins,0,3,11,1,11,0,0,0
2025,2025-06-06,777621,Pittsburgh Pirates,1,5,11,0,7,0,4,1
2025,2025-06-06,777621,Philadelphia Phillies,0,4,7,0,11,0,-4,0
2025,2025-06-06,777624,Washington Nationals,1,2,5,1,2,1,3,1
2025,2025-06-06,777624,Texas Rangers,0,0,2,1,5,1,-3,0
2025,2025-06-06,777627,New York Yankees,1,9,14,0,6,2,8,1
2025,2025-06-06,777627,Boston Red Sox,0,6,6,2,14,0,-8,0
2025,2025-06-06,777623,Cincinnati Reds,1,4,9,0,6,0,3,1
2025,2025-06-06,777623,Arizona Diamondbacks,0,3,6,0,9,0,-3,0
2025,2025-06-06,777626,Detroit Tigers,1,3,8,0,9,0,-1,1
2025,2025-06-06,777626,Chicago Cubs,0,1,9,0,8,0,1,0
2025,2025-06-06,777622,Cleveland Guardians,1,2,9,0,10,0,-1,0
2025,2025-06-06,777622,Houston Astros,0,4,10,0,9,0,1,1
2025,2025-06-06,777618,Chicago White Sox,1,7,7,0,7,2,0,1
2025,2025-06-06,777618,Kansas City Royals,0,2,7,2,7,0,0,0
2025,2025-06-06,777615,Minnesota Twins,1,4,7,1,7,0,0,0
2025,2025-06-06,777615,Toronto Blue Jays,0,6,7,0,7,1,0,1
2025,2025-06-06,777617,Milwaukee Brewers,1,0,4,0,8,0,-4,0
2025,2025-06-06,777617,San Diego Padres,0,2,8,0,4,0,4,1
2025,2025-06-06,777620,St. Louis Cardinals,1,5,7,0,10,0,-3,1
2025,2025-06-06,777620,Los Angeles Dodgers,0,0,10,0,7,0,3,0
2025,2025-06-06,777616,Colorado Rockies,1,2,9,0,10,0,-1,0
2025,2025-06-06,777616,New York Mets,0,4,10,0,9,0,1,1
2025,2025-06-06,777614,Los Angeles Angels,1,5,8,0,8,0,0,1
2025,2025-06-06,777614,Seattle Mariners,0,4,8,0,8,0,0,0
2025,2025-06-06,777613,Athletics,1,5,11,1,8,1,3,1
2025,2025-06-06,777613,Baltimore Orioles,0,4,8,1,11,1,-3,0
2025,2025-06-06,777619,San Francisco Giants,1,5,8,1,6,2,2,1
2025,2025-06-06,777619,Atlanta Braves,0,4,6,2,8,1,-2,0
2025,2025-06-07,777609,Detroit Tigers,1,1,7,0,7,0,0,0
2025,2025-06-07,777609,Chicago Cubs,0,6,7,0,7,0,0,1
2025,2025-06-07,777600,Minnesota Twins,1,4,7,0,10,0,-3,0
2025,2025-06-07,777600,Toronto Blue Jays,0,5,10,0,7,0,3,1
2025,2025-06-07,777601,St. Louis Cardinals,1,2,9,0,9,1,0,1
2025,2025-06-07,777601,Los Angeles Dodgers,0,1,9,1,9,0,0,0
2025,2025-06-07,777610,Washington Nationals,1,0,3,1,8,0,-5,0
2025,2025-06-07,777610,Texas Rangers,0,5,8,0,3,1,5,1
2025,2025-06-07,777607,Pittsburgh Pirates,1,2,5,0,4,0,1,1
2025,2025-06-07,777607,Philadelphia Phillies,0,1,4,0,5,0,-1,0
2025,2025-06-07,777598,San Francisco Giants,1,3,5,0,7,0,-2,1
2025,2025-06-07,777598,Atlanta Braves,0,2,7,0,5,0,2,0
2025,2025-06-07,777612,Cincinnati Reds,1,13,11,0,7,0,4,1
2025,2025-06-07,777612,Arizona Diamondbacks,0,1,7,0,11,0,-4,0
2025,2025-06-07,777608,Cleveland Guardians,1,3,6,0,6,0,0,0
2025,2025-06-07,777608,Houston Astros,0,5,6,0,6,0,0,1
2025,2025-06-07,777606,Chicago White Sox,1,4,9,0,8,0,1,1
2025,2025-06-07,777606,Kansas City Royals,0,1,8,0,9,0,-1,0
2025,2025-06-07,777611,Tampa Bay Rays,1,10,9,0,13,1,-4,0
2025,2025-06-07,777611,Miami Marlins,0,11,13,1,9,0,4,1
2025,2025-06-07,777605,New York Yankees,1,7,7,0,14,0,-7,0
2025,2025-06-07,777605,Boston Red Sox,0,10,14,0,7,0,7,1
2025,2025-06-07,777597,Milwaukee Brewers,1,4,8,0,8,1,0,1
2025,2025-06-07,777597,San Diego Padres,0,3,8,1,8,0,0,0
2025,2025-06-07,777603,Los Angeles Angels,1,8,11,0,14,2,-3,1
2025,2025-06-07,777603,Seattle Mariners,0,6,14,2,11,0,3,0
2025,2025-06-07,777604,Colorado Rockies,1,1,10,2,12,1,-2,0
2025,2025-06-07,777604,New York Mets,0,8,12,1,10,2,2,1
2025,2025-06-07,777599,Athletics,1,4,8,1,11,0,-3,0
2025,2025-06-07,777599,Baltimore Orioles,0,7,11,0,8,1,3,1
2025,2025-06-08,777592,Tampa Bay Rays,1,3,6,0,7,0,-1,1
2025,2025-06-08,777592,Miami Marlins,0,2,7,0,6,0,1,0
2025,2025-06-08,777586,Milwaukee Brewers,1,0,4,0,3,0,1,0
2025,2025-06-08,777586,San Diego Padres,0,1,3,0,4,0,-1,1
2025,2025-06-08,777596,Washington Nationals,1,2,7,1,11,0,-4,0
2025,2025-06-08,777596,Texas Rangers,0,4,11,0,7,1,4,1
2025,2025-06-08,777595,Pittsburgh Pirates,1,2,7,1,3,0,4,1
2025,2025-06-08,777595,Philadelphia Phillies,0,1,3,0,7,1,-4,0
2025,2025-06-08,777602,Cincinnati Reds,1,4,6,0,5,0,1,1
2025,2025-06-08,777602,Arizona Diamondbacks,0,2,5,0,6,0,-1,0
2025,2025-06-08,777594,Detroit Tigers,1,4,10,0,4,0,6,1
2025,2025-06-08,777594,Chicago Cubs,0,0,4,0,10,0,-6,0
2025,2025-06-08,777591,Cleveland Guardians,1,4,9,0,7,1,2,1
2025,2025-06-08,777591,Houston Astros,0,2,7,1,9,0,-2,0
2025,2025-06-08,777585,Minnesota Twins,1,6,12,1,5,1,7,1
2025,2025-06-08,777585,Toronto Blue Jays,0,3,5,1,12,1,-7,0
2025,2025-06-08,777590,Chicago White Sox,1,5,4,0,16,0,-12,0
2025,2025-06-08,777590,Kansas City Royals,0,7,16,0,4,0,12,1
2025,2025-06-08,777582,St. Louis Cardinals,1,3,11,0,10,0,1,0
2025,2025-06-08,777582,Los Angeles Dodgers,0,7,10,0,11,0,-1,1
2025,2025-06-08,777583,Colorado Rockies,1,5,10,1,17,0,-7,0
2025,2025-06-08,777583,New York Mets,0,13,17,0,10,1,7,1
2025,2025-06-08,777588,Athletics,1,5,9,1,8,2,1,1
2025,2025-06-08,777588,Baltimore Orioles,0,1,8,2,9,1,-1,0
2025,2025-06-08,777587,San Francisco Giants,1,4,3,0,6,1,-3,1
2025,2025-06-08,777587,Atlanta Braves,0,3,6,1,3,0,3,0
2025,2025-06-08,777589,Los Angeles Angels,1,2,2,1,11,0,-9,0
2025,2025-06-08,777589,Seattle Mariners,0,3,11,0,2,1,9,1
2025,2025-06-08,777593,New York Yankees,1,7,10,1,12,0,-2,0
2025,2025-06-08,777593,Boston Red Sox,0,11,12,0,10,1,2,1
2025,2025-06-09,777580,Cleveland Guardians,1,4,7,3,16,1,-9,0
2025,2025-06-09,777580,Cincinnati Reds,0,7,16,1,7,3,9,1
2025,2025-06-09,777574,Pittsburgh Pirates,1,10,15,1,8,3,7,1
2025,2025-06-09,777574,Miami Marlins,0,3,8,3,15,1,-7,0
2025,2025-06-09,777578,Philadelphia Phillies,1,4,16,1,5,1,11,1
2025,2025-06-09,777578,Chicago Cubs,0,3,5,1,16,1,-11,0
2025,2025-06-09,777584,Boston Red Sox,1,8,10,2,12,2,-2,0
2025,2025-06-09,777584,Tampa Bay Rays,0,10,12,2,10,2,2,1
2025,2025-06-09,777575,Milwaukee Brewers,1,1,5,0,11,0,-6,0
2025,2025-06-09,777575,Atlanta Braves,0,7,11,0,5,0,6,1
2025,2025-06-09,777581,St. Louis Cardinals,1,4,7,0,13,1,-6,0
2025,2025-06-09,777581,Toronto Blue Jays,0,5,13,1,7,0,6,1
2025,2025-06-09,777576,Los Angeles Angels,1,7,8,0,5,2,3,1
2025,2025-06-09,777576,Athletics,0,4,5,2,8,0,-3,0
2025,2025-06-09,777579,San Diego Padres,1,7,7,2,12,1,-5,0
2025,2025-06-09,777579,Los Angeles Dodgers,0,8,12,1,7,2,5,1
2025,2025-06-09,777577,Arizona Diamondbacks,1,8,10,0,12,0,-2,1
2025,2025-06-09,777577,Seattle Mariners,0,4,12,0,10,0,2,0
2025,2025-06-10,777573,Baltimore Orioles,1,3,6,0,12,1,-6,0
2025,2025-06-10,777573,Detroit Tigers,0,5,12,1,6,0,6,1
2025,2025-06-10,777569,Cleveland Guardians,1,0,3,0,6,1,-3,0
2025,2025-06-10,777569,Cincinnati Reds,0,1,6,1,3,0,3,1
2025,2025-06-10,777566,Pittsburgh Pirates,1,2,6,1,8,0,-2,0
2025,2025-06-10,777566,Miami Marlins,0,3,8,0,6,1,2,1
2025,2025-06-10,777571,Philadelphia Phillies,1,4,10,0,13,0,-3,0
2025,2025-06-10,777571,Chicago Cubs,0,8,13,0,10,0,3,1
2025,2025-06-10,777570,New York Mets,1,5,8,0,8,0,0,1
2025,2025-06-10,777570,Washington Nationals,0,4,8,0,8,0,0,0
2025,2025-06-10,777565,Boston Red Sox,1,3,7,1,3,2,4,1
2025,2025-06-10,777565,Tampa Bay Rays,0,1,3,2,7,1,-4,0
2025,2025-06-10,777557,Minnesota Twins,1,4,12,2,18,0,-6,0
2025,2025-06-10,777557,Texas Rangers,0,16,18,0,12,2,6,1
2025,2025-06-10,777572,Kansas City Royals,1,2,9,1,16,1,-7,0
2025,2025-06-10,777572,New York Yankees,0,10,16,1,9,1,7,1
2025,2025-06-10,777568,Milwaukee Brewers,1,4,6,0,8,0,-2,1
2025,2025-06-10,777568,Atlanta Braves,0,1,8,0,6,0,2,0
2025,2025-06-10,777558,St. Louis Cardinals,1,9,12,1,16,0,-4,0
2025,2025-06-10,777558,Toronto Blue Jays,0,10,16,0,12,1,4,1
2025,2025-06-10,777567,Houston Astros,1,2,9,0,4,0,5,0
2025,2025-06-10,777567,Chicago White Sox,0,4,4,0,9,0,-5,1
2025,2025-06-10,777563,Colorado Rockies,1,5,8,0,7,1,1,0
2025,2025-06-10,777563,San Francisco Giants,0,6,7,1,8,0,-1,1
2025,2025-06-10,777564,Los Angeles Angels,1,2,7,0,4,0,3,1
2025,2025-06-10,777564,Athletics,0,1,4,0,7,0,-3,0
2025,2025-06-10,777560,San Diego Padres,1,11,16,0,6,1,10,1
2025,2025-06-10,777560,Los Angeles Dodgers,0,1,6,1,16,0,-10,0
2025,2025-06-10,777559,Arizona Diamondbacks,1,10,13,0,12,0,1,1
2025,2025-06-10,777559,Seattle Mariners,0,3,12,0,13,0,-1,0
2025,2025-06-11,777552,Pittsburgh Pirates,1,5,7,0,7,1,0,1
2025,2025-06-11,777552,Miami Marlins,0,2,7,1,7,0,0,0
2025,2025-06-11,777553,Philadelphia Phillies,1,7,10,1,8,0,2,1
2025,2025-06-11,777553,Chicago Cubs,0,2,8,0,10,1,-2,0
2025,2025-06-11,777549,Cleveland Guardians,1,11,13,1,5,0,8,1
2025,2025-06-11,777549,Cincinnati Reds,0,2,5,0,13,1,-8,0
2025,2025-06-11,777554,Milwaukee Brewers,1,2,5,1,10,0,-5,0
2025,2025-06-11,777554,Atlanta Braves,0,6,10,0,5,1,5,1
2025,2025-06-11,777545,St. Louis Cardinals,1,2,7,1,11,1,-4,0
2025,2025-06-11,777545,Toronto Blue Jays,0,5,11,1,7,1,4,1
2025,2025-06-11,777548,Arizona Diamondbacks,1,5,10,0,8,0,2,1
2025,2025-06-11,777548,Seattle Mariners,0,2,8,0,10,0,-2,0
2025,2025-06-11,777542,Los Angeles Angels,1,6,9,1,10,0,-1,1
2025,2025-06-11,777542,Athletics,0,5,10,0,9,1,1,0
2025,2025-06-11,777543,San Diego Padres,1,2,4,1,9,1,-5,0
2025,2025-06-11,777543,Los Angeles Dodgers,0,5,9,1,4,1,5,1
2025,2025-06-11,777562,Baltimore Orioles,1,10,16,0,5,1,11,1
2025,2025-06-11,777562,Detroit Tigers,0,1,5,1,16,0,-11,0
2025,2025-06-11,777555,New York Mets,1,5,7,0,6,0,1,1
2025,2025-06-11,777555,Washington Nationals,0,0,6,0,7,0,-1,0
2025,2025-06-11,777561,Boston Red Sox,1,4,9,0,8,0,1,1
2025,2025-06-11,777561,Tampa Bay Rays,0,3,8,0,9,0,-1,0
2025,2025-06-11,777556,Minnesota Twins,1,6,10,0,7,0,3,1
2025,2025-06-11,777556,Texas Rangers,0,2,7,0,10,0,-3,0
2025,2025-06-11,777551,Kansas City Royals,1,3,8,0,8,1,0,0
2025,2025-06-11,777551,New York Yankees,0,6,8,1,8,0,0,1
2025,2025-06-11,777550,Houston Astros,1,10,15,0,8,0,7,1
2025,2025-06-11,777550,Chicago White Sox,0,2,8,0,15,0,-7,0
2025,2025-06-11,777547,Colorado Rockies,1,7,13,0,14,1,-1,0
2025,2025-06-11,777547,San Francisco Giants,0,10,14,1,13,0,1,1
2025,2025-06-12,777544,New York Mets,1,4,7,0,7,1,0,1
2025,2025-06-12,777544,Washington Nationals,0,3,7,1,7,0,0,0
2025,2025-06-12,777533,Minnesota Twins,1,3,8,1,16,0,-8,0
2025,2025-06-12,777533,Texas Rangers,0,16,16,0,8,1,8,1
2025,2025-06-12,777534,Colorado Rockies,1,8,10,0,11,1,-1,1
2025,2025-06-12,777534,San Francisco Giants,0,7,11,1,10,0,1,0
2025,2025-06-12,777540,Baltimore Orioles,1,1,4,0,7,0,-3,0
2025,2025-06-12,777540,Detroit Tigers,0,4,7,0,4,0,3,1
2025,2025-06-12,777536,Kansas City Royals,1,0,5,1,5,0,0,0
2025,2025-06-12,777536,New York Yankees,0,1,5,0,5,1,0,1
2025,2025-06-12,777532,Milwaukee Brewers,1,6,12,0,3,0,9,1
2025,2025-06-12,777532,St. Louis Cardinals,0,0,3,0,12,0,-9,0
2025,2025-06-12,777541,Chicago Cubs,1,3,4,0,4,0,0,1
2025,2025-06-12,777541,Pittsburgh Pirates,0,2,4,0,4,0,0,0
2025,2025-06-12,777546,Houston Astros,1,4,10,1,10,0,0,1
2025,2025-06-12,777546,Chicago White Sox,0,3,10,0,10,1,0,0
2025,2025-06-13,777526,Chicago Cubs,1,1,8,0,6,0,2,0
2025,2025-06-13,777526,Pittsburgh Pirates,0,2,6,0,8,0,-2,1
2025,2025-06-13,777531,Philadelphia Phillies,1,8,10,0,6,0,4,1
2025,2025-06-13,777531,Toronto Blue Jays,0,0,6,0,10,0,-4,0
2025,2025-06-13,777530,Washington Nationals,1,9,16,0,17,0,-1,0
2025,2025-06-13,777530,Miami Marlins,0,11,17,0,16,0,1,1
2025,2025-06-13,777539,Baltimore Orioles,1,2,6,0,8,1,-2,1
2025,2025-06-13,777539,Los Angeles Angels,0,0,8,1,6,0,2,0
2025,2025-06-13,777538,Detroit Tigers,1,11,16,1,12,1,4,1
2025,2025-06-13,777538,Cincinnati Reds,0,5,12,1,16,1,-4,0
2025,2025-06-13,777528,New York Mets,1,5,7,0,13,3,-6,0
2025,2025-06-13,777528,Tampa Bay Rays,0,7,13,3,7,0,6,1
2025,2025-06-13,777537,Boston Red Sox,1,2,6,1,4,0,2,1
2025,2025-06-13,777537,New York Yankees,0,1,4,0,6,1,-2,0
2025,2025-06-13,777535,Atlanta Braves,1,12,15,0,14,4,1,1
2025,2025-06-13,777535,Colorado Rockies,0,4,14,4,15,0,-1,0
2025,2025-06-13,777524,Texas Rangers,1,3,7,0,6,0,1,1
2025,2025-06-13,777524,Chicago White Sox,0,1,6,0,7,0,-1,0
2025,2025-06-13,777529,Kansas City Royals,1,4,7,0,11,0,-4,0
2025,2025-06-13,777529,Athletics,0,6,11,0,7,0,4,1
2025,2025-06-13,777527,Houston Astros,1,10,14,0,8,1,6,1
2025,2025-06-13,777527,Minnesota Twins,0,3,8,1,14,0,-6,0
2025,2025-06-13,777525,Milwaukee Brewers,1,3,5,0,7,0,-2,1
2025,2025-06-13,777525,St. Louis Cardinals,0,2,7,0,5,0,2,0
2025,2025-06-13,777521,Arizona Diamondbacks,1,5,7,1,6,0,1,1
2025,2025-06-13,777521,San Diego Padres,0,1,6,0,7,1,-1,0
2025,2025-06-13,777520,Seattle Mariners,1,7,16,1,4,0,12,1
2025,2025-06-13,777520,Cleveland Guardians,0,2,4,0,16,1,-12,0
2025,2025-06-13,777522,Los Angeles Dodgers,1,2,2,0,10,0,-8,0
2025,2025-06-13,777522,San Francisco Giants,0,6,10,0,2,0,8,1
2025,2025-06-14,777514,Washington Nationals,1,3,7,1,11,1,-4,0
2025,2025-06-14,777514,Miami Marlins,0,4,11,1,7,1,4,1
2025,2025-06-14,777517,Detroit Tigers,1,1,4,0,12,0,-8,0
2025,2025-06-14,777517,Cincinnati Reds,0,11,12,0,4,0,8,1
2025,2025-06-14,777513,Chicago Cubs,1,2,6,0,5,0,1,1
2025,2025-06-14,777513,Pittsburgh Pirates,0,1,5,0,6,0,-1,0
2025,2025-06-14,777519,Baltimore Orioles,1,6,11,0,8,0,3,1
2025,2025-06-14,777519,Los Angeles Angels,0,5,8,0,11,0,-3,0
2025,2025-06-14,777509,Philadelphia Phillies,1,3,4,0,5,1,-1,1
2025,2025-06-14,777509,Toronto Blue Jays,0,2,5,1,4,0,1,0
2025,2025-06-14,777508,Texas Rangers,1,5,11,0,9,1,2,1
2025,2025-06-14,777508,Chicago White Sox,0,4,9,1,11,0,-2,0
2025,2025-06-14,777511,Kansas City Royals,1,0,4,0,6,0,-2,0
2025,2025-06-14,777511,Athletics,0,4,6,0,4,0,2,1
2025,2025-06-14,777518,New York Mets,1,4,11,2,12,0,-1,0
2025,2025-06-14,777518,Tampa Bay Rays,0,8,12,0,11,2,1,1
2025,2025-06-14,777510,Houston Astros,1,3,4,0,3,0,1,1
2025,2025-06-14,777510,Minnesota Twins,0,2,3,0,4,0,-1,0
2025,2025-06-14,777523,Atlanta Braves,1,4,7,1,4,3,3,1
2025,2025-06-14,777523,Colorado Rockies,0,1,4,3,7,1,-3,0
2025,2025-06-14,777512,Milwaukee Brewers,1,5,9,1,10,0,-1,0
2025,2025-06-14,777512,St. Louis Cardinals,0,8,10,0,9,1,1,1
2025,2025-06-14,777515,Arizona Diamondbacks,1,8,9,1,11,0,-2,1
2025,2025-06-14,777515,San Diego Padres,0,7,11,0,9,1,2,0
2025,2025-06-14,777516,Boston Red Sox,1,4,7,1,6,1,1,1
2025,2025-06-14,777516,New York Yankees,0,3,6,1,7,1,-1,0
2025,2025-06-14,777507,Seattle Mariners,1,4,7,0,8,0,-1,1
2025,2025-06-14,777507,Cleveland Guardians,0,3,8,0,7,0,1,0
2025,2025-06-14,777506,Los Angeles Dodgers,1,11,11,1,6,0,5,1
2025,2025-06-14,777506,San Francisco Giants,0,5,6,0,11,1,-5,0
2025,2025-06-15,777505,Detroit Tigers,1,4,9,3,11,0,-2,0
2025,2025-06-15,777505,Cincinnati Reds,0,8,11,0,9,3,2,1
2025,2025-06-15,777501,Baltimore Orioles,1,11,12,0,5,2,7,1
2025,2025-06-15,777501,Los Angeles Angels,0,2,5,2,12,0,-7,0
2025,2025-06-15,777499,Philadelphia Phillies,1,11,18,1,8,0,10,1
2025,2025-06-15,777499,Toronto Blue Jays,0,4,8,0,18,1,-10,0
2025,2025-06-15,777504,Atlanta Braves,1,1,6,1,10,0,-4,0
2025,2025-06-15,777504,Colorado Rockies,0,10,10,0,6,1,4,1
2025,2025-06-15,777503,Washington Nationals,1,1,6,0,11,0,-5,0
2025,2025-06-15,777503,Miami Marlins,0,3,11,0,6,0,5,1
2025,2025-06-15,777500,Boston Red Sox,1,2,6,1,5,1,1,1
2025,2025-06-15,777500,New York Yankees,0,0,5,1,6,1,-1,0
2025,2025-06-15,777502,New York Mets,1,0,5,0,9,0,-4,0
2025,2025-06-15,777502,Tampa Bay Rays,0,9,9,0,5,0,4,1
2025,2025-06-15,777496,Kansas City Royals,1,2,8,0,9,1,-1,0
2025,2025-06-15,777496,Athletics,0,3,9,1,8,0,1,1
2025,2025-06-15,777494,Houston Astros,1,2,4,0,8,0,-4,1
2025,2025-06-15,777494,Minnesota Twins,0,1,8,0,4,0,4,0
2025,2025-06-15,777492,Milwaukee Brewers,1,3,9,0,9,0,0,1
2025,2025-06-15,777492,St. Louis Cardinals,0,2,9,0,9,0,0,0
2025,2025-06-15,777497,Chicago Cubs,1,3,6,0,4,0,2,1
2025,2025-06-15,777497,Pittsburgh Pirates,0,2,4,0,6,0,-2,0
2025,2025-06-15,777493,Texas Rangers,1,2,9,0,8,1,1,1
2025,2025-06-15,777493,Chicago White Sox,0,1,8,1,9,0,-1,0
2025,2025-06-15,777491,Arizona Diamondbacks,1,2,3,0,13,0,-10,0
2025,2025-06-15,777491,San Diego Padres,0,8,13,0,3,0,10,1
2025,2025-06-15,777495,Seattle Mariners,1,6,5,0,4,0,1,1
2025,2025-06-15,777495,Cleveland Guardians,0,0,4,0,5,0,-1,0
2025,2025-06-15,777498,Los Angeles Dodgers,1,5,8,0,7,0,1,1
2025,2025-06-15,777498,San Francisco Giants,0,4,7,0,8,0,-1,0
2025,2025-06-16,777483,Miami Marlins,1,2,5,0,10,0,-5,0
2025,2025-06-16,777483,Philadelphia Phillies,0,5,10,0,5,0,5,1
2025,2025-06-16,777488,Washington Nationals,1,4,4,0,8,0,-4,0
2025,2025-06-16,777488,Colorado Rockies,0,6,8,0,4,0,4,1
2025,2025-06-16,777487,New York Yankees,1,0,8,0,7,0,1,0
2025,2025-06-16,777487,Los Angeles Angels,0,1,7,0,8,0,-1,1
2025,2025-06-16,777484,Tampa Bay Rays,1,7,14,0,4,1,10,1
2025,2025-06-16,777484,Baltimore Orioles,0,1,4,1,14,0,-10,0
2025,2025-06-16,777486,Seattle Mariners,1,0,4,0,4,0,0,0
2025,2025-06-16,777486,Boston Red Sox,0,2,4,0,4,0,0,1
2025,2025-06-16,777485,Athletics,1,3,6,0,8,2,-2,1
2025,2025-06-16,777485,Houston Astros,0,1,8,2,6,0,2,0
2025,2025-06-16,777490,Los Angeles Dodgers,1,6,10,0,6,2,4,1
2025,2025-06-16,777490,San Diego Padres,0,3,6,2,10,0,-4,0
2025,2025-06-17,777481,Miami Marlins,1,8,12,0,8,1,4,1
2025,2025-06-17,777481,Philadelphia Phillies,0,3,8,1,12,0,-4,0
2025,2025-06-17,777475,Detroit Tigers,1,7,9,1,5,0,4,1
2025,2025-06-17,777475,Pittsburgh Pirates,0,3,5,0,9,1,-4,0
2025,2025-06-17,777480,Washington Nationals,1,6,12,0,10,1,2,0
2025,2025-06-17,777480,Colorado Rockies,0,10,10,1,12,0,-2,1
2025,2025-06-17,777476,New York Yankees,1,0,4,0,8,0,-4,0
2025,2025-06-17,777476,Los Angeles Angels,0,4,8,0,4,0,4,1
2025,2025-06-17,777479,Toronto Blue Jays,1,5,9,1,8,0,1,1
2025,2025-06-17,777479,Arizona Diamondbacks,0,4,8,0,9,1,-1,0
2025,2025-06-17,777478,Cincinnati Reds,1,6,5,1,8,0,-3,1
2025,2025-06-17,777478,Minnesota Twins,0,5,8,0,5,1,3,0
2025,2025-06-17,777489,Atlanta Braves,1,5,7,0,7,1,0,1
2025,2025-06-17,777489,New York Mets,0,4,7,1,7,0,0,0
2025,2025-06-17,777477,Tampa Bay Rays,1,1,7,0,13,0,-6,0
2025,2025-06-17,777477,Baltimore Orioles,0,5,13,0,7,0,6,1
2025,2025-06-17,777467,Chicago White Sox,1,2,6,2,13,0,-7,0
2025,2025-06-17,777467,St. Louis Cardinals,0,12,13,0,6,2,7,1
2025,2025-06-17,777468,Texas Rangers,1,1,5,0,8,1,-3,0
2025,2025-06-17,777468,Kansas City Royals,0,6,8,1,5,0,3,1
2025,2025-06-17,777482,Chicago Cubs,1,5,8,0,9,0,-1,1
2025,2025-06-17,777482,Milwaukee Brewers,0,3,9,0,8,0,1,0
2025,2025-06-17,777473,Seattle Mariners,1,8,9,0,2,0,7,1
2025,2025-06-17,777473,Boston Red Sox,0,0,2,0,9,0,-7,0
2025,2025-06-17,777472,San Francisco Giants,1,2,10,1,6,0,4,0
2025,2025-06-17,777472,Cleveland Guardians,0,3,6,0,10,1,-4,1
2025,2025-06-17,777469,Athletics,1,3,4,1,15,1,-11,0
2025,2025-06-17,777469,Houston Astros,0,13,15,1,4,1,11,1
2025,2025-06-17,777471,Los Angeles Dodgers,1,8,12,0,9,0,3,1
2025,2025-06-17,777471,San Diego Padres,0,6,9,0,12,0,-3,0
2025,2025-06-18,777453,Seattle Mariners,1,1,6,0,3,0,3,0
2025,2025-06-18,777453,Boston Red Sox,0,3,3,0,6,0,-3,1
2025,2025-06-18,777465,Miami Marlins,1,2,7,1,9,1,-2,0
2025,2025-06-18,777465,Philadelphia Phillies,0,4,9,1,7,1,2,1
2025,2025-06-18,777461,Washington Nationals,1,1,7,0,8,0,-1,0
2025,2025-06-18,777461,Colorado Rockies,0,3,8,0,7,0,1,1
2025,2025-06-18,777466,New York Yankees,1,2,3,1,8,1,-5,0
2025,2025-06-18,777466,Los Angeles Angels,0,3,8,1,3,1,5,1
2025,2025-06-18,777462,Toronto Blue Jays,1,8,13,0,6,0,7,1
2025,2025-06-18,777462,Arizona Diamondbacks,0,1,6,0,13,0,-7,0
2025,2025-06-18,777474,Cincinnati Reds,1,4,9,0,3,0,6,1
2025,2025-06-18,777474,Minnesota Twins,0,2,3,0,9,0,-6,0
2025,2025-06-18,777470,Atlanta Braves,1,5,7,0,5,1,2,1
2025,2025-06-18,777470,New York Mets,0,0,5,1,7,0,-2,0
2025,2025-06-18,777463,Tampa Bay Rays,1,12,18,1,7,1,11,1
2025,2025-06-18,777463,Baltimore Orioles,0,8,7,1,18,1,-11,0
2025,2025-06-18,777460,Texas Rangers,1,3,12,0,7,0,5,0
2025,2025-06-18,777460,Kansas City Royals,0,6,7,0,12,0,-5,1
2025,2025-06-18,777454,San Francisco Giants,1,2,6,1,7,0,-1,0
2025,2025-06-18,777454,Cleveland Guardians,0,4,7,0,6,1,1,1
2025,2025-06-18,777456,Athletics,1,4,8,1,20,2,-12,0
2025,2025-06-18,777456,Houston Astros,0,11,20,2,8,1,12,1
2025,2025-06-18,777457,Los Angeles Dodgers,1,4,7,1,7,0,0,1
2025,2025-06-18,777457,San Diego Padres,0,3,7,0,7,1,0,0
2025,2025-06-19,777452,Cincinnati Reds,1,5,10,0,17,0,-7,0
2025,2025-06-19,777452,Minnesota Twins,0,12,17,0,10,0,7,1
2025,2025-06-19,777445,Washington Nationals,1,4,8,1,11,1,-3,1
2025,2025-06-19,777445,Colorado Rockies,0,3,11,1,8,1,3,0
2025,2025-06-19,777449,New York Yankees,1,7,12,0,5,0,7,1
2025,2025-06-19,777449,Los Angeles Angels,0,3,5,0,12,0,-7,0
2025,2025-06-19,777451,Detroit Tigers,1,9,12,0,6,0,6,1
2025,2025-06-19,777451,Pittsburgh Pirates,0,2,6,0,12,0,-6,0
2025,2025-06-19,777464,Detroit Tigers,1,4,5,0,12,0,-7,0
2025,2025-06-19,777464,Pittsburgh Pirates,0,8,12,0,5,0,7,1
2025,2025-06-19,777447,Chicago White Sox,1,4,9,1,8,1,1,0
2025,2025-06-19,777447,St. Louis Cardinals,0,5,8,1,9,1,-1,1
2025,2025-06-19,777458,Chicago White Sox,1,6,8,0,12,0,-4,0
2025,2025-06-19,777458,St. Louis Cardinals,0,8,12,0,8,0,4,1
2025,2025-06-19,777450,Chicago Cubs,1,7,6,0,12,0,-6,0
2025,2025-06-19,777450,Milwaukee Brewers,0,8,12,0,6,0,6,1
2025,2025-06-19,777443,Texas Rangers,1,1,3,0,6,1,-3,0
2025,2025-06-19,777443,Kansas City Royals,0,4,6,1,3,0,3,1
2025,2025-06-19,777448,Toronto Blue Jays,1,5,6,0,9,1,-3,0
2025,2025-06-19,777448,Arizona Diamondbacks,0,9,9,1,6,0,3,1
2025,2025-06-19,777440,San Francisco Giants,1,2,5,0,7,1,-2,1
2025,2025-06-19,777440,Cleveland Guardians,0,1,7,1,5,0,2,0
2025,2025-06-19,777444,Miami Marlins,1,1,6,0,6,1,0,0
2025,2025-06-19,777444,Philadelphia Phillies,0,2,6,1,6,0,0,1
2025,2025-06-19,777455,Atlanta Braves,1,7,8,0,6,0,2,1
2025,2025-06-19,777455,New York Mets,0,1,6,0,8,0,-2,0
2025,2025-06-19,777446,Tampa Bay Rays,1,1,8,0,6,1,2,0
2025,2025-06-19,777446,Baltimore Orioles,0,4,6,1,8,0,-2,1
2025,2025-06-19,777441,Athletics,1,6,11,1,8,2,3,1
2025,2025-06-19,777441,Houston Astros,0,4,8,2,11,1,-3,0
2025,2025-06-19,777442,Los Angeles Dodgers,1,3,6,0,11,1,-5,0
2025,2025-06-19,777442,San Diego Padres,0,5,11,1,6,0,5,1
2025,2025-06-20,777436,Chicago Cubs,1,4,9,0,13,0,-4,0
2025,2025-06-20,777436,Seattle Mariners,0,9,13,0,9,0,4,1
2025,2025-06-20,777432,Pittsburgh Pirates,1,2,9,1,13,0,-4,0
2025,2025-06-20,777432,Texas Rangers,0,6,13,0,9,1,4,1
2025,2025-06-20,777431,Tampa Bay Rays,1,14,16,1,8,2,8,1
2025,2025-06-20,777431,Detroit Tigers,0,8,8,2,16,1,-8,0
2025,2025-06-20,777438,New York Yankees,1,3,10,0,11,0,-1,0
2025,2025-06-20,777438,Baltimore Orioles,0,5,11,0,10,0,1,1
2025,2025-06-20,777435,Toronto Blue Jays,1,1,7,0,9,0,-2,0
2025,2025-06-20,777435,Chicago White Sox,0,7,9,0,7,0,2,1
2025,2025-06-20,777439,Miami Marlins,1,6,9,1,8,1,1,1
2025,2025-06-20,777439,Atlanta Braves,0,2,8,1,9,1,-1,0
2025,2025-06-20,777433,St. Louis Cardinals,1,6,7,1,5,1,2,1
2025,2025-06-20,777433,Cincinnati Reds,0,1,5,1,7,1,-2,0
2025,2025-06-20,777437,Philadelphia Phillies,1,10,13,0,7,0,6,1
2025,2025-06-20,777437,New York Mets,0,2,7,0,13,0,-6,0
2025,2025-06-20,777434,Minnesota Twins,1,6,5,0,19,1,-14,0
2025,2025-06-20,777434,Milwaukee Brewers,0,17,19,1,5,0,14,1
2025,2025-06-20,777430,Colorado Rockies,1,8,12,0,21,0,-9,0
2025,2025-06-20,777430,Arizona Diamondbacks,0,14,21,0,12,0,9,1
2025,2025-06-20,777428,Los Angeles Angels,1,2,6,0,9,0,-3,0
2025,2025-06-20,777428,Houston Astros,0,3,9,0,6,0,3,1
2025,2025-06-20,777426,San Diego Padres,1,5,12,0,11,0,1,0
2025,2025-06-20,777426,Kansas City Royals,0,6,11,0,12,0,-1,1
2025,2025-06-20,777429,Athletics,1,5,11,0,4,2,7,1
2025,2025-06-20,777429,Cleveland Guardians,0,1,4,2,11,0,-7,0
2025,2025-06-20,777427,Los Angeles Dodgers,1,6,9,0,9,1,0,1
2025,2025-06-20,777427,Washington Nationals,0,5,9,1,9,0,0,0
2025,2025-06-20,777425,San Francisco Giants,1,5,7,1,11,1,-4,0
2025,2025-06-20,777425,Boston Red Sox,0,7,11,1,7,1,4,1
2025,2025-06-21,777420,Tampa Bay Rays,1,8,8,0,7,0,1,1
2025,2025-06-21,777420,Detroit Tigers,0,3,7,0,8,0,-1,0
2025,2025-06-21,777422,New York Yankees,1,9,14,0,1,2,13,1
2025,2025-06-21,777422,Baltimore Orioles,0,0,1,2,14,0,-13,0
2025,2025-06-21,777412,Minnesota Twins,1,0,4,2,11,0,-7,0
2025,2025-06-21,777412,Milwaukee Brewers,0,9,11,0,4,2,7,1
2025,2025-06-21,777415,St. Louis Cardinals,1,6,9,2,8,0,1,1
2025,2025-06-21,777415,Cincinnati Reds,0,5,8,0,9,2,-1,0
2025,2025-06-21,777419,Chicago Cubs,1,10,9,1,14,0,-5,1
2025,2025-06-21,777419,Seattle Mariners,0,7,14,0,9,1,5,0
2025,2025-06-21,777418,Toronto Blue Jays,1,7,12,1,2,1,10,1
2025,2025-06-21,777418,Chicago White Sox,0,1,2,1,12,1,-10,0
2025,2025-06-21,777417,San Francisco Giants,1,3,4,1,6,1,-2,1
2025,2025-06-21,777417,Boston Red Sox,0,2,6,1,4,1,2,0
2025,2025-06-21,777421,Pittsburgh Pirates,1,2,5,1,4,0,1,0
2025,2025-06-21,777421,Texas Rangers,0,3,4,0,5,1,-1,1
2025,2025-06-21,777424,Miami Marlins,1,0,5,0,10,0,-5,0
2025,2025-06-21,777424,Atlanta Braves,0,7,10,0,5,0,5,1
2025,2025-06-21,777413,San Diego Padres,1,5,8,0,4,0,4,1
2025,2025-06-21,777413,Kansas City Royals,0,1,4,0,8,0,-4,0
2025,2025-06-21,777423,Philadelphia Phillies,1,4,8,0,15,1,-7,0
2025,2025-06-21,777423,New York Mets,0,11,15,1,8,0,7,1
2025,2025-06-21,777410,Colorado Rockies,1,3,7,1,10,2,-3,0
2025,2025-06-21,777410,Arizona Diamondbacks,0,5,10,2,7,1,3,1
2025,2025-06-21,777414,Los Angeles Angels,1,9,11,0,3,1,8,1
2025,2025-06-21,777414,Houston Astros,0,1,3,1,11,0,-8,0
2025,2025-06-21,777411,Athletics,1,2,5,2,10,1,-5,0
2025,2025-06-21,777411,Cleveland Guardians,0,4,10,1,5,2,5,1
2025,2025-06-21,777416,Los Angeles Dodgers,1,3,7,0,10,0,-3,0
2025,2025-06-21,777416,Washington Nationals,0,7,10,0,7,0,3,1
2025,2025-06-22,777406,New York Yankees,1,4,9,0,7,2,2,1
2025,2025-06-22,777406,Baltimore Orioles,0,2,7,2,9,0,-2,0
2025,2025-06-22,777409,Tampa Bay Rays,1,3,9,0,12,2,-3,0
2025,2025-06-22,777409,Detroit Tigers,0,9,12,2,9,0,3,1
2025,2025-06-22,777404,Pittsburgh Pirates,1,8,15,0,6,0,9,1
2025,2025-06-22,777404,Texas Rangers,0,3,6,0,15,0,-9,0
2025,2025-06-22,777408,Toronto Blue Jays,1,2,8,1,6,1,2,0
2025,2025-06-22,777408,Chicago White Sox,0,4,6,1,8,1,-2,1
2025,2025-06-22,777402,Miami Marlins,1,5,12,0,7,0,5,1
2025,2025-06-22,777402,Atlanta Braves,0,3,7,0,12,0,-5,0
2025,2025-06-22,777401,Minnesota Twins,1,8,18,0,17,0,1,0
2025,2025-06-22,777401,Milwaukee Brewers,0,9,17,0,18,0,-1,1
2025,2025-06-22,777407,St. Louis Cardinals,1,1,4,0,6,0,-2,0
2025,2025-06-22,777407,Cincinnati Reds,0,4,6,0,4,0,2,1
2025,2025-06-22,777403,Chicago Cubs,1,6,10,2,18,0,-8,0
2025,2025-06-22,777403,Seattle Mariners,0,14,18,0,10,2,8,1
2025,2025-06-22,777399,Colorado Rockies,1,4,6,0,5,1,1,1
2025,2025-06-22,777399,Arizona Diamondbacks,0,2,5,1,6,0,-1,0
2025,2025-06-22,777400,Athletics,1,0,9,0,8,1,1,0
2025,2025-06-22,777400,Cleveland Guardians,0,3,8,1,9,0,-1,1
2025,2025-06-22,777395,San Francisco Giants,1,9,11,2,12,2,-1,1
2025,2025-06-22,777395,Boston Red Sox,0,5,12,2,11,2,1,0
2025,2025-06-22,777397,Los Angeles Angels,1,7,11,1,13,0,-2,0
2025,2025-06-22,777397,Houston Astros,0,8,13,0,11,1,2,1
2025,2025-06-22,777398,Los Angeles Dodgers,1,13,11,1,11,1,0,1
2025,2025-06-22,777398,Washington Nationals,0,7,11,1,11,1,0,0
2025,2025-06-22,777396,San Diego Padres,1,3,5,0,7,0,-2,1
2025,2025-06-22,777396,Kansas City Royals,0,2,7,0,5,0,2,0
2025,2025-06-22,777405,Philadelphia Phillies,1,7,10,0,4,0,6,1
2025,2025-06-22,777405,New York Mets,0,1,4,0,10,0,-6,0
2025,2025-06-23,777394,Baltimore Orioles,1,6,11,0,3,0,8,1
2025,2025-06-23,777394,Texas Rangers,0,0,3,0,11,0,-8,0
2025,2025-06-23,777389,New York Mets,1,2,6,1,9,0,-3,0
2025,2025-06-23,777389,Atlanta Braves,0,3,9,0,6,1,3,1
2025,2025-06-23,777390,Cincinnati Reds,1,6,10,1,8,1,2,1
2025,2025-06-23,777390,New York Yankees,0,1,8,1,10,1,-2,0
2025,2025-06-23,777388,Minnesota Twins,1,2,7,1,12,1,-5,0
2025,2025-06-23,777388,Seattle Mariners,0,11,12,1,7,1,5,1
2025,2025-06-23,777393,Chicago White Sox,1,0,5,1,13,0,-8,0
2025,2025-06-23,777393,Arizona Diamondbacks,0,10,13,0,5,1,8,1
2025,2025-06-23,777391,Milwaukee Brewers,1,4,9,0,14,0,-5,0
2025,2025-06-23,777391,Pittsburgh Pirates,0,5,14,0,9,0,5,1
2025,2025-06-23,777392,St. Louis Cardinals,1,8,11,0,7,0,4,1
2025,2025-06-23,777392,Chicago Cubs,0,2,7,0,11,0,-4,0
2025,2025-06-23,777381,Los Angeles Angels,1,9,6,0,9,1,-3,1
2025,2025-06-23,777381,Boston Red Sox,0,5,9,1,6,0,3,0
2025,2025-06-23,777382,San Diego Padres,1,6,9,1,15,1,-6,0
2025,2025-06-23,777382,Washington Nationals,0,10,15,1,9,1,6,1
2025,2025-06-24,777380,Baltimore Orioles,1,5,4,1,10,0,-6,0
2025,2025-06-24,777380,Texas Rangers,0,6,10,0,4,1,6,1
2025,2025-06-24,777386,Detroit Tigers,1,11,13,0,9,1,4,1
2025,2025-06-24,777386,Athletics,0,4,9,1,13,0,-4,0
2025,2025-06-24,777384,Cleveland Guardians,1,6,8,3,14,1,-6,0
2025,2025-06-24,777384,Toronto Blue Jays,0,10,14,1,8,3,6,1
2025,2025-06-24,777387,New York Mets,1,4,5,0,8,0,-3,0
2025,2025-06-24,777387,Atlanta Braves,0,7,8,0,5,0,3,1
2025,2025-06-24,777385,Cincinnati Reds,1,5,11,0,7,0,4,1
2025,2025-06-24,777385,New York Yankees,0,4,7,0,11,0,-4,0
2025,2025-06-24,777378,Kansas City Royals,1,1,4,2,11,0,-7,0
2025,2025-06-24,777378,Tampa Bay Rays,0,5,11,0,4,2,7,1
2025,2025-06-24,777375,Minnesota Twins,1,5,8,1,7,0,1,0
2025,2025-06-24,777375,Seattle Mariners,0,6,7,0,8,1,-1,1
2025,2025-06-24,777383,Chicago White Sox,1,1,3,1,7,0,-4,0
2025,2025-06-24,777383,Arizona Diamondbacks,0,4,7,0,3,1,4,1
2025,2025-06-24,777374,Milwaukee Brewers,1,9,11,0,8,1,3,1
2025,2025-06-24,777374,Pittsburgh Pirates,0,3,8,1,11,0,-3,0
2025,2025-06-24,777373,St. Louis Cardinals,1,8,10,0,13,0,-3,1
2025,2025-06-24,777373,Chicago Cubs,0,7,13,0,10,0,3,0
2025,2025-06-24,777377,Houston Astros,1,1,5,2,4,0,1,1
2025,2025-06-24,777377,Philadelphia Phillies,0,0,4,0,5,2,-1,0
2025,2025-06-24,777379,Colorado Rockies,1,7,14,2,14,0,0,0
2025,2025-06-24,777379,Los Angeles Dodgers,0,9,14,0,14,2,0,1
2025,2025-06-24,777376,Los Angeles Angels,1,3,7,1,5,0,2,1
2025,2025-06-24,777376,Boston Red Sox,0,2,5,0,7,1,-2,0
2025,2025-06-24,777372,San Diego Padres,1,4,7,0,7,0,0,1
2025,2025-06-24,777372,Washington Nationals,0,3,7,0,7,0,0,0
2025,2025-06-24,777364,San Francisco Giants,1,2,5,1,11,1,-6,0
2025,2025-06-24,777364,Miami Marlins,0,4,11,1,5,1,6,1
2025,2025-06-25,777370,Chicago White Sox,1,7,12,1,9,0,3,1
2025,2025-06-25,777370,Arizona Diamondbacks,0,3,9,0,12,1,-3,0
2025,2025-06-25,777361,Milwaukee Brewers,1,4,6,1,4,0,2,1
2025,2025-06-25,777361,Pittsburgh Pirates,0,2,4,0,6,1,-2,0
2025,2025-06-25,777362,Los Angeles Angels,1,5,10,1,3,0,7,1
2025,2025-06-25,777362,Boston Red Sox,0,2,3,0,10,1,-7,0
2025,2025-06-25,777360,San Diego Padres,1,1,6,0,3,1,3,1
2025,2025-06-25,777360,Washington Nationals,0,0,3,1,6,0,-3,0
2025,2025-06-25,777365,Baltimore Orioles,1,0,1,0,9,0,-8,0
2025,2025-06-25,777365,Texas Rangers,0,7,9,0,1,0,8,1
2025,2025-06-25,777371,Detroit Tigers,1,0,4,1,7,0,-3,0
2025,2025-06-25,777371,Athletics,0,3,7,0,4,1,3,1
2025,2025-06-25,777368,Cleveland Guardians,1,5,10,1,7,1,3,1
2025,2025-06-25,777368,Toronto Blue Jays,0,4,7,1,10,1,-3,0
2025,2025-06-25,777369,New York Mets,1,7,13,0,6,1,7,1
2025,2025-06-25,777369,Atlanta Braves,0,3,6,1,13,0,-7,0
2025,2025-06-25,777367,Cincinnati Reds,1,1,4,1,13,1,-9,0
2025,2025-06-25,777367,New York Yankees,0,7,13,1,4,1,9,1
2025,2025-06-25,777359,Kansas City Royals,1,0,3,0,11,1,-8,0
2025,2025-06-25,777359,Tampa Bay Rays,0,3,11,1,3,0,8,1
2025,2025-06-25,777363,Minnesota Twins,1,2,4,2,3,0,1,1
2025,2025-06-25,777363,Seattle Mariners,0,0,3,0,4,2,-1,0
2025,2025-06-25,777357,St. Louis Cardinals,1,0,4,1,11,1,-7,0
2025,2025-06-25,777357,Chicago Cubs,0,8,11,1,4,1,7,1
2025,2025-06-25,777366,Houston Astros,1,2,4,0,7,1,-3,1
2025,2025-06-25,777366,Philadelphia Phillies,0,0,7,1,4,0,3,0
2025,2025-06-25,777358,Colorado Rockies,1,1,5,0,9,2,-4,0
2025,2025-06-25,777358,Los Angeles Dodgers,0,8,9,2,5,0,4,1
2025,2025-06-25,777355,San Francisco Giants,1,5,5,0,13,0,-8,0
2025,2025-06-25,777355,Miami Marlins,0,8,13,0,5,0,8,1
2025,2025-06-26,777351,Detroit Tigers,1,8,11,0,3,2,8,1
2025,2025-06-26,777351,Athletics,0,0,3,2,11,0,-8,0
2025,2025-06-26,777354,Cleveland Guardians,1,0,2,4,6,0,-4,0
2025,2025-06-26,777354,Toronto Blue Jays,0,6,6,0,2,4,4,1
2025,2025-06-26,777356,Minnesota Twins,1,10,11,0,6,2,5,1
2025,2025-06-26,777356,Seattle Mariners,0,1,6,2,11,0,-5,0
2025,2025-06-26,777353,Kansas City Royals,1,0,5,0,9,0,-4,0
2025,2025-06-26,777353,Tampa Bay Rays,0,4,9,0,5,0,4,1
2025,2025-06-26,777350,Houston Astros,1,2,7,0,4,0,3,1
2025,2025-06-26,777350,Philadelphia Phillies,0,1,4,0,7,0,-3,0
2025,2025-06-26,777348,St. Louis Cardinals,1,0,3,0,9,0,-6,0
2025,2025-06-26,777348,Chicago Cubs,0,3,9,0,3,0,6,1
2025,2025-06-26,777344,Colorado Rockies,1,1,2,0,8,0,-6,0
2025,2025-06-26,777344,Los Angeles Dodgers,0,3,8,0,2,0,6,1
2025,2025-06-26,777347,San Francisco Giants,1,5,12,0,11,0,1,0
2025,2025-06-26,777347,Miami Marlins,0,12,11,0,12,0,-1,1
2025,2025-06-26,777352,New York Mets,1,4,9,1,3,0,6,1
2025,2025-06-26,777352,Atlanta Braves,0,0,3,0,9,1,-6,0
2025,2025-06-27,777341,Pittsburgh Pirates,1,9,12,1,6,1,6,1
2025,2025-06-27,777341,New York Mets,0,1,6,1,12,1,-6,0
2025,2025-06-27,777343,Baltimore Orioles,1,22,21,0,13,2,8,1
2025,2025-06-27,777343,Tampa Bay Rays,0,8,13,2,21,0,-8,0
2025,2025-06-27,777337,New York Yankees,1,3,4,0,4,0,0,1
2025,2025-06-27,777337,Athletics,0,0,4,0,4,0,0,0
2025,2025-06-27,777346,Cincinnati Reds,1,8,9,0,1,1,8,1
2025,2025-06-27,777346,San Diego Padres,0,1,1,1,9,0,-8,0
2025,2025-06-27,777349,Cleveland Guardians,1,0,1,2,7,0,-6,0
2025,2025-06-27,777349,St. Louis Cardinals,0,5,7,0,1,2,6,1
2025,2025-06-27,777345,Boston Red Sox,1,0,4,0,16,0,-12,0
2025,2025-06-27,777345,Toronto Blue Jays,0,9,16,0,4,0,12,1
2025,2025-06-27,777334,Detroit Tigers,1,1,6,0,6,0,0,0
2025,2025-06-27,777334,Minnesota Twins,0,4,6,0,6,0,0,1
2025,2025-06-27,777342,Atlanta Braves,1,0,9,1,17,0,-8,0
2025,2025-06-27,777342,Philadelphia Phillies,0,13,17,0,9,1,8,1
2025,2025-06-27,777338,Chicago White Sox,1,1,7,0,6,1,1,0
2025,2025-06-27,777338,San Francisco Giants,0,3,6,1,7,0,-1,1
2025,2025-06-27,777340,Texas Rangers,1,6,9,1,16,0,-7,0
2025,2025-06-27,777340,Seattle Mariners,0,7,16,0,9,1,7,1
2025,2025-06-27,777336,Houston Astros,1,7,10,0,8,0,2,1
2025,2025-06-27,777336,Chicago Cubs,0,4,8,0,10,0,-2,0
2025,2025-06-27,777335,Kansas City Royals,1,4,11,2,4,1,7,0
2025,2025-06-27,777335,Los Angeles Dodgers,0,5,4,1,11,2,-7,1
2025,2025-06-27,777339,Milwaukee Brewers,1,10,13,1,12,1,1,1
2025,2025-06-27,777339,Colorado Rockies,0,6,12,1,13,1,-1,0
2025,2025-06-27,777331,Los Angeles Angels,1,9,11,0,19,1,-8,0
2025,2025-06-27,777331,Washington Nationals,0,15,19,1,11,0,8,1
2025,2025-06-27,777332,Arizona Diamondbacks,1,8,8,2,13,1,-5,0
2025,2025-06-27,777332,Miami Marlins,0,9,13,1,8,2,5,1
2025,2025-06-28,777326,New York Yankees,1,0,3,1,8,0,-5,0
2025,2025-06-28,777326,Athletics,0,7,8,0,3,1,5,1
2025,2025-06-28,777324,Detroit Tigers,1,10,15,0,8,0,7,1
2025,2025-06-28,777324,Minnesota Twins,0,5,8,0,15,0,-7,0
2025,2025-06-28,777325,Pittsburgh Pirates,1,9,12,0,10,0,2,1
2025,2025-06-28,777325,New York Mets,0,2,10,0,12,0,-2,0
2025,2025-06-28,777330,Baltimore Orioles,1,3,7,2,14,1,-7,0
2025,2025-06-28,777330,Tampa Bay Rays,0,11,14,1,7,2,7,1
2025,2025-06-28,777322,Texas Rangers,1,3,6,0,6,1,0,1
2025,2025-06-28,777322,Seattle Mariners,0,2,6,1,6,0,0,0
2025,2025-06-28,777319,Kansas City Royals,1,9,14,0,10,1,4,1
2025,2025-06-28,777319,Los Angeles Dodgers,0,5,10,1,14,0,-4,0
2025,2025-06-28,777328,Cincinnati Reds,1,4,10,0,12,0,-2,0
2025,2025-06-28,777328,San Diego Padres,0,6,12,0,10,0,2,1
2025,2025-06-28,777329,Cleveland Guardians,1,6,9,1,14,0,-5,0
2025,2025-06-28,777329,St. Louis Cardinals,0,9,14,0,9,1,5,1
2025,2025-06-28,777323,Boston Red Sox,1,15,18,1,6,1,12,1
2025,2025-06-28,777323,Toronto Blue Jays,0,1,6,1,18,1,-12,0
2025,2025-06-28,777327,Chicago White Sox,1,1,7,0,4,0,3,1
2025,2025-06-28,777327,San Francisco Giants,0,0,4,0,7,0,-3,0
2025,2025-06-28,777318,Arizona Diamondbacks,1,7,10,1,11,1,-1,0
2025,2025-06-28,777318,Miami Marlins,0,8,11,1,10,1,1,1
2025,2025-06-28,777321,Milwaukee Brewers,1,5,10,0,1,0,9,1
2025,2025-06-28,777321,Colorado Rockies,0,0,1,0,10,0,-9,0
2025,2025-06-28,777320,Houston Astros,1,3,7,0,15,0,-8,0
2025,2025-06-28,777320,Chicago Cubs,0,12,15,0,7,0,8,1
2025,2025-06-28,777333,Atlanta Braves,1,6,13,0,4,0,9,1
2025,2025-06-28,777333,Philadelphia Phillies,0,1,4,0,13,0,-9,0
2025,2025-06-28,777315,Los Angeles Angels,1,8,9,0,9,0,0,1
2025,2025-06-28,777315,Washington Nationals,0,2,9,0,9,0,0,0
2025,2025-06-29,777309,Cleveland Guardians,1,0,3,2,11,0,-8,0
2025,2025-06-29,777309,St. Louis Cardinals,0,7,11,0,3,2,8,1
2025,2025-06-29,777313,Pittsburgh Pirates,1,12,16,0,7,1,9,1
2025,2025-06-29,777313,New York Mets,0,1,7,1,16,0,-9,0
2025,2025-06-29,777317,Baltimore Orioles,1,5,10,0,5,0,5,1
2025,2025-06-29,777317,Tampa Bay Rays,0,1,5,0,10,0,-5,0
2025,2025-06-29,777310,Boston Red Sox,1,3,8,0,6,1,2,0
2025,2025-06-29,777310,Toronto Blue Jays,0,5,6,1,8,0,-2,1
2025,2025-06-29,777316,Atlanta Braves,1,1,6,0,7,0,-1,0
2025,2025-06-29,777316,Philadelphia Phillies,0,2,7,0,6,0,1,1
2025,2025-06-29,777307,New York Yankees,1,12,9,0,5,3,4,1
2025,2025-06-29,777307,Athletics,0,5,5,3,9,0,-4,0
2025,2025-06-29,777312,Cincinnati Reds,1,3,9,1,8,0,1,1
2025,2025-06-29,777312,San Diego Padres,0,2,8,0,9,1,-1,0
2025,2025-06-29,777308,Houston Astros,1,2,7,0,5,1,2,1
2025,2025-06-29,777308,Chicago Cubs,0,0,5,1,7,0,-2,0
2025,2025-06-29,777304,Kansas City Royals,1,1,5,0,7,0,-2,0
2025,2025-06-29,777304,Los Angeles Dodgers,0,5,7,0,5,0,2,1
2025,2025-06-29,777311,Chicago White Sox,1,5,11,0,6,1,5,1
2025,2025-06-29,777311,San Francisco Giants,0,2,6,1,11,0,-5,0
2025,2025-06-29,777301,Milwaukee Brewers,1,3,6,2,11,1,-5,0
2025,2025-06-29,777301,Colorado Rockies,0,4,11,1,6,2,5,1
2025,2025-06-29,777302,Texas Rangers,1,4,9,1,13,0,-4,0
2025,2025-06-29,777302,Seattle Mariners,0,6,13,0,9,1,4,1
2025,2025-06-29,777305,Los Angeles Angels,1,4,9,1,10,0,-1,0
2025,2025-06-29,777305,Washington Nationals,0,7,10,0,9,1,1,1
2025,2025-06-29,777303,Arizona Diamondbacks,1,4,6,2,6,0,0,0
2025,2025-06-29,777303,Miami Marlins,0,6,6,0,6,2,0,1
2025,2025-06-29,777314,Detroit Tigers,1,3,10,0,2,1,8,1
2025,2025-06-29,777314,Minnesota Twins,0,0,2,1,10,0,-8,0
2025,2025-06-30,777306,Philadelphia Phillies,1,4,6,0,7,0,-1,1
2025,2025-06-30,777306,San Diego Padres,0,0,7,0,6,0,1,0
2025,2025-06-30,777299,Pittsburgh Pirates,1,7,11,0,4,0,7,1
2025,2025-06-30,777299,St. Louis Cardinals,0,0,4,0,11,0,-7,0
2025,2025-06-30,777295,Toronto Blue Jays,1,5,10,0,7,1,3,1
2025,2025-06-30,777295,New York Yankees,0,4,7,1,10,0,-3,0
2025,2025-06-30,777300,Boston Red Sox,1,13,14,0,10,1,4,1
2025,2025-06-30,777300,Cincinnati Reds,0,6,10,1,14,0,-4,0
2025,2025-06-30,777296,Tampa Bay Rays,1,4,8,0,9,1,-1,0
2025,2025-06-30,777296,Athletics,0,6,9,1,8,0,1,1
2025,2025-06-30,777292,Texas Rangers,1,6,7,0,15,1,-8,0
2025,2025-06-30,777292,Baltimore Orioles,0,10,15,1,7,0,8,1
2025,2025-06-30,777297,Seattle Mariners,1,6,12,0,4,0,8,1
2025,2025-06-30,777297,Kansas City Royals,0,2,4,0,12,0,-8,0
2025,2025-06-30,777291,Arizona Diamondbacks,1,4,8,0,7,1,1,1
2025,2025-06-30,777291,San Francisco Giants,0,2,7,1,8,0,-1,0
2025,2025-07-01,777283,Toronto Blue Jays,1,12,8,2,9,0,-1,1
2025,2025-07-01,777283,New York Yankees,0,5,9,0,8,2,1,0
2025,2025-07-01,777288,Pittsburgh Pirates,1,1,4,0,7,0,-3,1
2025,2025-07-01,777288,St. Louis Cardinals,0,0,7,0,4,0,3,0
2025,2025-07-01,777293,Miami Marlins,1,2,8,0,2,0,6,1
2025,2025-07-01,777293,Minnesota Twins,0,0,2,0,8,0,-6,0
2025,2025-07-01,777286,Tampa Bay Rays,1,3,8,1,7,1,1,0
2025,2025-07-01,777286,Athletics,0,4,7,1,8,1,-1,1
2025,2025-07-01,777294,Boston Red Sox,1,5,8,0,3,0,5,1
2025,2025-07-01,777294,Cincinnati Reds,0,3,3,0,8,0,-5,0
2025,2025-07-01,777298,Atlanta Braves,1,0,7,1,8,0,-1,0
2025,2025-07-01,777298,Los Angeles Angels,0,4,8,0,7,1,1,1
2025,2025-07-01,777287,Chicago Cubs,1,5,10,0,5,1,5,1
2025,2025-07-01,777287,Cleveland Guardians,0,2,5,1,10,0,-5,0
2025,2025-07-01,777282,Texas Rangers,1,10,14,0,7,0,7,1
2025,2025-07-01,777282,Baltimore Orioles,0,2,7,0,14,0,-7,0
2025,2025-07-01,777285,Colorado Rockies,1,5,12,1,10,0,2,0
2025,2025-07-01,777285,Houston Astros,0,6,10,0,12,1,-2,1
2025,2025-07-01,777281,Seattle Mariners,1,3,7,0,10,0,-3,0
2025,2025-07-01,777281,Kansas City Royals,0,6,10,0,7,0,3,1
2025,2025-07-01,777278,Arizona Diamondbacks,1,8,9,1,6,0,3,1
2025,2025-07-01,777278,San Francisco Giants,0,2,6,0,9,1,-3,0
2025,2025-07-01,777280,Los Angeles Dodgers,1,6,7,0,3,0,4,1
2025,2025-07-01,777280,Chicago White Sox,0,1,3,0,7,0,-4,0
2025,2025-07-02,777271,Tampa Bay Rays,1,6,10,1,10,0,0,1
2025,2025-07-02,777271,Athletics,0,5,10,0,10,1,0,0
2025,2025-07-02,777272,Pittsburgh Pirates,1,5,8,0,6,0,2,1
2025,2025-07-02,777272,St. Louis Cardinals,0,0,6,0,8,0,-2,0
2025,2025-07-02,777284,Washington Nationals,1,2,9,0,15,1,-6,0
2025,2025-07-02,777284,Detroit Tigers,0,11,15,1,9,0,6,1
2025,2025-07-02,777265,Washington Nationals,1,9,11,0,8,0,3,1
2025,2025-07-02,777265,Detroit Tigers,0,4,8,0,11,0,-3,0
2025,2025-07-02,777273,Philadelphia Phillies,1,4,12,0,5,2,7,0
2025,2025-07-02,777273,San Diego Padres,0,6,5,2,12,0,-7,1
2025,2025-07-02,777290,Philadelphia Phillies,1,5,10,1,6,0,4,1
2025,2025-07-02,777290,San Diego Padres,0,1,6,0,10,1,-4,0
2025,2025-07-02,777289,New York Mets,1,2,2,0,10,0,-8,0
2025,2025-07-02,777289,Milwaukee Brewers,0,7,10,0,2,0,8,1
2025,2025-07-02,777276,New York Mets,1,7,9,0,7,0,2,1
2025,2025-07-02,777276,Milwaukee Brewers,0,3,7,0,9,0,-2,0
2025,2025-07-02,777275,Miami Marlins,1,1,8,0,8,0,0,0
2025,2025-07-02,777275,Minnesota Twins,0,2,8,0,8,0,0,1
2025,2025-07-02,777274,Toronto Blue Jays,1,11,13,0,15,1,-2,1
2025,2025-07-02,777274,New York Yankees,0,9,15,1,13,0,2,0
2025,2025-07-02,777277,Boston Red Sox,1,4,11,2,12,1,-1,0
2025,2025-07-02,777277,Cincinnati Reds,0,8,12,1,11,2,1,1
2025,2025-07-02,777279,Atlanta Braves,1,8,12,0,7,0,5,1
2025,2025-07-02,777279,Los Angeles Angels,0,3,7,0,12,0,-5,0
2025,2025-07-02,777266,Chicago Cubs,1,5,9,1,7,0,2,1
2025,2025-07-02,777266,Cleveland Guardians,0,4,7,0,9,1,-2,0
2025,2025-07-02,777268,Texas Rangers,1,6,11,0,5,1,6,1
2025,2025-07-02,777268,Baltimore Orioles,0,0,5,1,11,0,-6,0
2025,2025-07-02,777269,Colorado Rockies,1,3,10,1,16,0,-6,0
2025,2025-07-02,777269,Houston Astros,0,5,16,0,10,1,6,1
2025,2025-07-02,777262,Seattle Mariners,1,3,8,0,6,0,2,1
2025,2025-07-02,777262,Kansas City Royals,0,2,6,0,8,0,-2,0
2025,2025-07-02,777270,Arizona Diamondbacks,1,5,11,0,10,1,1,0
2025,2025-07-02,777270,San Francisco Giants,0,6,10,1,11,0,-1,1
2025,2025-07-02,777267,Los Angeles Dodgers,1,5,9,0,9,0,0,1
2025,2025-07-02,777267,Chicago White Sox,0,4,9,0,9,0,0,0
2025,2025-07-03,777263,Miami Marlins,1,4,8,1,5,0,3,1
2025,2025-07-03,777263,Minnesota Twins,0,1,5,0,8,1,-3,0
2025,2025-07-03,777264,Colorado Rockies,1,7,13,1,13,0,0,1
2025,2025-07-03,777264,Houston Astros,0,6,13,0,13,1,0,0
2025,2025-07-03,777258,Washington Nationals,1,11,15,0,8,3,7,1
2025,2025-07-03,777258,Detroit Tigers,0,7,8,3,15,0,-7,0
2025,2025-07-03,777260,Toronto Blue Jays,1,8,11,0,12,0,-1,1
2025,2025-07-03,777260,New York Yankees,0,5,12,0,11,0,1,0
2025,2025-07-03,777257,New York Mets,1,3,8,1,6,0,2,1
2025,2025-07-03,777257,Milwaukee Brewers,0,2,6,0,8,1,-2,0
2025,2025-07-03,777261,Atlanta Braves,1,1,5,0,11,0,-6,0
2025,2025-07-03,777261,Los Angeles Angels,0,5,11,0,5,0,6,1
2025,2025-07-03,777259,Chicago Cubs,1,1,3,0,7,0,-4,1
2025,2025-07-03,777259,Cleveland Guardians,0,0,7,0,3,0,4,0
2025,2025-07-03,777256,Arizona Diamondbacks,1,2,3,0,12,0,-9,0
2025,2025-07-03,777256,San Francisco Giants,0,7,12,0,3,0,9,1
2025,2025-07-03,777251,Seattle Mariners,1,2,10,0,5,1,5,0
2025,2025-07-03,777251,Kansas City Royals,0,3,5,1,10,0,-5,1
2025,2025-07-03,777253,Los Angeles Dodgers,1,6,7,1,4,1,3,1
2025,2025-07-03,777253,Chicago White Sox,0,2,4,1,7,1,-3,0
2025,2025-07-04,777245,Washington Nationals,1,2,6,0,16,0,-10,0
2025,2025-07-04,777245,Boston Red Sox,0,11,16,0,6,0,10,1
2025,2025-07-04,777255,Philadelphia Phillies,1,6,14,1,11,2,3,0
2025,2025-07-04,777255,Cincinnati Reds,0,9,11,2,14,1,-3,1
2025,2025-07-04,777246,Chicago Cubs,1,11,13,0,4,0,9,1
2025,2025-07-04,777246,St. Louis Cardinals,0,3,4,0,13,0,-9,0
2025,2025-07-04,777250,New York Mets,1,6,10,0,8,1,2,1
2025,2025-07-04,777250,New York Yankees,0,5,8,1,10,0,-2,0
2025,2025-07-04,777236,Seattle Mariners,1,6,7,1,5,1,2,1
2025,2025-07-04,777236,Pittsburgh Pirates,0,0,5,1,7,1,-2,0
2025,2025-07-04,777247,Minnesota Twins,1,4,8,0,8,0,0,1
2025,2025-07-04,777247,Tampa Bay Rays,0,3,8,0,8,0,0,0
2025,2025-07-04,777239,San Diego Padres,1,3,10,1,5,0,5,1
2025,2025-07-04,777239,Texas Rangers,0,2,5,0,10,1,-5,0
2025,2025-07-04,777242,Toronto Blue Jays,1,4,5,1,5,2,0,1
2025,2025-07-04,777242,Los Angeles Angels,0,3,5,2,5,1,0,0
2025,2025-07-04,777249,Cleveland Guardians,1,1,9,0,7,0,2,0
2025,2025-07-04,777249,Detroit Tigers,0,2,7,0,9,0,-2,1
2025,2025-07-04,777254,Miami Marlins,1,5,8,0,8,2,0,0
2025,2025-07-04,777254,Milwaukee Brewers,0,6,8,2,8,0,0,1
2025,2025-07-04,777252,Atlanta Braves,1,2,6,0,7,0,-1,0
2025,2025-07-04,777252,Baltimore Orioles,0,3,7,0,6,0,1,1
2025,2025-07-04,777243,Colorado Rockies,1,2,5,0,8,1,-3,0
2025,2025-07-04,777243,Chicago White Sox,0,3,8,1,5,0,3,1
2025,2025-07-04,777235,Los Angeles Dodgers,1,1,6,1,20,1,-14,0
2025,2025-07-04,777235,Houston Astros,0,18,20,1,6,1,14,1
2025,2025-07-04,777248,Arizona Diamondbacks,1,3,8,1,14,0,-6,0
2025,2025-07-04,777248,Kansas City Royals,0,9,14,0,8,1,6,1
2025,2025-07-04,777244,Athletics,1,11,12,2,6,3,6,1
2025,2025-07-04,777244,San Francisco Giants,0,2,6,3,12,2,-6,0
2025,2025-07-05,777230,Minnesota Twins,1,6,11,1,11,1,0,1
2025,2025-07-05,777230,Tampa Bay Rays,0,5,11,1,11,1,0,0
2025,2025-07-05,777229,Chicago Cubs,1,6,9,1,13,0,-4,0
2025,2025-07-05,777229,St. Louis Cardinals,0,8,13,0,9,1,4,1
2025,2025-07-05,777231,Toronto Blue Jays,1,4,13,0,7,1,6,1
2025,2025-07-05,777231,Los Angeles Angels,0,3,7,1,13,0,-6,0
2025,2025-07-05,777228,Washington Nationals,1,3,9,3,11,2,-2,0
2025,2025-07-05,777228,Boston Red Sox,0,10,11,2,9,3,2,1
2025,2025-07-05,777233,Philadelphia Phillies,1,5,5,1,8,1,-3,1
2025,2025-07-05,777233,Cincinnati Reds,0,1,8,1,5,1,3,0
2025,2025-07-05,777234,Arizona Diamondbacks,1,7,8,0,5,1,3,1
2025,2025-07-05,777234,Kansas City Royals,0,1,5,1,8,0,-3,0
2025,2025-07-05,777237,Atlanta Braves,1,6,10,0,8,0,2,0
2025,2025-07-05,777237,Baltimore Orioles,0,9,8,0,10,0,-2,1
2025,2025-07-05,777241,New York Mets,1,12,10,0,9,2,1,1
2025,2025-07-05,777241,New York Yankees,0,6,9,2,10,0,-1,0
2025,2025-07-05,777238,Miami Marlins,1,4,8,0,9,0,-1,1
2025,2025-07-05,777238,Milwaukee Brewers,0,2,9,0,8,0,1,0
2025,2025-07-05,777240,Cleveland Guardians,1,0,4,0,2,0,2,0
2025,2025-07-05,777240,Detroit Tigers,0,1,2,0,4,0,-2,1
2025,2025-07-05,777221,Los Angeles Dodgers,1,4,9,1,9,1,0,0
2025,2025-07-05,777221,Houston Astros,0,6,9,1,9,1,0,1
2025,2025-07-05,777232,Colorado Rockies,1,3,11,0,15,0,-4,0
2025,2025-07-05,777232,Chicago White Sox,0,10,15,0,11,0,4,1
2025,2025-07-05,777223,San Diego Padres,1,4,10,0,11,0,-1,0
2025,2025-07-05,777223,Texas Rangers,0,7,11,0,10,0,1,1
2025,2025-07-05,777227,Athletics,1,2,7,1,10,0,-3,0
2025,2025-07-05,777227,San Francisco Giants,0,7,10,0,7,1,3,1
2025,2025-07-05,777225,Seattle Mariners,1,1,5,0,2,0,3,1
2025,2025-07-05,777225,Pittsburgh Pirates,0,0,2,0,5,0,-3,0
2025,2025-07-06,777222,Atlanta Braves,1,1,7,0,6,0,1,0
2025,2025-07-06,777222,Baltimore Orioles,0,2,6,0,7,0,-1,1
2025,2025-07-06,777213,Washington Nationals,1,4,12,1,12,0,0,0
2025,2025-07-06,777213,Boston Red Sox,0,6,12,0,12,1,0,1
2025,2025-07-06,777217,Philadelphia Phillies,1,3,7,0,1,1,6,1
2025,2025-07-06,777217,Cincinnati Reds,0,1,1,1,7,0,-6,0
2025,2025-07-06,777214,Toronto Blue Jays,1,3,8,1,9,0,-1,1
2025,2025-07-06,777214,Los Angeles Angels,0,2,9,0,8,1,1,0
2025,2025-07-06,777226,Cleveland Guardians,1,2,6,2,6,0,0,0
2025,2025-07-06,777226,Detroit Tigers,0,7,6,0,6,2,0,1
2025,2025-07-06,777216,New York Mets,1,4,10,0,12,0,-2,0
2025,2025-07-06,777216,New York Yankees,0,6,12,0,10,0,2,1
2025,2025-07-06,777224,Miami Marlins,1,1,3,0,9,0,-6,0
2025,2025-07-06,777224,Milwaukee Brewers,0,3,9,0,3,0,6,1
2025,2025-07-06,777220,Minnesota Twins,1,5,7,1,11,1,-4,0
2025,2025-07-06,777220,Tampa Bay Rays,0,7,11,1,7,1,4,1
2025,2025-07-06,777215,Colorado Rockies,1,6,8,0,7,0,1,1
2025,2025-07-06,777215,Chicago White Sox,0,4,7,0,8,0,-1,0
2025,2025-07-06,777218,Arizona Diamondbacks,1,0,3,0,8,0,-5,0
2025,2025-07-06,777218,Kansas City Royals,0,4,8,0,3,0,5,1
2025,2025-07-06,777206,Los Angeles Dodgers,1,1,7,0,11,0,-4,0
2025,2025-07-06,777206,Houston Astros,0,5,11,0,7,0,4,1
2025,2025-07-06,777205,Seattle Mariners,1,1,7,1,5,0,2,1
2025,2025-07-06,777205,Pittsburgh Pirates,0,0,5,0,7,1,-2,0
2025,2025-07-06,777219,Chicago Cubs,1,11,13,0,6,1,7,1
2025,2025-07-06,777219,St. Louis Cardinals,0,0,6,1,13,0,-7,0
2025,2025-07-06,777207,San Diego Padres,1,4,10,0,6,1,4,1
2025,2025-07-06,777207,Texas Rangers,0,1,6,1,10,0,-4,0
2025,2025-07-06,777210,Athletics,1,2,5,1,9,0,-4,0
2025,2025-07-06,777210,San Francisco Giants,0,6,9,0,5,1,4,1
2025,2025-07-07,777211,Detroit Tigers,1,5,9,0,5,1,4,1
2025,2025-07-07,777211,Tampa Bay Rays,0,1,5,1,9,0,-4,0
2025,2025-07-07,777209,Boston Red Sox,1,9,14,1,7,1,7,1
2025,2025-07-07,777209,Colorado Rockies,0,3,7,1,14,1,-7,0
2025,2025-07-07,777208,Cincinnati Reds,1,1,3,2,10,0,-7,0
2025,2025-07-07,777208,Miami Marlins,0,5,10,0,3,2,7,1
2025,2025-07-07,777204,Kansas City Royals,1,9,12,1,4,0,8,1
2025,2025-07-07,777204,Pittsburgh Pirates,0,3,4,0,12,1,-8,0
2025,2025-07-07,777212,Chicago White Sox,1,4,8,0,8,1,0,0
2025,2025-07-07,777212,Toronto Blue Jays,0,8,8,1,8,0,0,1
2025,2025-07-07,777201,Milwaukee Brewers,1,9,8,0,7,2,1,1
2025,2025-07-07,777201,Los Angeles Dodgers,0,1,7,2,8,0,-1,0
2025,2025-07-07,777202,Houston Astros,1,5,5,0,10,0,-5,0
2025,2025-07-07,777202,Cleveland Guardians,0,7,10,0,5,0,5,1
2025,2025-07-07,777200,Los Angeles Angels,1,6,10,1,8,0,2,1
2025,2025-07-07,777200,Texas Rangers,0,5,8,0,10,1,-2,0
2025,2025-07-07,777203,San Diego Padres,1,3,7,0,9,2,-2,0
2025,2025-07-07,777203,Arizona Diamondbacks,0,6,9,2,7,0,2,1
2025,2025-07-07,777199,San Francisco Giants,1,3,8,0,6,0,2,1
2025,2025-07-07,777199,Philadelphia Phillies,0,1,6,0,8,0,-2,0
2025,2025-07-08,777198,Baltimore Orioles,1,6,9,0,11,0,-2,0
2025,2025-07-08,777198,New York Mets,0,7,11,0,9,0,2,1
2025,2025-07-08,777195,Detroit Tigers,1,4,4,1,8,0,-4,1
2025,2025-07-08,777195,Tampa Bay Rays,0,2,8,0,4,1,4,0
2025,2025-07-08,777187,New York Yankees,1,10,12,0,7,2,5,1
2025,2025-07-08,777187,Seattle Mariners,0,3,7,2,12,0,-5,0
2025,2025-07-08,777196,Boston Red Sox,1,10,10,0,5,2,5,1
2025,2025-07-08,777196,Colorado Rockies,0,2,5,2,10,0,-5,0
2025,2025-07-08,777197,Cincinnati Reds,1,2,5,1,12,1,-7,0
2025,2025-07-08,777197,Miami Marlins,0,12,12,1,5,1,7,1
2025,2025-07-08,777194,Kansas City Royals,1,4,7,1,6,0,1,1
2025,2025-07-08,777194,Pittsburgh Pirates,0,3,6,0,7,1,-1,0
2025,2025-07-08,777190,Minnesota Twins,1,8,12,0,6,0,6,1
2025,2025-07-08,777190,Chicago Cubs,0,1,6,0,12,0,-6,0
2025,2025-07-08,777188,Chicago White Sox,1,1,4,1,12,0,-8,0
2025,2025-07-08,777188,Toronto Blue Jays,0,6,12,0,4,1,8,1
2025,2025-07-08,777193,Milwaukee Brewers,1,3,8,0,4,0,4,1
2025,2025-07-08,777193,Los Angeles Dodgers,0,1,4,0,8,0,-4,0
2025,2025-07-08,777191,St. Louis Cardinals,1,4,7,0,8,0,-1,1
2025,2025-07-08,777191,Washington Nationals,0,2,8,0,7,0,1,0
2025,2025-07-08,777192,Houston Astros,1,6,11,0,8,0,3,0
2025,2025-07-08,777192,Cleveland Guardians,0,10,8,0,11,0,-3,1
2025,2025-07-08,777180,Los Angeles Angels,1,1,6,0,12,1,-6,0
2025,2025-07-08,777180,Texas Rangers,0,13,12,1,6,0,6,1
2025,2025-07-08,777185,San Diego Padres,1,1,4,0,3,0,1,1
2025,2025-07-08,777185,Arizona Diamondbacks,0,0,3,0,4,0,-1,0
2025,2025-07-08,777186,San Francisco Giants,1,4,9,1,9,0,0,1
2025,2025-07-08,777186,Philadelphia Phillies,0,3,9,0,9,1,0,0
2025,2025-07-08,777189,Athletics,1,10,10,1,6,0,4,1
2025,2025-07-08,777189,Atlanta Braves,0,1,6,0,10,1,-4,0
2025,2025-07-09,777172,Chicago White Sox,1,2,6,1,9,0,-3,1
2025,2025-07-09,777172,Toronto Blue Jays,0,1,9,0,6,1,3,0
2025,2025-07-09,777175,Milwaukee Brewers,1,3,8,0,5,1,3,1
2025,2025-07-09,777175,Los Angeles Dodgers,0,2,5,1,8,0,-3,0
2025,2025-07-09,777163,San Francisco Giants,1,0,4,3,17,0,-13,0
2025,2025-07-09,777163,Philadelphia Phillies,0,13,17,0,4,3,13,1
2025,2025-07-09,777182,Detroit Tigers,1,3,8,0,16,0,-8,0
2025,2025-07-09,777182,Tampa Bay Rays,0,7,16,0,8,0,8,1
2025,2025-07-09,777184,New York Yankees,1,9,13,0,7,1,6,1
2025,2025-07-09,777184,Seattle Mariners,0,6,7,1,13,0,-6,0
2025,2025-07-09,777179,Boston Red Sox,1,10,15,0,8,1,7,1
2025,2025-07-09,777179,Colorado Rockies,0,2,8,1,15,0,-7,0
2025,2025-07-09,777183,Cincinnati Reds,1,7,11,0,7,0,4,1
2025,2025-07-09,777183,Miami Marlins,0,2,7,0,11,0,-4,0
2025,2025-07-09,777177,Kansas City Royals,1,4,11,0,8,0,3,1
2025,2025-07-09,777177,Pittsburgh Pirates,0,3,8,0,11,0,-3,0
2025,2025-07-09,777173,Minnesota Twins,1,4,8,0,4,0,4,1
2025,2025-07-09,777173,Chicago Cubs,0,2,4,0,8,0,-4,0
2025,2025-07-09,777178,St. Louis Cardinals,1,2,7,0,9,0,-2,0
2025,2025-07-09,777178,Washington Nationals,0,8,9,0,7,0,2,1
2025,2025-07-09,777174,Houston Astros,1,2,6,0,6,0,0,0
2025,2025-07-09,777174,Cleveland Guardians,0,4,6,0,6,0,0,1
2025,2025-07-09,777171,Los Angeles Angels,1,11,12,1,10,2,2,1
2025,2025-07-09,777171,Texas Rangers,0,8,10,2,12,1,-2,0
2025,2025-07-09,777162,San Diego Padres,1,2,4,0,8,0,-4,0
2025,2025-07-09,777162,Arizona Diamondbacks,0,8,8,0,4,0,4,1
2025,2025-07-09,777176,Athletics,1,2,9,0,11,0,-2,0
2025,2025-07-09,777176,Atlanta Braves,0,9,11,0,9,0,2,1
2025,2025-07-10,777165,Baltimore Orioles,1,3,6,1,5,0,1,1
2025,2025-07-10,777165,New York Mets,0,1,5,0,6,1,-1,0
2025,2025-07-10,777181,Baltimore Orioles,1,7,9,0,5,1,4,1
2025,2025-07-10,777181,New York Mets,0,3,5,1,9,0,-4,0
2025,2025-07-10,777166,Minnesota Twins,1,1,4,0,14,0,-10,0
2025,2025-07-10,777166,Chicago Cubs,0,8,14,0,4,0,10,1
2025,2025-07-10,777168,Cincinnati Reds,1,6,9,0,4,2,5,1
2025,2025-07-10,777168,Miami Marlins,0,0,4,2,9,0,-5,0
2025,2025-07-10,777169,New York Yankees,1,6,6,0,9,0,-3,1
2025,2025-07-10,777169,Seattle Mariners,0,5,9,0,6,0,3,0
2025,2025-07-10,777170,Boston Red Sox,1,4,4,1,7,0,-3,1
2025,2025-07-10,777170,Tampa Bay Rays,0,3,7,0,4,1,3,0
2025,2025-07-10,777167,St. Louis Cardinals,1,8,10,0,4,0,6,1
2025,2025-07-10,777167,Washington Nationals,0,1,4,0,10,0,-6,0
2025,2025-07-10,777156,Athletics,1,5,8,0,5,0,3,1
2025,2025-07-10,777156,Atlanta Braves,0,4,5,0,8,0,-3,0
2025,2025-07-10,777159,Los Angeles Angels,1,4,10,0,13,0,-3,0
2025,2025-07-10,777159,Texas Rangers,0,11,13,0,10,0,3,1
2025,2025-07-10,777158,San Diego Padres,1,4,13,1,9,1,4,1
2025,2025-07-10,777158,Arizona Diamondbacks,0,3,9,1,13,1,-4,0
2025,2025-07-11,777164,Chicago White Sox,1,2,2,0,5,0,-3,0
2025,2025-07-11,777164,Cleveland Guardians,0,4,5,0,2,0,3,1
2025,2025-07-11,777146,Chicago White Sox,1,5,5,0,8,1,-3,1
2025,2025-07-11,777146,Cleveland Guardians,0,4,8,1,5,0,3,0
2025,2025-07-11,777157,Baltimore Orioles,1,5,12,0,5,0,7,1
2025,2025-07-11,777157,Miami Marlins,0,2,5,0,12,0,-7,0
2025,2025-07-11,777153,New York Yankees,1,11,15,0,5,0,10,1
2025,2025-07-11,777153,Chicago Cubs,0,0,5,0,15,0,-10,0
2025,2025-07-11,777160,Cincinnati Reds,1,2,8,0,6,1,2,0
2025,2025-07-11,777160,Colorado Rockies,0,3,6,1,8,0,-2,1
2025,2025-07-11,777161,Detroit Tigers,1,3,6,1,11,1,-5,0
2025,2025-07-11,777161,Seattle Mariners,0,12,11,1,6,1,5,1
2025,2025-07-11,777155,Boston Red Sox,1,5,8,1,8,0,0,1
2025,2025-07-11,777155,Tampa Bay Rays,0,4,8,0,8,1,0,0
2025,2025-07-11,777151,Kansas City Royals,1,3,10,0,8,0,2,0
2025,2025-07-11,777151,New York Mets,0,8,8,0,10,0,-2,1
2025,2025-07-11,777154,Houston Astros,1,3,8,0,13,0,-5,0
2025,2025-07-11,777154,Texas Rangers,0,7,13,0,8,0,5,1
2025,2025-07-11,777148,Minnesota Twins,1,2,7,0,8,0,-1,1
2025,2025-07-11,777148,Pittsburgh Pirates,0,1,8,0,7,0,1,0
2025,2025-07-11,777149,Milwaukee Brewers,1,8,10,0,6,0,4,1
2025,2025-07-11,777149,Washington Nationals,0,3,6,0,10,0,-4,0
2025,2025-07-11,777147,St. Louis Cardinals,1,5,10,0,12,1,-2,0
2025,2025-07-11,777147,Atlanta Braves,0,6,12,1,10,0,2,1
2025,2025-07-11,777150,Los Angeles Angels,1,6,12,1,11,0,1,1
2025,2025-07-11,777150,Arizona Diamondbacks,0,5,11,0,12,1,-1,0
2025,2025-07-11,777139,San Diego Padres,1,4,8,0,5,2,3,1
2025,2025-07-11,777139,Philadelphia Phillies,0,2,5,2,8,0,-3,0
2025,2025-07-11,777152,Athletics,1,6,10,1,12,0,-2,0
2025,2025-07-11,777152,Toronto Blue Jays,0,7,12,0,10,1,2,1
2025,2025-07-11,777143,San Francisco Giants,1,8,9,1,11,0,-2,1
2025,2025-07-11,777143,Los Angeles Dodgers,0,7,11,0,9,1,2,0
2025,2025-07-12,777142,New York Yankees,1,2,6,1,8,0,-2,0
2025,2025-07-12,777142,Chicago Cubs,0,5,8,0,6,1,2,1
2025,2025-07-12,777145,Detroit Tigers,1,7,10,1,19,0,-9,0
2025,2025-07-12,777145,Seattle Mariners,0,15,19,0,10,1,9,1
2025,2025-07-12,777134,Minnesota Twins,1,12,14,1,6,1,8,1
2025,2025-07-12,777134,Pittsburgh Pirates,0,4,6,1,14,1,-8,0
2025,2025-07-12,777133,St. Louis Cardinals,1,6,7,0,10,0,-3,0
2025,2025-07-12,777133,Atlanta Braves,0,7,10,0,7,0,3,1
2025,2025-07-12,777127,San Francisco Giants,1,1,3,1,8,0,-5,0
2025,2025-07-12,777127,Los Angeles Dodgers,0,2,8,0,3,1,5,1
2025,2025-07-12,777141,Baltimore Orioles,1,0,6,1,9,0,-3,0
2025,2025-07-12,777141,Miami Marlins,0,6,9,0,6,1,3,1
2025,2025-07-12,777140,Cincinnati Reds,1,4,11,0,8,0,3,1
2025,2025-07-12,777140,Colorado Rockies,0,3,8,0,11,0,-3,0
2025,2025-07-12,777136,Kansas City Royals,1,1,4,0,6,1,-2,0
2025,2025-07-12,777136,New York Mets,0,3,6,1,4,0,2,1
2025,2025-07-12,777144,Boston Red Sox,1,1,5,0,3,0,2,1
2025,2025-07-12,777144,Tampa Bay Rays,0,0,3,0,5,0,-2,0
2025,2025-07-12,777138,Chicago White Sox,1,2,6,1,7,0,-1,0
2025,2025-07-12,777138,Cleveland Guardians,0,6,7,0,6,1,1,1
2025,2025-07-12,777135,Milwaukee Brewers,1,6,9,0,11,0,-2,1
2025,2025-07-12,777135,Washington Nationals,0,5,11,0,9,0,2,0
2025,2025-07-12,777137,Houston Astros,1,5,7,1,8,0,-1,1
2025,2025-07-12,777137,Texas Rangers,0,4,8,0,7,1,1,0
2025,2025-07-12,777126,San Diego Padres,1,5,8,2,9,0,-1,1
2025,2025-07-12,777126,Philadelphia Phillies,0,4,9,0,8,2,1,0
2025,2025-07-12,777131,Los Angeles Angels,1,10,15,0,8,0,7,1
2025,2025-07-12,777131,Arizona Diamondbacks,0,5,8,0,15,0,-7,0
2025,2025-07-12,777132,Athletics,1,4,8,0,6,1,2,1
2025,2025-07-12,777132,Toronto Blue Jays,0,3,6,1,8,0,-2,0
2025,2025-07-13,777130,Boston Red Sox,1,4,8,1,8,1,0,1
2025,2025-07-13,777130,Tampa Bay Rays,0,1,8,1,8,1,0,0
2025,2025-07-13,777129,Baltimore Orioles,1,1,5,0,18,0,-13,0
2025,2025-07-13,777129,Miami Marlins,0,11,18,0,5,0,13,1
2025,2025-07-13,777122,New York Yankees,1,1,2,0,10,0,-8,0
2025,2025-07-13,777122,Chicago Cubs,0,4,10,0,2,0,8,1
2025,2025-07-13,777128,Cincinnati Reds,1,4,11,0,7,1,4,1
2025,2025-07-13,777128,Colorado Rockies,0,2,7,1,11,0,-4,0
2025,2025-07-13,777121,Detroit Tigers,1,4,8,1,10,1,-2,0
2025,2025-07-13,777121,Seattle Mariners,0,8,10,1,8,1,2,1
2025,2025-07-13,777124,Kansas City Royals,1,3,10,0,9,0,1,1
2025,2025-07-13,777124,New York Mets,0,2,9,0,10,0,-1,0
2025,2025-07-13,777125,Houston Astros,1,1,6,0,8,0,-2,0
2025,2025-07-13,777125,Texas Rangers,0,5,8,0,6,0,2,1
2025,2025-07-13,777113,Minnesota Twins,1,1,7,0,10,0,-3,0
2025,2025-07-13,777113,Pittsburgh Pirates,0,2,10,0,7,0,3,1
2025,2025-07-13,777120,Chicago White Sox,1,5,9,1,5,0,4,0
2025,2025-07-13,777120,Cleveland Guardians,0,6,5,0,9,1,-4,1
2025,2025-07-13,777123,Milwaukee Brewers,1,8,9,2,4,1,5,1
2025,2025-07-13,777123,Washington Nationals,0,1,4,1,9,2,-5,0
2025,2025-07-13,777118,St. Louis Cardinals,1,5,8,2,9,0,-1,1
2025,2025-07-13,777118,Atlanta Braves,0,4,9,0,8,2,1,0
2025,2025-07-13,777119,San Francisco Giants,1,2,5,0,6,0,-1,0
2025,2025-07-13,777119,Los Angeles Dodgers,0,5,6,0,5,0,1,1
2025,2025-07-13,777116,Athletics,1,6,8,0,4,3,4,1
2025,2025-07-13,777116,Toronto Blue Jays,0,3,4,3,8,0,-4,0
2025,2025-07-13,777115,Los Angeles Angels,1,1,3,3,7,0,-4,0
2025,2025-07-13,777115,Arizona Diamondbacks,0,5,7,0,3,3,4,1
2025,2025-07-13,777117,San Diego Padres,1,1,7,2,6,0,1,0
2025,2025-07-13,777117,Philadelphia Phillies,0,2,6,0,7,2,-1,1
2025,2025-07-18,777101,Chicago Cubs,1,4,6,0,7,0,-1,1
2025,2025-07-18,777101,Boston Red Sox,0,1,7,0,6,0,1,0
2025,2025-07-18,777107,Pittsburgh Pirates,1,1,5,0,11,0,-6,0
2025,2025-07-18,777107,Chicago White Sox,0,10,11,0,5,0,6,1
2025,2025-07-18,777112,Washington Nationals,1,2,9,0,11,0,-2,0
2025,2025-07-18,777112,San Diego Padres,0,7,11,0,9,0,2,1
2025,2025-07-18,777106,Philadelphia Phillies,1,5,7,0,10,0,-3,0
2025,2025-07-18,777106,Los Angeles Angels,0,6,10,0,7,0,3,1
2025,2025-07-18,777108,Toronto Blue Jays,1,4,10,0,11,0,-1,1
2025,2025-07-18,777108,San Francisco Giants,0,0,11,0,10,0,1,0
2025,2025-07-18,777111,New York Mets,1,4,7,0,8,1,-1,0
2025,2025-07-18,777111,Cincinnati Reds,0,8,8,1,7,0,1,1
2025,2025-07-18,777105,Cleveland Guardians,1,8,9,0,9,1,0,1
2025,2025-07-18,777105,Athletics,0,6,9,1,9,0,0,0
2025,2025-07-18,777109,Miami Marlins,1,8,11,0,11,0,0,1
2025,2025-07-18,777109,Kansas City Royals,0,7,11,0,11,0,0,0
2025,2025-07-18,777114,Atlanta Braves,1,7,9,1,8,0,1,1
2025,2025-07-18,777114,New York Yankees,0,3,8,0,9,1,-1,0
2025,2025-07-18,777110,Tampa Bay Rays,1,11,13,0,5,1,8,1
2025,2025-07-18,777110,Baltimore Orioles,0,1,5,1,13,0,-8,0
2025,2025-07-18,777098,Texas Rangers,1,2,4,0,4,1,0,1
2025,2025-07-18,777098,Detroit Tigers,0,0,4,1,4,0,0,0
2025,2025-07-18,777102,Colorado Rockies,1,6,13,0,10,0,3,1
2025,2025-07-18,777102,Minnesota Twins,0,4,10,0,13,0,-3,0
2025,2025-07-18,777100,Arizona Diamondbacks,1,7,11,0,10,1,1,1
2025,2025-07-18,777100,St. Louis Cardinals,0,3,10,1,11,0,-1,0
2025,2025-07-18,777099,Seattle Mariners,1,6,6,1,4,0,2,1
2025,2025-07-18,777099,Houston Astros,0,1,4,0,6,1,-2,0
2025,2025-07-18,777103,Los Angeles Dodgers,1,0,3,0,9,0,-6,0
2025,2025-07-18,777103,Milwaukee Brewers,0,2,9,0,3,0,6,1
2025,2025-07-19,777094,Toronto Blue Jays,1,6,14,0,4,0,10,1
2025,2025-07-19,777094,San Francisco Giants,0,3,4,0,14,0,-10,0
2025,2025-07-19,777092,New York Mets,1,2,7,1,8,1,-1,0
2025,2025-07-19,777092,Cincinnati Reds,0,5,8,1,7,1,1,1
2025,2025-07-19,777093,Miami Marlins,1,3,6,0,3,0,3,1
2025,2025-07-19,777093,Kansas City Royals,0,1,3,0,6,0,-3,0
2025,2025-07-19,777089,Philadelphia Phillies,1,9,9,0,12,0,-3,1
2025,2025-07-19,777089,Los Angeles Angels,0,5,12,0,9,0,3,0
2025,2025-07-19,777090,Pittsburgh Pirates,1,4,13,1,13,0,0,0
2025,2025-07-19,777090,Chicago White Sox,0,10,13,0,13,1,0,1
2025,2025-07-19,777091,Washington Nationals,1,4,6,1,6,0,0,1
2025,2025-07-19,777091,San Diego Padres,0,2,6,0,6,1,0,0
2025,2025-07-19,777095,Tampa Bay Rays,1,4,5,0,11,1,-6,1
2025,2025-07-19,777095,Baltimore Orioles,0,3,11,1,5,0,6,0
2025,2025-07-19,777088,Texas Rangers,1,4,4,0,3,0,1,1
2025,2025-07-19,777088,Detroit Tigers,0,1,3,0,4,0,-1,0
2025,2025-07-19,777104,Cleveland Guardians,1,2,3,0,14,0,-11,0
2025,2025-07-19,777104,Athletics,0,8,14,0,3,0,11,1
2025,2025-07-19,777096,Chicago Cubs,1,6,11,1,6,0,5,1
2025,2025-07-19,777096,Boston Red Sox,0,0,6,0,11,1,-5,0
2025,2025-07-19,777081,Arizona Diamondbacks,1,10,13,1,7,1,6,1
2025,2025-07-19,777081,St. Louis Cardinals,0,1,7,1,13,1,-6,0
2025,2025-07-19,777097,Atlanta Braves,1,9,10,1,11,0,-1,0
2025,2025-07-19,777097,New York Yankees,0,12,11,0,10,1,1,1
2025,2025-07-19,777080,Colorado Rockies,1,10,15,0,8,1,7,1
2025,2025-07-19,777080,Minnesota Twins,0,6,8,1,15,0,-7,0
2025,2025-07-19,777085,Los Angeles Dodgers,1,7,10,1,13,0,-3,0
2025,2025-07-19,777085,Milwaukee Brewers,0,8,13,0,10,1,3,1
2025,2025-07-19,777086,Seattle Mariners,1,7,7,1,12,1,-5,1
2025,2025-07-19,777086,Houston Astros,0,6,12,1,7,1,5,0
2025,2025-07-20,777079,Toronto Blue Jays,1,8,9,0,12,0,-3,1
2025,2025-07-20,777079,San Francisco Giants,0,6,12,0,9,0,3,0
2025,2025-07-20,777076,Tampa Bay Rays,1,3,7,0,9,1,-2,0
2025,2025-07-20,777076,Baltimore Orioles,0,5,9,1,7,0,2,1
2025,2025-07-20,777077,Washington Nationals,1,1,6,0,13,1,-7,0
2025,2025-07-20,777077,San Diego Padres,0,8,13,1,6,0,7,1
2025,2025-07-20,777078,Philadelphia Phillies,1,2,6,1,14,1,-8,0
2025,2025-07-20,777078,Los Angeles Angels,0,8,14,1,6,1,8,1
2025,2025-07-20,777074,Pittsburgh Pirates,1,2,4,1,10,1,-6,0
2025,2025-07-20,777074,Chicago White Sox,0,7,10,1,4,1,6,1
2025,2025-07-20,777083,Atlanta Braves,1,2,7,0,9,0,-2,0
2025,2025-07-20,777083,New York Yankees,0,4,9,0,7,0,2,1
2025,2025-07-20,777087,New York Mets,1,3,7,1,7,0,0,1
2025,2025-07-20,777087,Cincinnati Reds,0,2,7,0,7,1,0,0
2025,2025-07-20,777084,Cleveland Guardians,1,8,12,0,7,0,5,1
2025,2025-07-20,777084,Athletics,0,2,7,0,12,0,-5,0
2025,2025-07-20,777082,Miami Marlins,1,4,7,2,9,2,-2,0
2025,2025-07-20,777082,Kansas City Royals,0,7,9,2,7,2,2,1
2025,2025-07-20,777075,Chicago Cubs,1,1,8,0,7,1,1,0
2025,2025-07-20,777075,Boston Red Sox,0,6,7,1,8,0,-1,1
2025,2025-07-20,777072,Colorado Rockies,1,1,6,1,12,0,-6,0
2025,2025-07-20,777072,Minnesota Twins,0,7,12,0,6,1,6,1
2025,2025-07-20,777067,Seattle Mariners,1,3,10,1,13,0,-3,0
2025,2025-07-20,777067,Houston Astros,0,11,13,0,10,1,3,1
2025,2025-07-20,777071,Arizona Diamondbacks,1,5,7,0,7,0,0,1
2025,2025-07-20,777071,St. Louis Cardinals,0,3,7,0,7,0,0,0
2025,2025-07-20,777070,Los Angeles Dodgers,1,5,6,3,11,1,-5,0
2025,2025-07-20,777070,Milwaukee Brewers,0,6,11,1,6,3,5,1
2025,2025-07-20,777073,Texas Rangers,1,1,4,0,9,0,-5,0
2025,2025-07-20,777073,Detroit Tigers,0,2,9,0,4,0,5,1
2025,2025-07-21,777068,Cleveland Guardians,1,10,14,1,6,2,8,1
2025,2025-07-21,777068,Baltimore Orioles,0,5,6,2,14,1,-8,0
2025,2025-07-21,777060,Pittsburgh Pirates,1,3,9,0,5,0,4,1
2025,2025-07-21,777060,Detroit Tigers,0,0,5,0,9,0,-4,0
2025,2025-07-21,777062,Miami Marlins,1,1,9,0,5,0,4,0
2025,2025-07-21,777062,San Diego Padres,0,2,5,0,9,0,-4,1
2025,2025-07-21,777064,Washington Nationals,1,10,15,0,9,0,6,1
2025,2025-07-21,777064,Cincinnati Reds,0,8,9,0,15,0,-6,0
2025,2025-07-21,777063,Philadelphia Phillies,1,3,7,0,8,0,-1,1
2025,2025-07-21,777063,Boston Red Sox,0,2,8,0,7,0,1,0
2025,2025-07-21,777066,Toronto Blue Jays,1,4,6,1,5,2,1,1
2025,2025-07-21,777066,New York Yankees,0,1,5,2,6,1,-1,0
2025,2025-07-21,777061,New York Mets,1,7,6,1,9,1,-3,1
2025,2025-07-21,777061,Los Angeles Angels,0,5,9,1,6,1,3,0
2025,2025-07-21,777069,Atlanta Braves,1,9,8,0,12,2,-4,1
2025,2025-07-21,777069,San Francisco Giants,0,5,12,2,8,0,4,0
2025,2025-07-21,777059,Tampa Bay Rays,1,3,5,0,11,2,-6,0
2025,2025-07-21,777059,Chicago White Sox,0,8,11,2,5,0,6,1
2025,2025-07-21,777065,Chicago Cubs,1,4,9,1,14,0,-5,0
2025,2025-07-21,777065,Kansas City Royals,0,12,14,0,9,1,5,1
2025,2025-07-21,777057,Texas Rangers,1,7,7,0,5,0,2,1
2025,2025-07-21,777057,Athletics,0,2,5,0,7,0,-2,0
2025,2025-07-21,777053,Colorado Rockies,1,2,8,0,15,1,-7,0
2025,2025-07-21,777053,St. Louis Cardinals,0,6,15,1,8,0,7,1
2025,2025-07-21,777055,Arizona Diamondbacks,1,3,8,0,10,1,-2,0
2025,2025-07-21,777055,Houston Astros,0,6,10,1,8,0,2,1
2025,2025-07-21,777050,Seattle Mariners,1,0,5,1,10,0,-5,0
2025,2025-07-21,777050,Milwaukee Brewers,0,6,10,0,5,1,5,1
2025,2025-07-21,777051,Los Angeles Dodgers,1,5,7,0,9,1,-2,1
2025,2025-07-21,777051,Minnesota Twins,0,2,9,1,7,0,2,0
2025,2025-07-22,777056,Cleveland Guardians,1,6,7,0,7,0,0,1
2025,2025-07-22,777056,Baltimore Orioles,0,3,7,0,7,0,0,0
2025,2025-07-22,777044,Pittsburgh Pirates,1,8,14,0,10,3,4,1
2025,2025-07-22,777044,Detroit Tigers,0,5,10,3,14,0,-4,0
2025,2025-07-22,777052,Miami Marlins,1,4,11,0,7,1,4,1
2025,2025-07-22,777052,San Diego Padres,0,3,7,1,11,0,-4,0
2025,2025-07-22,777042,Washington Nationals,1,6,7,0,10,1,-3,1
2025,2025-07-22,777042,Cincinnati Reds,0,1,10,1,7,0,3,0
2025,2025-07-22,777045,Philadelphia Phillies,1,4,7,0,4,0,3,1
2025,2025-07-22,777045,Boston Red Sox,0,1,4,0,7,0,-3,0
2025,2025-07-22,777048,Tampa Bay Rays,1,4,5,0,6,1,-1,1
2025,2025-07-22,777048,Chicago White Sox,0,3,6,1,5,0,1,0
2025,2025-07-22,777046,Toronto Blue Jays,1,4,11,0,6,1,5,0
2025,2025-07-22,777046,New York Yankees,0,5,6,1,11,0,-5,1
2025,2025-07-22,777054,New York Mets,1,3,5,0,11,2,-6,1
2025,2025-07-22,777054,Los Angeles Angels,0,2,11,2,5,0,6,0
2025,2025-07-22,777058,Atlanta Braves,1,0,8,0,10,0,-2,0
2025,2025-07-22,777058,San Francisco Giants,0,9,10,0,8,0,2,1
2025,2025-07-22,777047,Chicago Cubs,1,6,9,0,6,3,3,1
2025,2025-07-22,777047,Kansas City Royals,0,0,6,3,9,0,-3,0
2025,2025-07-22,777043,Texas Rangers,1,6,10,1,7,0,3,1
2025,2025-07-22,777043,Athletics,0,2,7,0,10,1,-3,0
2025,2025-07-22,777049,Colorado Rockies,1,8,11,0,11,1,0,1
2025,2025-07-22,777049,St. Louis Cardinals,0,4,11,1,11,0,0,0
2025,2025-07-22,777040,Arizona Diamondbacks,1,1,10,2,10,0,0,0
2025,2025-07-22,777040,Houston Astros,0,3,10,0,10,2,0,1
2025,2025-07-22,777035,Seattle Mariners,1,1,4,0,3,0,1,1
2025,2025-07-22,777035,Milwaukee Brewers,0,0,3,0,4,0,-1,0
2025,2025-07-22,777039,Los Angeles Dodgers,1,7,8,2,10,0,-2,0
2025,2025-07-22,777039,Minnesota Twins,0,10,10,0,8,2,2,1
2025,2025-07-23,777026,Washington Nationals,1,0,4,1,8,1,-4,0
2025,2025-07-23,777026,Cincinnati Reds,0,5,8,1,4,1,4,1
2025,2025-07-23,777037,Miami Marlins,1,3,5,1,7,1,-2,1
2025,2025-07-23,777037,San Diego Padres,0,2,7,1,5,1,2,0
2025,2025-07-23,777041,Atlanta Braves,1,3,7,0,10,0,-3,0
2025,2025-07-23,777041,San Francisco Giants,0,9,10,0,7,0,3,1
2025,2025-07-23,777029,Pittsburgh Pirates,1,6,8,0,5,0,3,1
2025,2025-07-23,777029,Detroit Tigers,0,1,5,0,8,0,-3,0
2025,2025-07-23,777034,New York Mets,1,6,10,0,5,0,5,1
2025,2025-07-23,777034,Los Angeles Angels,0,3,5,0,10,0,-5,0
2025,2025-07-23,777031,Chicago Cubs,1,4,7,2,8,0,-1,0
2025,2025-07-23,777031,Kansas City Royals,0,8,8,0,7,2,1,1
2025,2025-07-23,777028,Colorado Rockies,1,6,12,0,5,0,7,1
2025,2025-07-23,777028,St. Louis Cardinals,0,0,5,0,12,0,-7,0
2025,2025-07-23,777032,Arizona Diamondbacks,1,3,9,1,11,0,-2,0
2025,2025-07-23,777032,Houston Astros,0,4,11,0,9,1,2,1
2025,2025-07-23,777024,Seattle Mariners,1,2,7,1,17,0,-10,0
2025,2025-07-23,777024,Milwaukee Brewers,0,10,17,0,7,1,10,1
2025,2025-07-23,777022,Los Angeles Dodgers,1,4,9,0,5,0,4,1
2025,2025-07-23,777022,Minnesota Twins,0,3,5,0,9,0,-4,0
2025,2025-07-23,777036,Cleveland Guardians,1,3,4,0,5,0,-1,1
2025,2025-07-23,777036,Baltimore Orioles,0,2,5,0,4,0,1,0
2025,2025-07-23,777027,Toronto Blue Jays,1,8,10,1,5,4,5,1
2025,2025-07-23,777027,New York Yankees,0,4,5,4,10,1,-5,0
2025,2025-07-23,777038,Philadelphia Phillies,1,8,11,0,7,0,4,0
2025,2025-07-23,777038,Boston Red Sox,0,9,7,0,11,0,-4,1
2025,2025-07-23,777030,Tampa Bay Rays,1,9,15,1,11,1,4,0
2025,2025-07-23,777030,Chicago White Sox,0,11,11,1,15,1,-4,1
2025,2025-07-23,777033,Texas Rangers,1,2,4,0,7,0,-3,1
2025,2025-07-23,777033,Athletics,0,1,7,0,4,0,3,0
2025,2025-07-24,777019,Cleveland Guardians,1,3,7,0,8,0,-1,0
2025,2025-07-24,777019,Baltimore Orioles,0,4,8,0,7,0,1,1
2025,2025-07-24,777021,Detroit Tigers,1,4,9,0,15,0,-6,0
2025,2025-07-24,777021,Toronto Blue Jays,0,11,15,0,9,0,6,1
2025,2025-07-24,777023,St. Louis Cardinals,1,9,12,1,13,0,-1,1
2025,2025-07-24,777023,San Diego Padres,0,7,13,0,12,1,1,0
2025,2025-07-24,777025,Houston Astros,1,2,6,1,12,0,-6,0
2025,2025-07-24,777025,Athletics,0,5,12,0,6,1,6,1
2025,2025-07-24,777018,Los Angeles Angels,1,2,7,1,8,0,-1,0
2025,2025-07-24,777018,Seattle Mariners,0,4,8,0,7,1,1,1
2025,2025-07-25,777008,Milwaukee Brewers,1,1,4,3,8,0,-4,0
2025,2025-07-25,777008,Miami Marlins,0,5,8,0,4,3,4,1
2025,2025-07-25,777014,Pittsburgh Pirates,1,0,1,0,5,0,-4,0
2025,2025-07-25,777014,Arizona Diamondbacks,0,1,5,0,1,0,4,1
2025,2025-07-25,777020,Baltimore Orioles,1,5,10,0,7,0,3,0
2025,2025-07-25,777020,Colorado Rockies,0,6,7,0,10,0,-3,1
2025,2025-07-25,777015,New York Yankees,1,5,10,2,14,0,-4,0
2025,2025-07-25,777015,Philadelphia Phillies,0,12,14,0,10,2,4,1
2025,2025-07-25,777012,Boston Red Sox,1,2,5,0,10,0,-5,0
2025,2025-07-25,777012,Los Angeles Dodgers,0,5,10,0,5,0,5,1
2025,2025-07-25,777013,Cincinnati Reds,1,7,14,0,6,0,8,1
2025,2025-07-25,777013,Tampa Bay Rays,0,2,6,0,14,0,-8,0
2025,2025-07-25,777016,Detroit Tigers,1,2,5,2,13,0,-8,0
2025,2025-07-25,777016,Toronto Blue Jays,0,6,13,0,5,2,8,1
2025,2025-07-25,777005,St. Louis Cardinals,1,3,5,1,11,1,-6,1
2025,2025-07-25,777005,San Diego Padres,0,0,11,1,5,1,6,0
2025,2025-07-25,777017,Chicago White Sox,1,12,18,0,9,1,9,1
2025,2025-07-25,777017,Chicago Cubs,0,5,9,1,18,0,-9,0
2025,2025-07-25,777009,Texas Rangers,1,8,8,1,6,1,2,1
2025,2025-07-25,777009,Atlanta Braves,0,3,6,1,8,1,-2,0
2025,2025-07-25,777007,Houston Astros,1,3,6,0,16,0,-10,0
2025,2025-07-25,777007,Athletics,0,15,16,0,6,0,10,1
2025,2025-07-25,777011,Minnesota Twins,1,1,3,0,3,0,0,1
2025,2025-07-25,777011,Washington Nationals,0,0,3,0,3,0,0,0
2025,2025-07-25,777006,Los Angeles Angels,1,3,5,0,6,0,-1,1
2025,2025-07-25,777006,Seattle Mariners,0,2,6,0,5,0,1,0
2025,2025-07-25,777004,San Francisco Giants,1,1,9,0,10,0,-1,0
2025,2025-07-25,777004,New York Mets,0,8,10,0,9,0,1,1
2025,2025-07-26,777001,New York Yankees,1,4,9,1,13,0,-4,0
2025,2025-07-26,777001,Philadelphia Phillies,0,9,13,0,9,1,4,1
2025,2025-07-26,777010,Kansas City Royals,1,5,6,0,9,0,-3,1
2025,2025-07-26,777010,Cleveland Guardians,0,3,9,0,6,0,3,0
2025,2025-07-26,776990,Kansas City Royals,1,4,8,1,9,0,-1,0
2025,2025-07-26,776990,Cleveland Guardians,0,6,9,0,8,1,1,1
2025,2025-07-26,777003,Detroit Tigers,1,1,2,1,12,1,-10,0
2025,2025-07-26,777003,Toronto Blue Jays,0,6,12,1,2,1,10,1
2025,2025-07-26,777002,Pittsburgh Pirates,1,2,6,0,4,1,2,1
2025,2025-07-26,777002,Arizona Diamondbacks,0,0,4,1,6,0,-2,0
2025,2025-07-26,777000,Cincinnati Reds,1,6,7,1,5,1,2,1
2025,2025-07-26,777000,Tampa Bay Rays,0,2,5,1,7,1,-2,0
2025,2025-07-26,776999,Baltimore Orioles,1,18,18,0,2,2,16,1
2025,2025-07-26,776999,Colorado Rockies,0,0,2,2,18,0,-16,0
2025,2025-07-26,776993,Texas Rangers,1,6,8,0,8,0,0,1
2025,2025-07-26,776993,Atlanta Braves,0,5,8,0,8,0,0,0
2025,2025-07-26,776991,Houston Astros,1,1,4,2,7,0,-3,0
2025,2025-07-26,776991,Athletics,0,5,7,0,4,2,3,1
2025,2025-07-26,776997,Minnesota Twins,1,3,12,1,12,0,0,0
2025,2025-07-26,776997,Washington Nationals,0,9,12,0,12,1,0,1
2025,2025-07-26,776994,Chicago White Sox,1,1,6,0,10,0,-4,0
2025,2025-07-26,776994,Chicago Cubs,0,6,10,0,6,0,4,1
2025,2025-07-26,776996,Milwaukee Brewers,1,4,11,1,11,0,0,0
2025,2025-07-26,776996,Miami Marlins,0,7,11,0,11,1,0,1
2025,2025-07-26,776998,Boston Red Sox,1,4,10,0,9,0,1,1
2025,2025-07-26,776998,Los Angeles Dodgers,0,2,9,0,10,0,-1,0
2025,2025-07-26,776992,St. Louis Cardinals,1,1,3,1,9,0,-6,0
2025,2025-07-26,776992,San Diego Padres,0,3,9,0,3,1,6,1
2025,2025-07-26,776985,San Francisco Giants,1,1,9,2,7,0,2,0
2025,2025-07-26,776985,New York Mets,0,2,7,0,9,2,-2,1
2025,2025-07-26,776995,Los Angeles Angels,1,2,7,0,11,0,-4,0
2025,2025-07-26,776995,Seattle Mariners,0,7,11,0,7,0,4,1
2025,2025-07-27,776986,Baltimore Orioles,1,5,5,0,6,1,-1,1
2025,2025-07-27,776986,Colorado Rockies,0,1,6,1,5,0,1,0
2025,2025-07-27,776983,Boston Red Sox,1,4,6,0,7,1,-1,1
2025,2025-07-27,776983,Los Angeles Dodgers,0,3,7,1,6,0,1,0
2025,2025-07-27,776984,Pittsburgh Pirates,1,6,9,0,5,0,4,1
2025,2025-07-27,776984,Arizona Diamondbacks,0,0,5,0,9,0,-4,0
2025,2025-07-27,776988,New York Yankees,1,4,6,0,5,1,1,1
2025,2025-07-27,776988,Philadelphia Phillies,0,3,5,1,6,0,-1,0
2025,2025-07-27,776982,Cincinnati Reds,1,2,5,0,3,0,2,1
2025,2025-07-27,776982,Tampa Bay Rays,0,1,3,0,5,0,-2,0
2025,2025-07-27,776987,Detroit Tigers,1,10,10,0,10,1,0,1
2025,2025-07-27,776987,Toronto Blue Jays,0,4,10,1,10,0,0,0
2025,2025-07-27,776975,Kansas City Royals,1,4,4,0,7,0,-3,1
2025,2025-07-27,776975,Cleveland Guardians,0,1,7,0,4,0,3,0
2025,2025-07-27,776976,Houston Astros,1,1,7,0,11,1,-4,0
2025,2025-07-27,776976,Athletics,0,7,11,1,7,0,4,1
2025,2025-07-27,776979,Minnesota Twins,1,2,7,0,11,1,-4,0
2025,2025-07-27,776979,Washington Nationals,0,7,11,1,7,0,4,1
2025,2025-07-27,776989,Chicago White Sox,1,4,8,3,7,1,1,0
2025,2025-07-27,776989,Chicago Cubs,0,5,7,1,8,3,-1,1
2025,2025-07-27,776978,Milwaukee Brewers,1,3,9,0,6,1,3,1
2025,2025-07-27,776978,Miami Marlins,0,2,6,1,9,0,-3,0
2025,2025-07-27,776980,St. Louis Cardinals,1,2,6,1,16,0,-10,0
2025,2025-07-27,776980,San Diego Padres,0,9,16,0,6,1,10,1
2025,2025-07-27,776981,Texas Rangers,1,8,10,0,4,0,6,1
2025,2025-07-27,776981,Atlanta Braves,0,1,4,0,10,0,-6,0
2025,2025-07-27,776977,Los Angeles Angels,1,4,4,0,2,0,2,1
2025,2025-07-27,776977,Seattle Mariners,0,1,2,0,4,0,-2,0
2025,2025-07-27,776974,San Francisco Giants,1,3,6,0,12,0,-6,0
2025,2025-07-27,776974,New York Mets,0,5,12,0,6,0,6,1
2025,2025-07-28,776966,Baltimore Orioles,1,11,16,0,11,1,5,1
2025,2025-07-28,776966,Toronto Blue Jays,0,4,11,1,16,0,-5,0
2025,2025-07-28,776968,Cleveland Guardians,1,6,11,2,10,0,1,0
2025,2025-07-28,776968,Colorado Rockies,0,8,10,0,11,2,-1,1
2025,2025-07-28,776973,Detroit Tigers,1,5,10,0,7,1,3,1
2025,2025-07-28,776973,Arizona Diamondbacks,0,1,7,1,10,0,-3,0
2025,2025-07-28,776970,New York Yankees,1,2,6,0,11,0,-5,0
2025,2025-07-28,776970,Tampa Bay Rays,0,4,11,0,6,0,5,1
2025,2025-07-28,776967,Cincinnati Reds,1,2,6,1,9,0,-3,0
2025,2025-07-28,776967,Los Angeles Dodgers,0,5,9,0,6,1,3,1
2025,2025-07-28,776961,Minnesota Twins,1,5,8,1,10,0,-2,1
2025,2025-07-28,776961,Boston Red Sox,0,4,10,0,8,1,2,0
2025,2025-07-28,776971,Kansas City Royals,1,7,12,0,9,0,3,0
2025,2025-07-28,776971,Atlanta Braves,0,10,9,0,12,0,-3,1
2025,2025-07-28,776972,Chicago White Sox,1,6,10,0,6,1,4,1
2025,2025-07-28,776972,Philadelphia Phillies,0,2,6,1,10,0,-4,0
2025,2025-07-28,776965,Milwaukee Brewers,1,8,10,1,6,0,4,1
2025,2025-07-28,776965,Chicago Cubs,0,4,6,0,10,1,-4,0
2025,2025-07-28,776960,St. Louis Cardinals,1,7,8,0,4,2,4,1
2025,2025-07-28,776960,Miami Marlins,0,1,4,2,8,0,-4,0
2025,2025-07-28,776969,Houston Astros,1,1,4,0,4,0,0,0
2025,2025-07-28,776969,Washington Nationals,0,2,4,0,4,0,0,1
2025,2025-07-28,776958,Los Angeles Angels,1,6,9,1,6,0,3,1
2025,2025-07-28,776958,Texas Rangers,0,4,6,0,9,1,-3,0
2025,2025-07-28,776959,San Diego Padres,1,7,14,0,6,1,8,1
2025,2025-07-28,776959,New York Mets,0,6,6,1,14,0,-8,0
2025,2025-07-28,776964,San Francisco Giants,1,5,11,0,9,0,2,0
2025,2025-07-28,776964,Pittsburgh Pirates,0,6,9,0,11,0,-2,1
2025,2025-07-28,776957,Athletics,1,1,7,1,9,0,-2,0
2025,2025-07-28,776957,Seattle Mariners,0,3,9,0,7,1,2,1
2025,2025-07-29,778372,Baltimore Orioles,1,16,19,1,11,0,8,1
2025,2025-07-29,778372,Toronto Blue Jays,0,4,11,0,19,1,-8,0
2025,2025-07-29,776962,Baltimore Orioles,1,3,7,0,8,0,-1,1
2025,2025-07-29,776962,Toronto Blue Jays,0,2,8,0,7,0,1,0
2025,2025-07-29,776951,Cleveland Guardians,1,10,15,1,10,2,5,1
2025,2025-07-29,776951,Colorado Rockies,0,4,10,2,15,1,-5,0
2025,2025-07-29,776953,Detroit Tigers,1,12,19,1,5,0,14,1
2025,2025-07-29,776953,Arizona Diamondbacks,0,2,5,0,19,1,-14,0
2025,2025-07-29,776949,New York Yankees,1,7,6,2,7,2,-1,1
2025,2025-07-29,776949,Tampa Bay Rays,0,5,7,2,6,2,1,0
2025,2025-07-29,776963,Cincinnati Reds,1,4,6,2,11,0,-5,0
2025,2025-07-29,776963,Los Angeles Dodgers,0,5,11,0,6,2,5,1
2025,2025-07-29,776954,Minnesota Twins,1,5,10,2,10,2,0,0
2025,2025-07-29,776954,Boston Red Sox,0,8,10,2,10,2,0,1
2025,2025-07-29,776955,Kansas City Royals,1,9,12,0,14,1,-2,1
2025,2025-07-29,776955,Atlanta Braves,0,6,14,1,12,0,2,0
2025,2025-07-29,776952,Chicago White Sox,1,3,5,0,9,2,-4,0
2025,2025-07-29,776952,Philadelphia Phillies,0,6,9,2,5,0,4,1
2025,2025-07-29,776956,Milwaukee Brewers,1,9,11,0,9,2,2,1
2025,2025-07-29,776956,Chicago Cubs,0,3,9,2,11,0,-2,0
2025,2025-07-29,776946,St. Louis Cardinals,1,0,4,0,12,0,-8,0
2025,2025-07-29,776946,Miami Marlins,0,5,12,0,4,0,8,1
2025,2025-07-29,776950,Houston Astros,1,7,13,0,10,0,3,1
2025,2025-07-29,776950,Washington Nationals,0,4,10,0,13,0,-3,0
2025,2025-07-29,776945,Los Angeles Angels,1,8,6,2,14,2,-8,1
2025,2025-07-29,776945,Texas Rangers,0,5,14,2,6,2,8,0
2025,2025-07-29,776947,San Diego Padres,1,7,9,0,4,0,5,1
2025,2025-07-29,776947,New York Mets,0,1,4,0,9,0,-5,0
2025,2025-07-29,776943,San Francisco Giants,1,1,2,0,12,0,-10,0
2025,2025-07-29,776943,Pittsburgh Pirates,0,3,12,0,2,0,10,1
2025,2025-07-29,776944,Athletics,1,6,8,0,6,0,2,1
2025,2025-07-29,776944,Seattle Mariners,0,1,6,0,8,0,-2,0
2025,2025-07-30,776948,Baltimore Orioles,1,8,10,0,13,2,-3,0
2025,2025-07-30,776948,Toronto Blue Jays,0,9,13,2,10,0,3,1
2025,2025-07-30,776940,Detroit Tigers,1,7,11,0,6,2,5,1
2025,2025-07-30,776940,Arizona Diamondbacks,0,2,6,2,11,0,-5,0
2025,2025-07-30,776935,Minnesota Twins,1,1,5,0,16,0,-11,0
2025,2025-07-30,776935,Boston Red Sox,0,13,16,0,5,0,11,1
2025,2025-07-30,776937,Houston Astros,1,9,10,0,5,2,5,1
2025,2025-07-30,776937,Washington Nationals,0,1,5,2,10,0,-5,0
2025,2025-07-30,776936,Kansas City Royals,1,1,3,0,5,0,-2,1
2025,2025-07-30,776936,Atlanta Braves,0,0,5,0,3,0,2,0
2025,2025-07-30,776939,Chicago White Sox,1,9,17,1,8,0,9,1
2025,2025-07-30,776939,Philadelphia Phillies,0,3,8,0,17,1,-9,0
2025,2025-07-30,776929,Milwaukee Brewers,1,3,7,0,11,0,-4,0
2025,2025-07-30,776929,Chicago Cubs,0,10,11,0,7,0,4,1
2025,2025-07-30,776933,San Francisco Giants,1,1,6,0,7,0,-1,0
2025,2025-07-30,776933,Pittsburgh Pirates,0,2,7,0,6,0,1,1
2025,2025-07-30,776931,San Diego Padres,1,5,9,0,3,1,6,1
2025,2025-07-30,776931,New York Mets,0,0,3,1,9,0,-6,0
2025,2025-07-30,776942,Cleveland Guardians,1,5,8,0,3,0,5,1
2025,2025-07-30,776942,Colorado Rockies,0,0,3,0,8,0,-5,0
2025,2025-07-30,776938,New York Yankees,1,5,10,2,9,0,1,1
2025,2025-07-30,776938,Tampa Bay Rays,0,4,9,0,10,2,-1,0
2025,2025-07-30,776941,Cincinnati Reds,1,5,8,0,7,1,1,1
2025,2025-07-30,776941,Los Angeles Dodgers,0,2,7,1,8,0,-1,0
2025,2025-07-30,776934,St. Louis Cardinals,1,0,5,0,6,1,-1,0
2025,2025-07-30,776934,Miami Marlins,0,2,6,1,5,0,1,1
2025,2025-07-30,776932,Los Angeles Angels,1,3,8,1,11,1,-3,0
2025,2025-07-30,776932,Texas Rangers,0,6,11,1,8,1,3,1
2025,2025-07-30,776930,Athletics,1,5,9,0,4,0,5,1
2025,2025-07-30,776930,Seattle Mariners,0,4,4,0,9,0,-5,0
2025,2025-07-31,776927,New York Yankees,1,7,8,0,7,1,1,1
2025,2025-07-31,776927,Tampa Bay Rays,0,4,7,1,8,0,-1,0
2025,2025-07-31,776928,Cincinnati Reds,1,11,17,2,13,0,4,0
2025,2025-07-31,776928,Atlanta Braves,0,12,13,0,17,2,-4,1
2025,2025-07-31,776923,Seattle Mariners,1,6,9,0,4,0,5,1
2025,2025-07-31,776923,Texas Rangers,0,0,4,0,9,0,-5,0
2025,2025-08-01,776921,Cincinnati Reds,1,3,5,0,7,0,-2,1
2025,2025-08-01,776921,Atlanta Braves,0,2,7,0,5,0,2,0
2025,2025-08-01,776915,Chicago Cubs,1,1,4,0,3,0,1,1
2025,2025-08-01,776915,Baltimore Orioles,0,0,3,0,4,0,-1,0
2025,2025-08-01,776913,Philadelphia Phillies,1,5,8,0,5,1,3,1
2025,2025-08-01,776913,Detroit Tigers,0,4,5,1,8,0,-3,0
2025,2025-08-01,776917,Washington Nationals,1,9,15,3,25,0,-10,0
2025,2025-08-01,776917,Milwaukee Brewers,0,16,25,0,15,3,10,1
2025,2025-08-01,776920,Toronto Blue Jays,1,3,5,1,11,1,-6,0
2025,2025-08-01,776920,Kansas City Royals,0,9,11,1,5,1,6,1
2025,2025-08-01,776922,Boston Red Sox,1,2,6,3,7,1,-1,1
2025,2025-08-01,776922,Houston Astros,0,1,7,1,6,3,1,0
2025,2025-08-01,776926,New York Mets,1,3,6,1,10,0,-4,0
2025,2025-08-01,776926,San Francisco Giants,0,4,10,0,6,1,4,1
2025,2025-08-01,776924,Cleveland Guardians,1,3,8,1,6,0,2,1
2025,2025-08-01,776924,Minnesota Twins,0,2,6,0,8,1,-2,0
2025,2025-08-01,776925,Miami Marlins,1,13,12,0,15,2,-3,1
2025,2025-08-01,776925,New York Yankees,0,12,15,2,12,0,3,0
2025,2025-08-01,776918,Tampa Bay Rays,1,0,6,0,9,1,-3,0
2025,2025-08-01,776918,Los Angeles Dodgers,0,5,9,1,6,0,3,1
2025,2025-08-01,776919,Colorado Rockies,1,17,22,0,18,1,4,1
2025,2025-08-01,776919,Pittsburgh Pirates,0,16,18,1,22,0,-4,0
2025,2025-08-01,776916,Los Angeles Angels,1,3,4,1,11,0,-7,0
2025,2025-08-01,776916,Chicago White Sox,0,6,11,0,4,1,7,1
2025,2025-08-01,776906,San Diego Padres,1,4,7,0,4,3,3,1
2025,2025-08-01,776906,St. Louis Cardinals,0,1,4,3,7,0,-3,0
2025,2025-08-01,776914,Athletics,1,5,11,0,8,0,3,1
2025,2025-08-01,776914,Arizona Diamondbacks,0,1,8,0,11,0,-3,0
2025,2025-08-01,776908,Seattle Mariners,1,4,7,1,6,0,1,1
2025,2025-08-01,776908,Texas Rangers,0,3,6,0,7,1,-1,0
2025,2025-08-02,776901,Tampa Bay Rays,1,4,8,0,6,0,2,1
2025,2025-08-02,776901,Los Angeles Dodgers,0,0,6,0,8,0,-2,0
2025,2025-08-02,776902,Chicago Cubs,1,3,8,0,7,1,1,0
2025,2025-08-02,776902,Baltimore Orioles,0,4,7,1,8,0,-1,1
2025,2025-08-02,776900,Toronto Blue Jays,1,4,8,0,6,1,2,1
2025,2025-08-02,776900,Kansas City Royals,0,2,6,1,8,0,-2,0
2025,2025-08-02,776904,Colorado Rockies,1,8,12,1,7,1,5,1
2025,2025-08-02,776904,Pittsburgh Pirates,0,5,7,1,12,1,-5,0
2025,2025-08-02,776912,Philadelphia Phillies,1,5,8,1,12,0,-4,0
2025,2025-08-02,776912,Detroit Tigers,0,7,12,0,8,1,4,1
2025,2025-08-02,776903,Washington Nationals,1,2,2,1,15,0,-13,0
2025,2025-08-02,776903,Milwaukee Brewers,0,8,15,0,2,1,13,1
2025,2025-08-02,776909,Boston Red Sox,1,7,10,0,14,0,-4,1
2025,2025-08-02,776909,Houston Astros,0,3,14,0,10,0,4,0
2025,2025-08-02,776911,New York Mets,1,12,13,0,10,1,3,1
2025,2025-08-02,776911,San Francisco Giants,0,6,10,1,13,0,-3,0
2025,2025-08-02,776897,Seattle Mariners,1,4,7,0,11,1,-4,0
2025,2025-08-02,776897,Texas Rangers,0,6,11,1,7,0,4,1
2025,2025-08-02,776905,Cleveland Guardians,1,5,10,1,9,0,1,1
2025,2025-08-02,776905,Minnesota Twins,0,4,9,0,10,1,-1,0
2025,2025-08-02,776910,Miami Marlins,1,2,4,0,2,0,2,1
2025,2025-08-02,776910,New York Yankees,0,0,2,0,4,0,-2,0
2025,2025-08-02,776907,Cincinnati Reds,1,2,10,0,10,0,0,0
2025,2025-08-02,776907,Atlanta Braves,0,4,10,0,10,0,0,1
2025,2025-08-02,776899,Athletics,1,2,10,2,7,0,3,0
2025,2025-08-02,776899,Arizona Diamondbacks,0,7,7,0,10,2,-3,1
2025,2025-08-02,776898,Los Angeles Angels,1,0,1,0,6,0,-5,0
2025,2025-08-02,776898,Chicago White Sox,0,1,6,0,1,0,5,1
2025,2025-08-02,776896,San Diego Padres,1,5,9,0,12,0,-3,0
2025,2025-08-02,776896,St. Louis Cardinals,0,8,12,0,9,0,3,1
2025,2025-08-03,776895,Boston Red Sox,1,6,8,0,3,0,5,1
2025,2025-08-03,776895,Houston Astros,0,1,3,0,8,0,-5,0
2025,2025-08-03,776889,Tampa Bay Rays,1,0,7,0,8,1,-1,0
2025,2025-08-03,776889,Los Angeles Dodgers,0,3,8,1,7,0,1,1
2025,2025-08-03,776894,Washington Nationals,1,3,7,2,16,0,-9,0
2025,2025-08-03,776894,Milwaukee Brewers,0,14,16,0,7,2,9,1
2025,2025-08-03,776893,Toronto Blue Jays,1,4,8,2,6,0,2,0
2025,2025-08-03,776893,Kansas City Royals,0,7,6,0,8,2,-2,1
2025,2025-08-03,776887,New York Mets,1,4,8,1,13,1,-5,0
2025,2025-08-03,776887,San Francisco Giants,0,12,13,1,8,1,5,1
2025,2025-08-03,776892,Cleveland Guardians,1,4,10,0,8,0,2,0
2025,2025-08-03,776892,Minnesota Twins,0,5,8,0,10,0,-2,1
2025,2025-08-03,776891,Miami Marlins,1,7,9,0,6,0,3,1
2025,2025-08-03,776891,New York Yankees,0,3,6,0,9,0,-3,0
2025,2025-08-03,776888,Chicago Cubs,1,5,11,0,7,2,4,1
2025,2025-08-03,776888,Baltimore Orioles,0,3,7,2,11,0,-4,0
2025,2025-08-03,776886,Colorado Rockies,1,5,9,0,9,2,0,0
2025,2025-08-03,776886,Pittsburgh Pirates,0,9,9,2,9,0,0,1
2025,2025-08-03,776881,Athletics,1,4,8,0,12,0,-4,0
2025,2025-08-03,776881,Arizona Diamondbacks,0,6,12,0,8,0,4,1
2025,2025-08-03,776885,Los Angeles Angels,1,8,11,0,10,1,1,1
2025,2025-08-03,776885,Chicago White Sox,0,5,10,1,11,0,-1,0
2025,2025-08-03,776884,San Diego Padres,1,7,10,0,6,1,4,1
2025,2025-08-03,776884,St. Louis Cardinals,0,3,6,1,10,0,-4,0
2025,2025-08-03,776883,Seattle Mariners,1,5,5,0,6,0,-1,1
2025,2025-08-03,776883,Texas Rangers,0,4,6,0,5,0,1,0
2025,2025-08-03,776890,Philadelphia Phillies,1,2,5,0,5,0,0,1
2025,2025-08-03,776890,Detroit Tigers,0,0,5,0,5,0,0,0
2025,2025-08-04,776879,Pittsburgh Pirates,1,5,6,0,7,2,-1,1
2025,2025-08-04,776879,San Francisco Giants,0,4,7,2,6,0,1,0
2025,2025-08-04,776874,Detroit Tigers,1,6,12,0,6,0,6,1
2025,2025-08-04,776874,Minnesota Twins,0,3,6,0,12,0,-6,0
2025,2025-08-04,776875,Miami Marlins,1,2,7,0,11,1,-4,0
2025,2025-08-04,776875,Houston Astros,0,8,11,1,7,0,4,1
2025,2025-08-04,776877,Philadelphia Phillies,1,13,13,0,5,0,8,1
2025,2025-08-04,776877,Baltimore Orioles,0,3,5,0,13,0,-8,0
2025,2025-08-04,776880,Boston Red Sox,1,8,11,3,12,0,-1,1
2025,2025-08-04,776880,Kansas City Royals,0,5,12,0,11,3,1,0
2025,2025-08-04,776876,New York Mets,1,6,11,2,9,1,2,0
2025,2025-08-04,776876,Cleveland Guardians,0,7,9,1,11,2,-2,1
2025,2025-08-04,776882,Atlanta Braves,1,1,3,0,3,0,0,0
2025,2025-08-04,776882,Milwaukee Brewers,0,3,3,0,3,0,0,1
2025,2025-08-04,776878,Chicago Cubs,1,2,3,1,6,0,-3,0
2025,2025-08-04,776878,Cincinnati Reds,0,3,6,0,3,1,3,1
2025,2025-08-04,776871,Texas Rangers,1,8,10,0,10,1,0,1
2025,2025-08-04,776871,New York Yankees,0,5,10,1,10,0,0,0
2025,2025-08-04,776872,Colorado Rockies,1,1,8,1,25,0,-17,0
2025,2025-08-04,776872,Toronto Blue Jays,0,15,25,0,8,1,17,1
2025,2025-08-04,776867,Los Angeles Angels,1,5,11,0,5,0,6,1
2025,2025-08-04,776867,Tampa Bay Rays,0,1,5,0,11,0,-6,0
2025,2025-08-04,776873,Arizona Diamondbacks,1,6,12,0,6,0,6,1
2025,2025-08-04,776873,San Diego Padres,0,2,6,0,12,0,-6,0
2025,2025-08-04,776870,Los Angeles Dodgers,1,2,3,0,7,0,-4,0
2025,2025-08-04,776870,St. Louis Cardinals,0,3,7,0,3,0,4,1
2025,2025-08-05,776866,Pittsburgh Pirates,1,1,7,2,11,0,-4,0
2025,2025-08-05,776866,San Francisco Giants,0,8,11,0,7,2,4,1
2025,2025-08-05,776861,Detroit Tigers,1,3,9,1,9,0,0,0
2025,2025-08-05,776861,Minnesota Twins,0,6,9,0,9,1,0,1
2025,2025-08-05,776862,Miami Marlins,1,3,5,0,12,0,-7,0
2025,2025-08-05,776862,Houston Astros,0,7,12,0,5,0,7,1
2025,2025-08-05,776865,Washington Nationals,1,7,10,0,24,0,-14,0
2025,2025-08-05,776865,Athletics,0,16,24,0,10,0,14,1
2025,2025-08-05,776868,Philadelphia Phillies,1,5,10,0,5,0,5,1
2025,2025-08-05,776868,Baltimore Orioles,0,0,5,0,10,0,-5,0
2025,2025-08-05,776864,Boston Red Sox,1,6,9,1,5,0,4,1
2025,2025-08-05,776864,Kansas City Royals,0,2,5,0,9,1,-4,0
2025,2025-08-05,776863,New York Mets,1,2,4,0,6,2,-2,0
2025,2025-08-05,776863,Cleveland Guardians,0,3,6,2,4,0,2,1
2025,2025-08-05,776869,Atlanta Braves,1,2,8,1,8,0,0,0
2025,2025-08-05,776869,Milwaukee Brewers,0,7,8,0,8,1,0,1
2025,2025-08-05,776860,Chicago Cubs,1,1,4,0,9,1,-5,0
2025,2025-08-05,776860,Cincinnati Reds,0,5,9,1,4,0,5,1
2025,2025-08-05,776855,Texas Rangers,1,2,8,0,2,0,6,1
2025,2025-08-05,776855,New York Yankees,0,0,2,0,8,0,-6,0
2025,2025-08-05,776854,Colorado Rockies,1,4,9,2,14,2,-5,0
2025,2025-08-05,776854,Toronto Blue Jays,0,10,14,2,9,2,5,1
2025,2025-08-05,776848,Los Angeles Angels,1,3,6,0,8,2,-2,0
2025,2025-08-05,776848,Tampa Bay Rays,0,7,8,2,6,0,2,1
2025,2025-08-05,776852,Arizona Diamondbacks,1,5,6,0,14,1,-8,0
2025,2025-08-05,776852,San Diego Padres,0,10,14,1,6,0,8,1
2025,2025-08-05,776857,Seattle Mariners,1,8,11,0,5,1,6,1
2025,2025-08-05,776857,Chicago White Sox,0,3,5,1,11,0,-6,0
2025,2025-08-05,776858,Los Angeles Dodgers,1,12,17,1,9,0,8,1
2025,2025-08-05,776858,St. Louis Cardinals,0,6,9,0,17,1,-8,0
2025,2025-08-06,776844,Pittsburgh Pirates,1,2,8,0,7,0,1,0
2025,2025-08-06,776844,San Francisco Giants,0,4,7,0,8,0,-1,1
2025,2025-08-06,776851,Philadelphia Phillies,1,1,9,0,10,0,-1,0
2025,2025-08-06,776851,Baltimore Orioles,0,5,10,0,9,0,1,1
2025,2025-08-06,776846,New York Mets,1,1,1,0,7,0,-6,0
2025,2025-08-06,776846,Cleveland Guardians,0,4,7,0,1,0,6,1
2025,2025-08-06,776859,Detroit Tigers,1,4,8,1,11,0,-3,0
2025,2025-08-06,776859,Minnesota Twins,0,9,11,0,8,1,3,1
2025,2025-08-06,776847,Chicago Cubs,1,6,11,1,4,0,7,1
2025,2025-08-06,776847,Cincinnati Reds,0,1,4,0,11,1,-7,0
2025,2025-08-06,776845,Texas Rangers,1,2,8,1,6,0,2,0
2025,2025-08-06,776845,New York Yankees,0,3,6,0,8,1,-2,1
2025,2025-08-06,776836,Colorado Rockies,1,1,3,0,24,2,-21,0
2025,2025-08-06,776836,Toronto Blue Jays,0,20,24,2,3,0,21,1
2025,2025-08-06,776843,Los Angeles Angels,1,4,6,1,8,0,-2,0
2025,2025-08-06,776843,Tampa Bay Rays,0,5,8,0,6,1,2,1
2025,2025-08-06,776839,Los Angeles Dodgers,1,3,8,1,12,2,-4,0
2025,2025-08-06,776839,St. Louis Cardinals,0,5,12,2,8,1,4,1
2025,2025-08-06,776849,Miami Marlins,1,6,14,0,12,0,2,1
2025,2025-08-06,776849,Houston Astros,0,4,12,0,14,0,-2,0
2025,2025-08-06,776850,Washington Nationals,1,2,4,2,4,0,0,1
2025,2025-08-06,776850,Athletics,0,1,4,0,4,2,0,0
2025,2025-08-06,776856,Boston Red Sox,1,3,7,2,12,0,-5,0
2025,2025-08-06,776856,Kansas City Royals,0,7,12,0,7,2,5,1
2025,2025-08-06,776853,Atlanta Braves,1,4,8,0,14,0,-6,0
2025,2025-08-06,776853,Milwaukee Brewers,0,5,14,0,8,0,6,1
2025,2025-08-06,776838,Arizona Diamondbacks,1,2,4,1,9,0,-5,0
2025,2025-08-06,776838,San Diego Padres,0,3,9,0,4,1,5,1
2025,2025-08-06,776841,Seattle Mariners,1,8,7,1,9,0,-2,1
2025,2025-08-06,776841,Chicago White Sox,0,6,9,0,7,1,2,0
2025,2025-08-07,776837,Washington Nationals,1,0,3,0,12,0,-9,0
2025,2025-08-07,776837,Athletics,0,6,12,0,3,0,9,1
2025,2025-08-07,776830,Seattle Mariners,1,4,6,1,7,2,-1,1
2025,2025-08-07,776830,Chicago White Sox,0,3,7,2,6,1,1,0
2025,2025-08-07,776840,Pittsburgh Pirates,1,7,10,0,9,1,1,1
2025,2025-08-07,776840,Cincinnati Reds,0,0,9,1,10,0,-1,0
2025,2025-08-07,776842,Atlanta Braves,1,8,11,0,10,1,1,1
2025,2025-08-07,776842,Miami Marlins,0,6,10,1,11,0,-1,0
2025,2025-08-08,776829,Pittsburgh Pirates,1,3,5,0,8,0,-3,1
2025,2025-08-08,776829,Cincinnati Reds,0,2,8,0,5,0,3,0
2025,2025-08-08,776831,Baltimore Orioles,1,3,3,0,7,0,-4,1
2025,2025-08-08,776831,Athletics,0,2,7,0,3,0,4,0
2025,2025-08-08,776835,New York Yankees,1,3,5,0,10,0,-5,0
2025,2025-08-08,776835,Houston Astros,0,5,10,0,5,0,5,1
2025,2025-08-08,776832,Detroit Tigers,1,6,7,0,8,0,-1,1
2025,2025-08-08,776832,Los Angeles Angels,0,5,8,0,7,0,1,0
2025,2025-08-08,776834,Atlanta Braves,1,1,2,0,9,0,-7,0
2025,2025-08-08,776834,Miami Marlins,0,5,9,0,2,0,7,1
2025,2025-08-08,776833,Chicago White Sox,1,5,9,0,10,1,-1,0
2025,2025-08-08,776833,Cleveland Guardians,0,9,10,1,9,0,1,1
2025,2025-08-08,776821,Texas Rangers,1,1,8,0,11,1,-3,0
2025,2025-08-08,776821,Philadelphia Phillies,0,9,11,1,8,0,3,1
2025,2025-08-08,776827,Minnesota Twins,1,9,14,1,9,0,5,1
2025,2025-08-08,776827,Kansas City Royals,0,4,9,0,14,1,-5,0
2025,2025-08-08,776828,Milwaukee Brewers,1,3,4,0,5,1,-1,1
2025,2025-08-08,776828,New York Mets,0,2,5,1,4,0,1,0
2025,2025-08-08,776826,St. Louis Cardinals,1,5,13,0,7,0,6,1
2025,2025-08-08,776826,Chicago Cubs,0,0,7,0,13,0,-6,0
2025,2025-08-08,776825,Arizona Diamondbacks,1,6,6,1,6,0,0,1
2025,2025-08-08,776825,Colorado Rockies,0,1,6,0,6,1,0,0
2025,2025-08-08,776820,San Diego Padres,1,2,6,1,10,0,-4,0
2025,2025-08-08,776820,Boston Red Sox,0,10,10,0,6,1,4,1
2025,2025-08-08,776824,Seattle Mariners,1,3,7,0,5,0,2,1
2025,2025-08-08,776824,Tampa Bay Rays,0,2,5,0,7,0,-2,0
2025,2025-08-08,776823,Los Angeles Dodgers,1,5,7,0,10,0,-3,1
2025,2025-08-08,776823,Toronto Blue Jays,0,1,10,0,7,0,3,0
2025,2025-08-08,776822,San Francisco Giants,1,5,10,0,4,1,6,1
2025,2025-08-08,776822,Washington Nationals,0,0,4,1,10,0,-6,0
2025,2025-08-09,778431,Atlanta Braves,1,7,7,1,5,1,2,1
2025,2025-08-09,778431,Miami Marlins,0,1,5,1,7,1,-2,0
2025,2025-08-09,776819,Atlanta Braves,1,8,11,0,9,0,2,1
2025,2025-08-09,776819,Miami Marlins,0,6,9,0,11,0,-2,0
2025,2025-08-09,776815,New York Yankees,1,5,9,2,7,0,2,1
2025,2025-08-09,776815,Houston Astros,0,4,7,0,9,2,-2,0
2025,2025-08-09,776802,San Francisco Giants,1,2,8,0,11,0,-3,0
2025,2025-08-09,776802,Washington Nationals,0,4,11,0,8,0,3,1
2025,2025-08-09,776813,Detroit Tigers,1,4,9,0,9,0,0,0
2025,2025-08-09,776813,Los Angeles Angels,0,7,9,0,9,0,0,1
2025,2025-08-09,776812,Pittsburgh Pirates,1,1,4,0,7,0,-3,0
2025,2025-08-09,776812,Cincinnati Reds,0,2,7,0,4,0,3,1
2025,2025-08-09,776811,Baltimore Orioles,1,3,4,1,13,1,-9,0
2025,2025-08-09,776811,Athletics,0,11,13,1,4,1,9,1
2025,2025-08-09,776816,Minnesota Twins,1,0,8,0,7,0,1,0
2025,2025-08-09,776816,Kansas City Royals,0,2,7,0,8,0,-1,1
2025,2025-08-09,776814,Chicago White Sox,1,1,4,0,7,1,-3,0
2025,2025-08-09,776814,Cleveland Guardians,0,3,7,1,4,0,3,1
2025,2025-08-09,776817,Milwaukee Brewers,1,7,6,0,8,2,-2,1
2025,2025-08-09,776817,New York Mets,0,4,8,2,6,0,2,0
2025,2025-08-09,776818,St. Louis Cardinals,1,1,7,2,13,0,-6,0
2025,2025-08-09,776818,Chicago Cubs,0,9,13,0,7,2,6,1
2025,2025-08-09,776810,Texas Rangers,1,2,9,0,7,0,2,0
2025,2025-08-09,776810,Philadelphia Phillies,0,3,7,0,9,0,-2,1
2025,2025-08-09,776809,Arizona Diamondbacks,1,6,11,0,9,1,2,1
2025,2025-08-09,776809,Colorado Rockies,0,5,9,1,11,0,-2,0
2025,2025-08-09,776807,San Diego Padres,1,5,7,0,9,0,-2,1
2025,2025-08-09,776807,Boston Red Sox,0,4,9,0,7,0,2,0
2025,2025-08-09,776808,Los Angeles Dodgers,1,9,10,0,5,1,5,1
2025,2025-08-09,776808,Toronto Blue Jays,0,1,5,1,10,0,-5,0
2025,2025-08-09,776805,Seattle Mariners,1,7,7,0,5,0,2,1
2025,2025-08-09,776805,Tampa Bay Rays,0,4,5,0,7,0,-2,0
2025,2025-08-10,776796,Minnesota Twins,1,5,7,0,9,0,-2,1
2025,2025-08-10,776796,Kansas City Royals,0,3,9,0,7,0,2,0
2025,2025-08-10,776804,Baltimore Orioles,1,2,5,0,6,0,-1,0
2025,2025-08-10,776804,Athletics,0,3,6,0,5,0,1,1
2025,2025-08-10,776801,Pittsburgh Pirates,1,8,16,0,14,1,2,0
2025,2025-08-10,776801,Cincinnati Reds,0,14,14,1,16,0,-2,1
2025,2025-08-10,776803,Atlanta Braves,1,7,9,1,6,0,3,1
2025,2025-08-10,776803,Miami Marlins,0,1,6,0,9,1,-3,0
2025,2025-08-10,776797,New York Yankees,1,1,3,0,12,0,-9,0
2025,2025-08-10,776797,Houston Astros,0,7,12,0,3,0,9,1
2025,2025-08-10,776806,Detroit Tigers,1,9,10,0,7,1,3,1
2025,2025-08-10,776806,Los Angeles Angels,0,5,7,1,10,0,-3,0
2025,2025-08-10,776798,Chicago White Sox,1,6,11,1,7,0,4,1
2025,2025-08-10,776798,Cleveland Guardians,0,4,7,0,11,1,-4,0
2025,2025-08-10,776799,Milwaukee Brewers,1,7,12,0,10,0,2,1
2025,2025-08-10,776799,New York Mets,0,6,10,0,12,0,-2,0
2025,2025-08-10,776800,Texas Rangers,1,2,7,0,7,0,0,0
2025,2025-08-10,776800,Philadelphia Phillies,0,4,7,0,7,0,0,1
2025,2025-08-10,776793,San Francisco Giants,1,0,3,1,17,0,-14,0
2025,2025-08-10,776793,Washington Nationals,0,8,17,0,3,1,14,1
2025,2025-08-10,776794,Arizona Diamondbacks,1,13,17,0,16,0,1,1
2025,2025-08-10,776794,Colorado Rockies,0,6,16,0,17,0,-1,0
2025,2025-08-10,776789,San Diego Padres,1,6,9,1,5,0,4,1
2025,2025-08-10,776789,Boston Red Sox,0,2,5,0,9,1,-4,0
2025,2025-08-10,776791,Seattle Mariners,1,6,9,0,8,0,1,1
2025,2025-08-10,776791,Tampa Bay Rays,0,3,8,0,9,0,-1,0
2025,2025-08-10,776788,Los Angeles Dodgers,1,4,9,0,9,1,0,0
2025,2025-08-10,776788,Toronto Blue Jays,0,5,9,1,9,0,0,1
2025,2025-08-10,776795,St. Louis Cardinals,1,3,4,1,8,0,-4,1
2025,2025-08-10,776795,Chicago Cubs,0,2,8,0,4,1,4,0
2025,2025-08-11,776792,Cincinnati Reds,1,1,7,1,8,0,-1,0
2025,2025-08-11,776792,Philadelphia Phillies,0,4,8,0,7,1,1,1
2025,2025-08-11,776790,New York Yankees,1,6,10,0,3,1,7,1
2025,2025-08-11,776790,Minnesota Twins,0,2,3,1,10,0,-7,0
2025,2025-08-11,776784,Kansas City Royals,1,7,10,0,9,0,1,1
2025,2025-08-11,776784,Washington Nationals,0,4,9,0,10,0,-1,0
2025,2025-08-11,776781,Chicago White Sox,1,1,4,0,8,0,-4,0
2025,2025-08-11,776781,Detroit Tigers,0,2,8,0,4,0,4,1
2025,2025-08-11,776786,Milwaukee Brewers,1,7,11,2,3,1,8,1
2025,2025-08-11,776786,Pittsburgh Pirates,0,1,3,1,11,2,-8,0
2025,2025-08-11,776783,St. Louis Cardinals,1,3,9,2,5,0,4,1
2025,2025-08-11,776783,Colorado Rockies,0,2,5,0,9,2,-4,0
2025,2025-08-11,776785,Texas Rangers,1,7,11,1,11,1,0,1
2025,2025-08-11,776785,Arizona Diamondbacks,0,6,11,1,11,1,0,0
2025,2025-08-11,776782,Houston Astros,1,7,10,0,10,0,0,1
2025,2025-08-11,776782,Boston Red Sox,0,6,10,0,10,0,0,0
2025,2025-08-11,776779,Los Angeles Angels,1,7,8,0,7,0,1,1
2025,2025-08-11,776779,Los Angeles Dodgers,0,4,7,0,8,0,-1,0
2025,2025-08-11,776780,San Francisco Giants,1,1,5,0,11,0,-6,0
2025,2025-08-11,776780,San Diego Padres,0,4,11,0,5,0,6,1
2025,2025-08-11,776787,Athletics,1,4,6,0,15,0,-9,0
2025,2025-08-11,776787,Tampa Bay Rays,0,7,15,0,6,0,9,1
2025,2025-08-12,776776,Baltimore Orioles,1,0,5,0,6,0,-1,0
2025,2025-08-12,776776,Seattle Mariners,0,1,6,0,5,0,1,1
2025,2025-08-12,776777,Cincinnati Reds,1,6,10,0,5,0,5,1
2025,2025-08-12,776777,Philadelphia Phillies,0,1,5,0,10,0,-5,0
2025,2025-08-12,776778,Cleveland Guardians,1,4,7,1,6,0,1,1
2025,2025-08-12,776778,Miami Marlins,0,3,6,0,7,1,-1,0
2025,2025-08-12,776774,New York Yankees,1,9,11,0,1,1,10,1
2025,2025-08-12,776774,Minnesota Twins,0,1,1,1,11,0,-10,0
2025,2025-08-12,776768,Toronto Blue Jays,1,5,12,0,4,2,8,1
2025,2025-08-12,776768,Chicago Cubs,0,1,4,2,12,0,-8,0
2025,2025-08-12,776772,New York Mets,1,13,16,0,8,0,8,1
2025,2025-08-12,776772,Atlanta Braves,0,5,8,0,16,0,-8,0
2025,2025-08-12,776770,Kansas City Royals,1,8,6,0,10,0,-4,1
2025,2025-08-12,776770,Washington Nationals,0,5,10,0,6,0,4,0
2025,2025-08-12,776773,Chicago White Sox,1,9,13,1,8,1,5,1
2025,2025-08-12,776773,Detroit Tigers,0,6,8,1,13,1,-5,0
2025,2025-08-12,776771,Milwaukee Brewers,1,14,15,1,4,2,11,1
2025,2025-08-12,776771,Pittsburgh Pirates,0,0,4,2,15,1,-11,0
2025,2025-08-12,776775,St. Louis Cardinals,1,0,6,0,5,0,1,0
2025,2025-08-12,776775,Colorado Rockies,0,3,5,0,6,0,-1,1
2025,2025-08-12,776764,Texas Rangers,1,2,4,2,8,0,-4,0
2025,2025-08-12,776764,Arizona Diamondbacks,0,3,8,0,4,2,4,1
2025,2025-08-12,776769,Houston Astros,1,1,9,1,13,3,-4,0
2025,2025-08-12,776769,Boston Red Sox,0,14,13,3,9,1,4,1
2025,2025-08-12,776763,Los Angeles Angels,1,7,9,0,11,0,-2,1
2025,2025-08-12,776763,Los Angeles Dodgers,0,6,11,0,9,0,2,0
2025,2025-08-12,776767,San Francisco Giants,1,1,10,1,10,0,0,0
2025,2025-08-12,776767,San Diego Padres,0,5,10,0,10,1,0,1
2025,2025-08-12,776762,Athletics,1,6,8,0,4,1,4,1
2025,2025-08-12,776762,Tampa Bay Rays,0,0,4,1,8,0,-4,0
2025,2025-08-13,776759,Kansas City Royals,1,7,12,1,10,0,2,0
2025,2025-08-13,776759,Washington Nationals,0,8,10,0,12,1,-2,1
2025,2025-08-13,776754,Chicago White Sox,1,0,2,0,5,0,-3,0
2025,2025-08-13,776754,Detroit Tigers,0,1,5,0,2,0,3,1
2025,2025-08-13,776755,Milwaukee Brewers,1,12,12,0,12,1,0,1
2025,2025-08-13,776755,Pittsburgh Pirates,0,5,12,1,12,0,0,0
2025,2025-08-13,776758,St. Louis Cardinals,1,5,9,0,12,0,-3,0
2025,2025-08-13,776758,Colorado Rockies,0,6,12,0,9,0,3,1
2025,2025-08-13,776746,Texas Rangers,1,4,7,0,9,2,-2,0
2025,2025-08-13,776746,Arizona Diamondbacks,0,6,9,2,7,0,2,1
2025,2025-08-13,776749,San Francisco Giants,1,1,5,1,14,0,-9,0
2025,2025-08-13,776749,San Diego Padres,0,11,14,0,5,1,9,1
2025,2025-08-13,776765,Cincinnati Reds,1,8,10,0,3,2,7,1
2025,2025-08-13,776765,Philadelphia Phillies,0,0,3,2,10,0,-7,0
2025,2025-08-13,776761,Baltimore Orioles,1,4,9,0,6,2,3,1
2025,2025-08-13,776761,Seattle Mariners,0,3,6,2,9,0,-3,0
2025,2025-08-13,776766,Cleveland Guardians,1,4,5,1,17,0,-12,0
2025,2025-08-13,776766,Miami Marlins,0,13,17,0,5,1,12,1
2025,2025-08-13,776760,New York Yankees,1,1,5,1,8,0,-3,0
2025,2025-08-13,776760,Minnesota Twins,0,4,8,0,5,1,3,1
2025,2025-08-13,776757,Toronto Blue Jays,1,1,2,0,6,0,-4,0
2025,2025-08-13,776757,Chicago Cubs,0,4,6,0,2,0,4,1
2025,2025-08-13,776753,Houston Astros,1,4,4,0,8,0,-4,1
2025,2025-08-13,776753,Boston Red Sox,0,1,8,0,4,0,4,0
2025,2025-08-13,776756,New York Mets,1,6,12,0,8,0,4,0
2025,2025-08-13,776756,Atlanta Braves,0,11,8,0,12,0,-4,1
2025,2025-08-13,776752,Los Angeles Angels,1,6,8,0,7,0,1,1
2025,2025-08-13,776752,Los Angeles Dodgers,0,5,7,0,8,0,-1,0
2025,2025-08-13,776751,Athletics,1,2,4,2,12,1,-8,0
2025,2025-08-13,776751,Tampa Bay Rays,0,8,12,1,4,2,8,1
2025,2025-08-14,776750,Baltimore Orioles,1,5,4,0,8,1,-4,1
2025,2025-08-14,776750,Seattle Mariners,0,3,8,1,4,0,4,0
2025,2025-08-14,776747,Toronto Blue Jays,1,2,3,0,6,0,-3,1
2025,2025-08-14,776747,Chicago Cubs,0,1,6,0,3,0,3,0
2025,2025-08-14,776745,Cleveland Guardians,1,9,10,1,7,1,3,1
2025,2025-08-14,776745,Miami Marlins,0,4,7,1,10,1,-3,0
2025,2025-08-14,776743,Washington Nationals,1,3,6,0,10,0,-4,1
2025,2025-08-14,776743,Philadelphia Phillies,0,2,10,0,6,0,4,0
2025,2025-08-14,776748,New York Mets,1,3,6,0,9,1,-3,0
2025,2025-08-14,776748,Atlanta Braves,0,4,9,1,6,0,3,1
2025,2025-08-14,776744,Minnesota Twins,1,3,7,0,6,0,1,0
2025,2025-08-14,776744,Detroit Tigers,0,4,6,0,7,0,-1,1
2025,2025-08-14,776742,Colorado Rockies,1,2,9,2,9,0,0,0
2025,2025-08-14,776742,Arizona Diamondbacks,0,8,9,0,9,2,0,1
2025,2025-08-15,776737,Chicago Cubs,1,2,6,0,6,1,0,0
2025,2025-08-15,776737,Pittsburgh Pirates,0,3,6,1,6,0,0,1
2025,2025-08-15,776740,Cincinnati Reds,1,8,9,3,17,0,-8,0
2025,2025-08-15,776740,Milwaukee Brewers,0,10,17,0,9,3,8,1
2025,2025-08-15,776739,Washington Nationals,1,2,6,1,6,0,0,0
2025,2025-08-15,776739,Philadelphia Phillies,0,6,6,0,6,1,0,1
2025,2025-08-15,776735,Toronto Blue Jays,1,6,8,0,5,0,3,1
2025,2025-08-15,776735,Texas Rangers,0,5,5,0,8,0,-3,0
2025,2025-08-15,776736,New York Mets,1,9,12,0,16,0,-4,0
2025,2025-08-15,776736,Seattle Mariners,0,11,16,0,12,0,4,1
2025,2025-08-15,776738,Cleveland Guardians,1,0,2,0,8,0,-6,0
2025,2025-08-15,776738,Atlanta Braves,0,2,8,0,2,0,6,1
2025,2025-08-15,776741,Boston Red Sox,1,2,3,0,9,0,-6,1
2025,2025-08-15,776741,Miami Marlins,0,1,9,0,3,0,6,0
2025,2025-08-15,776733,Houston Astros,1,0,1,1,13,1,-12,0
2025,2025-08-15,776733,Baltimore Orioles,0,7,13,1,1,1,12,1
2025,2025-08-15,776732,Minnesota Twins,1,0,2,1,10,0,-8,0
2025,2025-08-15,776732,Detroit Tigers,0,7,10,0,2,1,8,1
2025,2025-08-15,776728,Kansas City Royals,1,3,8,0,7,0,1,1
2025,2025-08-15,776728,Chicago White Sox,0,1,7,0,8,0,-1,0
2025,2025-08-15,776731,St. Louis Cardinals,1,3,6,1,7,1,-1,0
2025,2025-08-15,776731,New York Yankees,0,4,7,1,6,1,1,1
2025,2025-08-15,776730,Colorado Rockies,1,4,8,0,6,0,2,1
2025,2025-08-15,776730,Arizona Diamondbacks,0,3,6,0,8,0,-2,0
2025,2025-08-15,776734,Athletics,1,10,14,0,5,1,9,1
2025,2025-08-15,776734,Los Angeles Angels,0,3,5,1,14,0,-9,0
2025,2025-08-15,776727,Los Angeles Dodgers,1,3,4,0,4,0,0,1
2025,2025-08-15,776727,San Diego Padres,0,2,4,0,4,0,0,0
2025,2025-08-15,776729,San Francisco Giants,1,6,9,0,10,1,-1,0
2025,2025-08-15,776729,Tampa Bay Rays,0,7,10,1,9,0,1,1
2025,2025-08-16,776719,Chicago Cubs,1,3,9,0,5,0,4,1
2025,2025-08-16,776719,Pittsburgh Pirates,0,1,5,0,9,0,-4,0
2025,2025-08-16,776723,Toronto Blue Jays,1,14,18,1,7,0,11,1
2025,2025-08-16,776723,Texas Rangers,0,2,7,0,18,1,-11,0
2025,2025-08-16,776725,Washington Nationals,1,2,7,1,8,0,-1,1
2025,2025-08-16,776725,Philadelphia Phillies,0,0,8,0,7,1,1,0
2025,2025-08-16,776726,New York Mets,1,3,10,1,4,0,6,1
2025,2025-08-16,776726,Seattle Mariners,0,1,4,0,10,1,-6,0
2025,2025-08-16,776724,Boston Red Sox,1,7,9,1,8,0,1,1
2025,2025-08-16,776724,Miami Marlins,0,5,8,0,9,1,-1,0
2025,2025-08-16,776721,Cincinnati Reds,1,5,9,3,8,0,1,0
2025,2025-08-16,776721,Milwaukee Brewers,0,6,8,0,9,3,-1,1
2025,2025-08-16,776722,Houston Astros,1,5,8,0,7,0,1,1
2025,2025-08-16,776722,Baltimore Orioles,0,4,7,0,8,0,-1,0
2025,2025-08-16,776720,Cleveland Guardians,1,1,6,1,14,0,-8,0
2025,2025-08-16,776720,Atlanta Braves,0,10,14,0,6,1,8,1
2025,2025-08-16,776712,Kansas City Royals,1,6,10,0,8,1,2,1
2025,2025-08-16,776712,Chicago White Sox,0,2,8,1,10,0,-2,0
2025,2025-08-16,776716,Minnesota Twins,1,5,8,1,12,1,-4,0
2025,2025-08-16,776716,Detroit Tigers,0,8,12,1,8,1,4,1
2025,2025-08-16,776713,St. Louis Cardinals,1,8,12,0,15,0,-3,0
2025,2025-08-16,776713,New York Yankees,0,12,15,0,12,0,3,1
2025,2025-08-16,776715,Colorado Rockies,1,10,12,1,9,1,3,1
2025,2025-08-16,776715,Arizona Diamondbacks,0,7,9,1,12,1,-3,0
2025,2025-08-16,776711,San Francisco Giants,1,1,7,1,6,1,1,0
2025,2025-08-16,776711,Tampa Bay Rays,0,2,6,1,7,1,-1,1
2025,2025-08-16,776717,Los Angeles Dodgers,1,6,5,0,6,1,-1,1
2025,2025-08-16,776717,San Diego Padres,0,0,6,1,5,0,1,0
2025,2025-08-16,776718,Athletics,1,7,8,1,7,0,1,1
2025,2025-08-16,776718,Los Angeles Angels,0,2,7,0,8,1,-1,0
2025,2025-08-17,776708,Washington Nationals,1,9,13,2,13,0,0,0
2025,2025-08-17,776708,Philadelphia Phillies,0,11,13,0,13,2,0,1
2025,2025-08-17,776714,Boston Red Sox,1,3,7,0,8,0,-1,0
2025,2025-08-17,776714,Miami Marlins,0,5,8,0,7,0,1,1
2025,2025-08-17,776710,Toronto Blue Jays,1,4,7,0,15,0,-8,0
2025,2025-08-17,776710,Texas Rangers,0,10,15,0,7,0,8,1
2025,2025-08-17,776706,Cleveland Guardians,1,4,10,2,10,1,0,0
2025,2025-08-17,776706,Atlanta Braves,0,5,10,1,10,2,0,1
2025,2025-08-17,776709,Cincinnati Reds,1,3,8,0,5,1,3,1
2025,2025-08-17,776709,Milwaukee Brewers,0,2,5,1,8,0,-3,0
2025,2025-08-17,776705,Houston Astros,1,0,6,0,14,0,-8,0
2025,2025-08-17,776705,Baltimore Orioles,0,12,14,0,6,0,8,1
2025,2025-08-17,776700,Minnesota Twins,1,8,9,0,3,1,6,1
2025,2025-08-17,776700,Detroit Tigers,0,1,3,1,9,0,-6,0
2025,2025-08-17,776702,Kansas City Royals,1,6,8,1,9,1,-1,1
2025,2025-08-17,776702,Chicago White Sox,0,2,9,1,8,1,1,0
2025,2025-08-17,776698,St. Louis Cardinals,1,4,7,1,9,2,-2,0
2025,2025-08-17,776698,New York Yankees,0,8,9,2,7,1,2,1
2025,2025-08-17,776704,Chicago Cubs,1,4,6,1,9,2,-3,1
2025,2025-08-17,776704,Pittsburgh Pirates,0,3,9,2,6,1,3,0
2025,2025-08-17,776701,Colorado Rockies,1,6,9,2,13,0,-4,1
2025,2025-08-17,776701,Arizona Diamondbacks,0,5,13,0,9,2,4,0
2025,2025-08-17,776699,Athletics,1,5,11,0,11,0,0,0
2025,2025-08-17,776699,Los Angeles Angels,0,11,11,0,11,0,0,1
2025,2025-08-17,776703,San Francisco Giants,1,7,11,2,5,0,6,1
2025,2025-08-17,776703,Tampa Bay Rays,0,1,5,0,11,2,-6,0
2025,2025-08-17,776697,Los Angeles Dodgers,1,5,6,0,10,0,-4,1
2025,2025-08-17,776697,San Diego Padres,0,4,10,0,6,0,4,0
2025,2025-08-17,776707,New York Mets,1,7,14,0,10,0,4,1
2025,2025-08-17,776707,Seattle Mariners,0,3,10,0,14,0,-4,0
2025,2025-08-18,777459,Chicago Cubs,1,0,2,1,9,0,-7,0
2025,2025-08-18,777459,Milwaukee Brewers,0,7,9,0,2,1,7,1
2025,2025-08-18,776692,Detroit Tigers,1,10,13,0,5,0,8,1
2025,2025-08-18,776692,Houston Astros,0,0,5,0,13,0,-8,0
2025,2025-08-18,776694,Pittsburgh Pirates,1,5,6,0,6,3,0,1
2025,2025-08-18,776694,Toronto Blue Jays,0,2,6,3,6,0,0,0
2025,2025-08-18,776688,Miami Marlins,1,3,6,2,10,1,-4,0
2025,2025-08-18,776688,St. Louis Cardinals,0,8,10,1,6,2,4,1
2025,2025-08-18,776689,Philadelphia Phillies,1,12,22,0,9,0,13,1
2025,2025-08-18,776689,Seattle Mariners,0,7,9,0,22,0,-13,0
2025,2025-08-18,776695,Boston Red Sox,1,3,6,0,12,0,-6,0
2025,2025-08-18,776695,Baltimore Orioles,0,6,12,0,6,0,6,1
2025,2025-08-18,776696,Atlanta Braves,1,9,15,2,19,1,-4,0
2025,2025-08-18,776696,Chicago White Sox,0,13,19,1,15,2,4,1
2025,2025-08-18,776690,Kansas City Royals,1,4,8,0,11,0,-3,1
2025,2025-08-18,776690,Texas Rangers,0,3,11,0,8,0,3,0
2025,2025-08-18,776693,Colorado Rockies,1,4,6,0,8,0,-2,1
2025,2025-08-18,776693,Los Angeles Dodgers,0,3,8,0,6,0,2,0
2025,2025-08-18,776681,Los Angeles Angels,1,1,8,0,11,0,-3,0
2025,2025-08-18,776681,Cincinnati Reds,0,4,11,0,8,0,3,1
2025,2025-08-18,776682,Arizona Diamondbacks,1,1,6,0,5,0,1,0
2025,2025-08-18,776682,Cleveland Guardians,0,3,5,0,6,0,-1,1
2025,2025-08-18,776683,San Diego Padres,1,3,6,0,8,2,-2,0
2025,2025-08-18,776683,San Francisco Giants,0,4,8,2,6,0,2,1
2025,2025-08-19,776691,Chicago Cubs,1,6,8,0,8,1,0,1
2025,2025-08-19,776691,Milwaukee Brewers,0,4,8,1,8,0,0,0
2025,2025-08-19,776676,Chicago Cubs,1,4,9,0,7,0,2,1
2025,2025-08-19,776676,Milwaukee Brewers,0,1,7,0,9,0,-2,0
2025,2025-08-19,776685,Detroit Tigers,1,1,5,0,4,1,1,1
2025,2025-08-19,776685,Houston Astros,0,0,4,1,5,0,-1,0
2025,2025-08-19,776679,Pittsburgh Pirates,1,3,8,1,10,1,-2,0
2025,2025-08-19,776679,Toronto Blue Jays,0,7,10,1,8,1,2,1
2025,2025-08-19,776686,Miami Marlins,1,4,5,1,12,2,-7,0
2025,2025-08-19,776686,St. Louis Cardinals,0,7,12,2,5,1,7,1
2025,2025-08-19,776678,Washington Nationals,1,1,5,0,11,0,-6,0
2025,2025-08-19,776678,New York Mets,0,8,11,0,5,0,6,1
2025,2025-08-19,776680,Philadelphia Phillies,1,6,7,0,7,0,0,1
2025,2025-08-19,776680,Seattle Mariners,0,4,7,0,7,0,0,0
2025,2025-08-19,776684,Boston Red Sox,1,3,8,0,6,1,2,0
2025,2025-08-19,776684,Baltimore Orioles,0,4,6,1,8,0,-2,1
2025,2025-08-19,776687,Atlanta Braves,1,11,13,0,11,1,2,1
2025,2025-08-19,776687,Chicago White Sox,0,10,11,1,13,0,-2,0
2025,2025-08-19,776677,Tampa Bay Rays,1,3,8,0,16,1,-8,0
2025,2025-08-19,776677,New York Yankees,0,13,16,1,8,0,8,1
2025,2025-08-19,776675,Kansas City Royals,1,5,6,0,4,0,2,1
2025,2025-08-19,776675,Texas Rangers,0,2,4,0,6,0,-2,0
2025,2025-08-19,776674,Minnesota Twins,1,3,6,0,11,1,-5,0
2025,2025-08-19,776674,Athletics,0,6,11,1,6,0,5,1
2025,2025-08-19,776671,Colorado Rockies,1,4,8,0,18,0,-10,0
2025,2025-08-19,776671,Los Angeles Dodgers,0,11,18,0,8,0,10,1
2025,2025-08-19,776668,Los Angeles Angels,1,4,9,0,11,0,-2,0
2025,2025-08-19,776668,Cincinnati Reds,0,6,11,0,9,0,2,1
2025,2025-08-19,776672,Arizona Diamondbacks,1,6,9,0,8,1,1,1
2025,2025-08-19,776672,Cleveland Guardians,0,5,8,1,9,0,-1,0
2025,2025-08-19,776667,San Diego Padres,1,5,9,0,4,2,5,1
2025,2025-08-19,776667,San Francisco Giants,0,1,4,2,9,0,-5,0
2025,2025-08-20,776661,Pittsburgh Pirates,1,2,8,0,3,0,5,1
2025,2025-08-20,776661,Toronto Blue Jays,0,1,3,0,8,0,-5,0
2025,2025-08-20,776662,Philadelphia Phillies,1,11,20,1,5,2,15,1
2025,2025-08-20,776662,Seattle Mariners,0,2,5,2,20,1,-15,0
2025,2025-08-20,776673,Detroit Tigers,1,7,7,1,5,0,2,1
2025,2025-08-20,776673,Houston Astros,0,2,5,0,7,1,-2,0
2025,2025-08-20,776658,Arizona Diamondbacks,1,3,9,0,6,0,3,1
2025,2025-08-20,776658,Cleveland Guardians,0,2,6,0,9,0,-3,0
2025,2025-08-20,776670,Miami Marlins,1,6,9,1,5,1,4,1
2025,2025-08-20,776670,St. Louis Cardinals,0,2,5,1,9,1,-4,0
2025,2025-08-20,776659,Washington Nationals,1,5,7,1,8,0,-1,1
2025,2025-08-20,776659,New York Mets,0,4,8,0,7,1,1,0
2025,2025-08-20,776669,Atlanta Braves,1,1,4,0,4,1,0,1
2025,2025-08-20,776669,Chicago White Sox,0,0,4,1,4,0,0,0
2025,2025-08-20,776664,Tampa Bay Rays,1,4,6,1,9,0,-3,0
2025,2025-08-20,776664,New York Yankees,0,6,9,0,6,1,3,1
2025,2025-08-20,776666,Kansas City Royals,1,3,8,1,12,0,-4,0
2025,2025-08-20,776666,Texas Rangers,0,6,12,0,8,1,4,1
2025,2025-08-20,776665,Minnesota Twins,1,2,11,0,6,0,5,0
2025,2025-08-20,776665,Athletics,0,4,6,0,11,0,-5,1
2025,2025-08-20,776663,Chicago Cubs,1,4,4,0,6,0,-2,1
2025,2025-08-20,776663,Milwaukee Brewers,0,3,6,0,4,0,2,0
2025,2025-08-20,776660,Colorado Rockies,1,8,16,2,6,1,10,1
2025,2025-08-20,776660,Los Angeles Dodgers,0,3,6,1,16,2,-10,0
2025,2025-08-20,776652,Los Angeles Angels,1,2,5,0,7,0,-2,1
2025,2025-08-20,776652,Cincinnati Reds,0,1,7,0,5,0,2,0
2025,2025-08-20,776656,San Diego Padres,1,8,10,0,4,1,6,1
2025,2025-08-20,776656,San Francisco Giants,0,1,4,1,10,0,-6,0
2025,2025-08-21,776653,Minnesota Twins,1,3,5,1,12,0,-7,0
2025,2025-08-21,776653,Athletics,0,8,12,0,5,1,7,1
2025,2025-08-21,776657,Kansas City Royals,1,6,9,1,10,0,-1,1
2025,2025-08-21,776657,Texas Rangers,0,4,10,0,9,1,1,0
2025,2025-08-21,776651,Chicago Cubs,1,1,5,0,7,0,-2,0
2025,2025-08-21,776651,Milwaukee Brewers,0,4,7,0,5,0,2,1
2025,2025-08-21,776644,Colorado Rockies,1,5,10,1,12,0,-2,0
2025,2025-08-21,776644,Los Angeles Dodgers,0,9,12,0,10,1,2,1
2025,2025-08-21,776650,Washington Nationals,1,9,9,0,7,0,2,1
2025,2025-08-21,776650,New York Mets,0,3,7,0,9,0,-2,0
2025,2025-08-21,776642,San Diego Padres,1,8,10,1,7,2,3,1
2025,2025-08-21,776642,San Francisco Giants,0,4,7,2,10,1,-3,0
2025,2025-08-21,776655,Baltimore Orioles,1,2,9,2,12,1,-3,0
2025,2025-08-21,776655,Houston Astros,0,7,12,1,9,2,3,1
2025,2025-08-21,776654,New York Yankees,1,3,8,4,10,1,-2,0
2025,2025-08-21,776654,Boston Red Sox,0,6,10,1,8,4,2,1
2025,2025-08-21,776631,Tampa Bay Rays,1,4,10,2,10,0,0,0
2025,2025-08-21,776631,St. Louis Cardinals,0,7,10,0,10,2,0,1
2025,2025-08-22,776637,Pittsburgh Pirates,1,9,14,0,3,0,11,1
2025,2025-08-22,776637,Colorado Rockies,0,0,3,0,14,0,-11,0
2025,2025-08-22,776648,Philadelphia Phillies,1,4,8,1,8,0,0,0
2025,2025-08-22,776648,Washington Nationals,0,5,8,0,8,1,0,1
2025,2025-08-22,776643,Baltimore Orioles,1,7,13,2,10,0,3,0
2025,2025-08-22,776643,Houston Astros,0,10,10,0,13,2,-3,1
2025,2025-08-22,776647,New York Yankees,1,0,3,0,6,0,-3,0
2025,2025-08-22,776647,Boston Red Sox,0,1,6,0,3,0,3,1
2025,2025-08-22,776649,Detroit Tigers,1,7,12,0,11,1,1,1
2025,2025-08-22,776649,Kansas City Royals,0,5,11,1,12,0,-1,0
2025,2025-08-22,776646,Miami Marlins,1,2,4,0,9,0,-5,0
2025,2025-08-22,776646,Toronto Blue Jays,0,5,9,0,4,0,5,1
2025,2025-08-22,776645,Atlanta Braves,1,7,10,1,21,0,-11,0
2025,2025-08-22,776645,New York Mets,0,12,21,0,10,1,11,1
2025,2025-08-22,776633,Tampa Bay Rays,1,10,16,0,9,1,7,1
2025,2025-08-22,776633,St. Louis Cardinals,0,6,9,1,16,0,-7,0
2025,2025-08-22,776639,Chicago White Sox,1,7,12,1,12,0,0,0
2025,2025-08-22,776639,Minnesota Twins,0,9,12,0,12,1,0,1
2025,2025-08-22,776641,Texas Rangers,1,4,7,0,7,0,0,1
2025,2025-08-22,776641,Cleveland Guardians,0,3,7,0,7,0,0,0
2025,2025-08-22,776634,Milwaukee Brewers,1,5,7,0,5,0,2,1
2025,2025-08-22,776634,San Francisco Giants,0,4,5,0,7,0,-2,0
2025,2025-08-22,776640,Los Angeles Angels,1,2,3,0,5,0,-2,0
2025,2025-08-22,776640,Chicago Cubs,0,3,5,0,3,0,2,1
2025,2025-08-22,776635,Arizona Diamondbacks,1,6,8,1,6,0,2,1
2025,2025-08-22,776635,Cincinnati Reds,0,5,6,0,8,1,-2,0
2025,2025-08-22,776636,San Diego Padres,1,2,7,0,3,0,4,1
2025,2025-08-22,776636,Los Angeles Dodgers,0,1,3,0,7,0,-4,0
2025,2025-08-22,776638,Seattle Mariners,1,3,5,1,5,0,0,1
2025,2025-08-22,776638,Athletics,0,2,5,0,5,1,0,0
2025,2025-08-23,776627,New York Yankees,1,1,7,1,17,1,-10,0
2025,2025-08-23,776627,Boston Red Sox,0,12,17,1,7,1,10,1
2025,2025-08-23,776630,Miami Marlins,1,6,10,0,12,1,-2,0
2025,2025-08-23,776630,Toronto Blue Jays,0,7,12,1,10,0,2,1
2025,2025-08-23,776628,Philadelphia Phillies,1,6,8,1,9,0,-1,1
2025,2025-08-23,776628,Washington Nationals,0,4,9,0,8,1,1,0
2025,2025-08-23,776625,Detroit Tigers,1,4,9,1,8,1,1,1
2025,2025-08-23,776625,Kansas City Royals,0,2,8,1,9,1,-1,0
2025,2025-08-23,776632,Pittsburgh Pirates,1,5,11,0,6,0,5,1
2025,2025-08-23,776632,Colorado Rockies,0,1,6,0,11,0,-5,0
2025,2025-08-23,776629,Baltimore Orioles,1,8,9,1,11,1,-2,0
2025,2025-08-23,776629,Houston Astros,0,9,11,1,9,1,2,1
2025,2025-08-23,776623,Texas Rangers,1,10,10,0,3,0,7,1
2025,2025-08-23,776623,Cleveland Guardians,0,0,3,0,10,0,-7,0
2025,2025-08-23,776619,Chicago White Sox,1,7,10,0,7,0,3,1
2025,2025-08-23,776619,Minnesota Twins,0,3,7,0,10,0,-3,0
2025,2025-08-23,776621,Milwaukee Brewers,1,1,7,2,10,0,-3,0
2025,2025-08-23,776621,San Francisco Giants,0,7,10,0,7,2,3,1
2025,2025-08-23,776626,Atlanta Braves,1,2,5,1,11,0,-6,0
2025,2025-08-23,776626,New York Mets,0,9,11,0,5,1,6,1
2025,2025-08-23,776622,Arizona Diamondbacks,1,10,14,0,7,1,7,1
2025,2025-08-23,776622,Cincinnati Reds,0,1,7,1,14,0,-7,0
2025,2025-08-23,776617,San Diego Padres,1,5,3,0,2,0,1,1
2025,2025-08-23,776617,Los Angeles Dodgers,0,1,2,0,3,0,-1,0
2025,2025-08-23,776618,Los Angeles Angels,1,1,5,1,14,0,-9,0
2025,2025-08-23,776618,Chicago Cubs,0,12,14,0,5,1,9,1
2025,2025-08-23,776620,Seattle Mariners,1,1,3,0,5,0,-2,0
2025,2025-08-23,776620,Athletics,0,2,5,0,3,0,2,1
2025,2025-08-24,776610,Pittsburgh Pirates,1,4,6,1,4,0,2,1
2025,2025-08-24,776610,Colorado Rockies,0,0,4,0,6,1,-2,0
2025,2025-08-24,776606,Tampa Bay Rays,1,7,8,1,5,0,3,1
2025,2025-08-24,776606,St. Louis Cardinals,0,2,5,0,8,1,-3,0
2025,2025-08-24,776612,Baltimore Orioles,1,3,8,0,8,0,0,1
2025,2025-08-24,776612,Houston Astros,0,2,8,0,8,0,0,0
2025,2025-08-24,776613,Philadelphia Phillies,1,3,7,0,5,1,2,1
2025,2025-08-24,776613,Washington Nationals,0,2,5,1,7,0,-2,0
2025,2025-08-24,776624,Atlanta Braves,1,4,8,0,6,0,2,1
2025,2025-08-24,776624,New York Mets,0,3,6,0,8,0,-2,0
2025,2025-08-24,776615,Detroit Tigers,1,8,9,1,12,0,-3,0
2025,2025-08-24,776615,Kansas City Royals,0,10,12,0,9,1,3,1
2025,2025-08-24,776614,Miami Marlins,1,5,10,0,4,1,6,1
2025,2025-08-24,776614,Toronto Blue Jays,0,3,4,1,10,0,-6,0
2025,2025-08-24,776607,Chicago White Sox,1,8,12,0,5,2,7,1
2025,2025-08-24,776607,Minnesota Twins,0,0,5,2,12,0,-7,0
2025,2025-08-24,776608,Milwaukee Brewers,1,3,9,0,9,0,0,0
2025,2025-08-24,776608,San Francisco Giants,0,4,9,0,9,0,0,1
2025,2025-08-24,776611,Texas Rangers,1,5,10,0,5,1,5,1
2025,2025-08-24,776611,Cleveland Guardians,0,0,5,1,10,0,-5,0
2025,2025-08-24,776605,Los Angeles Angels,1,3,7,0,8,1,-1,0
2025,2025-08-24,776605,Chicago Cubs,0,4,8,1,7,0,1,1
2025,2025-08-24,776609,Arizona Diamondbacks,1,1,2,1,11,3,-9,0
2025,2025-08-24,776609,Cincinnati Reds,0,6,11,3,2,1,9,1
2025,2025-08-24,776603,San Diego Padres,1,2,5,0,9,0,-4,0
2025,2025-08-24,776603,Los Angeles Dodgers,0,8,9,0,5,0,4,1
2025,2025-08-24,776602,Seattle Mariners,1,11,9,0,7,0,2,1
2025,2025-08-24,776602,Athletics,0,4,7,0,9,0,-2,0
2025,2025-08-24,776616,New York Yankees,1,7,7,0,5,0,2,1
2025,2025-08-24,776616,Boston Red Sox,0,2,5,0,7,0,-2,0
2025,2025-08-25,776604,Baltimore Orioles,1,3,6,1,7,1,-1,0
2025,2025-08-25,776604,Boston Red Sox,0,4,7,1,6,1,1,1
2025,2025-08-25,776601,Cleveland Guardians,1,0,2,1,14,0,-12,0
2025,2025-08-25,776601,Tampa Bay Rays,0,9,14,0,2,1,12,1
2025,2025-08-25,776600,Miami Marlins,1,2,4,0,3,0,1,1
2025,2025-08-25,776600,Atlanta Braves,0,1,3,0,4,0,-1,0
2025,2025-08-25,776597,New York Yankees,1,10,12,0,9,1,3,1
2025,2025-08-25,776597,Washington Nationals,0,5,9,1,12,0,-3,0
2025,2025-08-25,776596,Toronto Blue Jays,1,10,10,0,5,0,5,1
2025,2025-08-25,776596,Minnesota Twins,0,4,5,0,10,0,-5,0
2025,2025-08-25,776598,New York Mets,1,13,14,0,6,1,8,1
2025,2025-08-25,776598,Philadelphia Phillies,0,3,6,1,14,0,-8,0
2025,2025-08-25,776599,Chicago White Sox,1,7,11,1,2,0,9,1
2025,2025-08-25,776599,Kansas City Royals,0,0,2,0,11,1,-9,0
2025,2025-08-25,776593,Milwaukee Brewers,1,7,10,0,6,0,4,1
2025,2025-08-25,776593,Arizona Diamondbacks,0,5,6,0,10,0,-4,0
2025,2025-08-25,776589,St. Louis Cardinals,1,7,11,1,9,2,2,1
2025,2025-08-25,776589,Pittsburgh Pirates,0,6,9,2,11,1,-2,0
2025,2025-08-25,776592,Texas Rangers,1,0,5,0,7,0,-2,0
2025,2025-08-25,776592,Los Angeles Angels,0,4,7,0,5,0,2,1
2025,2025-08-25,776595,Seattle Mariners,1,9,10,1,10,1,0,1
2025,2025-08-25,776595,San Diego Padres,0,6,10,1,10,1,0,0
2025,2025-08-25,776590,Athletics,1,8,10,0,10,2,0,1
2025,2025-08-25,776590,Detroit Tigers,0,3,10,2,10,0,0,0
2025,2025-08-25,776594,Los Angeles Dodgers,1,7,9,1,3,2,6,1
2025,2025-08-25,776594,Cincinnati Reds,0,0,3,2,9,1,-6,0
2025,2025-08-26,776591,Baltimore Orioles,1,0,6,0,9,0,-3,0
2025,2025-08-26,776591,Boston Red Sox,0,5,9,0,6,0,3,1
2025,2025-08-26,776584,Cleveland Guardians,1,3,3,0,5,0,-2,1
2025,2025-08-26,776584,Tampa Bay Rays,0,0,5,0,3,0,2,0
2025,2025-08-26,776581,Miami Marlins,1,2,12,0,11,1,1,0
2025,2025-08-26,776581,Atlanta Braves,0,11,11,1,12,0,-1,1
2025,2025-08-26,776588,New York Yankees,1,5,6,0,8,0,-2,1
2025,2025-08-26,776588,Washington Nationals,0,1,8,0,6,0,2,0
2025,2025-08-26,776582,Toronto Blue Jays,1,5,14,0,9,1,5,0
2025,2025-08-26,776582,Minnesota Twins,0,7,9,1,14,0,-5,1
2025,2025-08-26,776585,New York Mets,1,6,12,0,11,1,1,1
2025,2025-08-26,776585,Philadelphia Phillies,0,5,11,1,12,0,-1,0
2025,2025-08-26,776583,Chicago White Sox,1,4,9,0,9,0,0,0
2025,2025-08-26,776583,Kansas City Royals,0,5,9,0,9,0,0,1
2025,2025-08-26,776586,Milwaukee Brewers,1,9,12,1,14,1,-2,1
2025,2025-08-26,776586,Arizona Diamondbacks,0,8,14,1,12,1,2,0
2025,2025-08-26,776578,St. Louis Cardinals,1,3,3,1,11,0,-8,0
2025,2025-08-26,776578,Pittsburgh Pirates,0,8,11,0,3,1,8,1
2025,2025-08-26,776575,Texas Rangers,1,7,7,0,6,0,1,1
2025,2025-08-26,776575,Los Angeles Angels,0,3,6,0,7,0,-1,0
2025,2025-08-26,776587,Houston Astros,1,1,6,2,6,0,0,0
2025,2025-08-26,776587,Colorado Rockies,0,6,6,0,6,2,0,1
2025,2025-08-26,776577,Seattle Mariners,1,6,8,0,12,0,-4,0
2025,2025-08-26,776577,San Diego Padres,0,7,12,0,8,0,4,1
2025,2025-08-26,776576,San Francisco Giants,1,5,7,0,8,0,-1,1
2025,2025-08-26,776576,Chicago Cubs,0,2,8,0,7,0,1,0
2025,2025-08-26,776573,Athletics,1,7,10,0,9,2,1,1
2025,2025-08-26,776573,Detroit Tigers,0,6,9,2,10,0,-1,0
2025,2025-08-26,776574,Los Angeles Dodgers,1,6,10,0,7,1,3,1
2025,2025-08-26,776574,Cincinnati Reds,0,3,7,1,10,0,-3,0
2025,2025-08-27,776570,New York Yankees,1,11,13,0,6,0,7,1
2025,2025-08-27,776570,Washington Nationals,0,2,6,0,13,0,-7,0
2025,2025-08-27,776580,Cleveland Guardians,1,4,8,0,7,0,1,1
2025,2025-08-27,776580,Tampa Bay Rays,0,3,7,0,8,0,-1,0
2025,2025-08-27,776565,Miami Marlins,1,1,5,0,11,0,-6,0
2025,2025-08-27,776565,Atlanta Braves,0,12,11,0,5,0,6,1
2025,2025-08-27,776561,Seattle Mariners,1,4,8,0,8,1,0,1
2025,2025-08-27,776561,San Diego Padres,0,3,8,1,8,0,0,0
2025,2025-08-27,776579,Baltimore Orioles,1,2,5,0,7,1,-2,0
2025,2025-08-27,776579,Boston Red Sox,0,3,7,1,5,0,2,1
2025,2025-08-27,776567,Toronto Blue Jays,1,9,12,2,12,0,0,1
2025,2025-08-27,776567,Minnesota Twins,0,8,12,0,12,2,0,0
2025,2025-08-27,776566,New York Mets,1,6,12,0,5,0,7,1
2025,2025-08-27,776566,Philadelphia Phillies,0,0,5,0,12,0,-7,0
2025,2025-08-27,776569,Chicago White Sox,1,1,7,0,16,1,-9,0
2025,2025-08-27,776569,Kansas City Royals,0,12,16,1,7,0,9,1
2025,2025-08-27,776572,Milwaukee Brewers,1,2,10,0,9,0,1,0
2025,2025-08-27,776572,Arizona Diamondbacks,0,3,9,0,10,0,-1,1
2025,2025-08-27,776568,St. Louis Cardinals,1,1,4,1,3,0,1,0
2025,2025-08-27,776568,Pittsburgh Pirates,0,2,3,0,4,1,-1,1
2025,2025-08-27,776563,Texas Rangers,1,20,22,0,7,1,15,1
2025,2025-08-27,776563,Los Angeles Angels,0,3,7,1,22,0,-15,0
2025,2025-08-27,776571,Houston Astros,1,4,7,0,4,0,3,1
2025,2025-08-27,776571,Colorado Rockies,0,0,4,0,7,0,-3,0
2025,2025-08-27,776562,Los Angeles Dodgers,1,5,7,0,6,0,1,1
2025,2025-08-27,776562,Cincinnati Reds,0,1,6,0,7,0,-1,0
2025,2025-08-27,776557,San Francisco Giants,1,12,13,1,5,1,8,1
2025,2025-08-27,776557,Chicago Cubs,0,3,5,1,13,1,-8,0
2025,2025-08-27,776559,Athletics,1,7,11,0,2,2,9,1
2025,2025-08-27,776559,Detroit Tigers,0,0,2,2,11,0,-9,0
2025,2025-08-28,776564,Baltimore Orioles,1,2,9,0,8,0,1,0
2025,2025-08-28,776564,Boston Red Sox,0,3,8,0,9,0,-1,1
2025,2025-08-28,776555,Houston Astros,1,4,9,1,8,1,1,1
2025,2025-08-28,776555,Colorado Rockies,0,3,8,1,9,1,-1,0
2025,2025-08-28,776553,Milwaukee Brewers,1,4,10,0,11,1,-1,0
2025,2025-08-28,776553,Arizona Diamondbacks,0,6,11,1,10,0,1,1
2025,2025-08-28,776554,St. Louis Cardinals,1,4,7,0,5,0,2,1
2025,2025-08-28,776554,Pittsburgh Pirates,0,1,5,0,7,0,-2,0
2025,2025-08-28,776550,San Francisco Giants,1,4,8,0,8,0,0,1
2025,2025-08-28,776550,Chicago Cubs,0,3,8,0,8,0,0,0
2025,2025-08-28,776560,Philadelphia Phillies,1,19,20,0,6,0,14,1
2025,2025-08-28,776560,Atlanta Braves,0,4,6,0,20,0,-14,0
2025,2025-08-28,776558,New York Mets,1,4,7,3,9,1,-2,0
2025,2025-08-28,776558,Miami Marlins,0,7,9,1,7,3,2,1
2025,2025-08-28,776556,Chicago White Sox,1,4,5,3,12,1,-7,0
2025,2025-08-28,776556,New York Yankees,0,10,12,1,5,3,7,1
2025,2025-08-29,776551,Cincinnati Reds,1,5,12,2,9,0,3,0
2025,2025-08-29,776551,St. Louis Cardinals,0,7,9,0,12,2,-3,1
2025,2025-08-29,776545,Washington Nationals,1,1,12,0,8,0,4,0
2025,2025-08-29,776545,Tampa Bay Rays,0,4,8,0,12,0,-4,1
2025,2025-08-29,776552,Philadelphia Phillies,1,2,6,0,12,1,-6,1
2025,2025-08-29,776552,Atlanta Braves,0,1,12,1,6,0,6,0
2025,2025-08-29,776546,Toronto Blue Jays,1,2,4,0,11,0,-7,0
2025,2025-08-29,776546,Milwaukee Brewers,0,7,11,0,4,0,7,1
2025,2025-08-29,776549,Boston Red Sox,1,2,9,0,10,2,-1,0
2025,2025-08-29,776549,Pittsburgh Pirates,0,4,10,2,9,0,1,1
2025,2025-08-29,776547,Cleveland Guardians,1,5,9,0,10,2,-1,1
2025,2025-08-29,776547,Seattle Mariners,0,4,10,2,9,0,1,0
2025,2025-08-29,776548,New York Mets,1,19,18,2,15,0,3,1
2025,2025-08-29,776548,Miami Marlins,0,9,15,0,18,2,-3,0
2025,2025-08-29,776544,Chicago White Sox,1,2,12,0,7,0,5,0
2025,2025-08-29,776544,New York Yankees,0,10,7,0,12,0,-5,1
2025,2025-08-29,776543,Houston Astros,1,2,9,0,2,2,7,1
2025,2025-08-29,776543,Los Angeles Angels,0,0,2,2,9,0,-7,0
2025,2025-08-29,776540,Kansas City Royals,1,3,9,0,11,0,-2,0
2025,2025-08-29,776540,Detroit Tigers,0,5,11,0,9,0,2,1
2025,2025-08-29,776541,Minnesota Twins,1,7,12,2,9,1,3,1
2025,2025-08-29,776541,San Diego Padres,0,4,9,1,12,2,-3,0
2025,2025-08-29,776542,Colorado Rockies,1,7,14,0,15,2,-1,0
2025,2025-08-29,776542,Chicago Cubs,0,11,15,2,14,0,1,1
2025,2025-08-29,776538,Athletics,1,2,5,0,10,0,-5,0
2025,2025-08-29,776538,Texas Rangers,0,5,10,0,5,0,5,1
2025,2025-08-29,776534,Los Angeles Dodgers,1,0,3,0,4,0,-1,0
2025,2025-08-29,776534,Arizona Diamondbacks,0,3,4,0,3,0,1,1
2025,2025-08-29,776533,San Francisco Giants,1,15,18,0,10,3,8,1
2025,2025-08-29,776533,Baltimore Orioles,0,8,10,3,18,0,-8,0
2025,2025-08-30,776527,Toronto Blue Jays,1,1,7,0,9,1,-2,0
2025,2025-08-30,776527,Milwaukee Brewers,0,4,9,1,7,0,2,1
2025,2025-08-30,776525,Washington Nationals,1,1,4,0,5,0,-1,0
2025,2025-08-30,776525,Tampa Bay Rays,0,4,5,0,4,0,1,1
2025,2025-08-30,776539,Boston Red Sox,1,3,8,2,12,0,-4,0
2025,2025-08-30,776539,Pittsburgh Pirates,0,10,12,0,8,2,4,1
2025,2025-08-30,776535,New York Mets,1,8,12,0,13,2,-1,0
2025,2025-08-30,776535,Miami Marlins,0,11,13,2,12,0,1,1
2025,2025-08-30,776532,Philadelphia Phillies,1,3,6,0,9,0,-3,1
2025,2025-08-30,776532,Atlanta Braves,0,2,9,0,6,0,3,0
2025,2025-08-30,776536,Cincinnati Reds,1,2,8,0,7,0,1,0
2025,2025-08-30,776536,St. Louis Cardinals,0,4,7,0,8,0,-1,1
2025,2025-08-30,776531,Houston Astros,1,1,7,0,6,0,1,0
2025,2025-08-30,776531,Los Angeles Angels,0,4,6,0,7,0,-1,1
2025,2025-08-30,776530,Minnesota Twins,1,3,5,1,14,1,-9,0
2025,2025-08-30,776530,San Diego Padres,0,12,14,1,5,1,9,1
2025,2025-08-30,776529,Chicago White Sox,1,3,8,1,6,0,2,0
2025,2025-08-30,776529,New York Yankees,0,5,6,0,8,1,-2,1
2025,2025-08-30,776528,Kansas City Royals,1,3,6,0,7,0,-1,1
2025,2025-08-30,776528,Detroit Tigers,0,1,7,0,6,0,1,0
2025,2025-08-30,776537,Cleveland Guardians,1,4,5,0,5,1,0,1
2025,2025-08-30,776537,Seattle Mariners,0,3,5,1,5,0,0,0
2025,2025-08-30,776516,San Francisco Giants,1,1,5,1,13,0,-8,0
2025,2025-08-30,776516,Baltimore Orioles,0,11,13,0,5,1,8,1
2025,2025-08-30,776526,Colorado Rockies,1,3,7,1,9,0,-2,0
2025,2025-08-30,776526,Chicago Cubs,0,4,9,0,7,1,2,1
2025,2025-08-30,776523,Los Angeles Dodgers,1,1,6,2,8,0,-2,0
2025,2025-08-30,776523,Arizona Diamondbacks,0,6,8,0,6,2,2,1
2025,2025-08-30,776524,Athletics,1,3,8,0,17,0,-9,0
2025,2025-08-30,776524,Texas Rangers,0,9,17,0,8,0,9,1
2025,2025-08-31,776518,Cincinnati Reds,1,7,10,0,7,1,3,1
2025,2025-08-31,776518,St. Louis Cardinals,0,4,7,1,10,0,-3,0
2025,2025-08-31,776513,Minnesota Twins,1,7,8,1,8,0,0,1
2025,2025-08-31,776513,San Diego Padres,0,2,8,0,8,1,0,0
2025,2025-08-31,776517,Boston Red Sox,1,5,8,0,6,1,2,1
2025,2025-08-31,776517,Pittsburgh Pirates,0,2,6,1,8,0,-2,0
2025,2025-08-31,776520,Washington Nationals,1,4,7,2,6,2,1,0
2025,2025-08-31,776520,Tampa Bay Rays,0,7,6,2,7,2,-1,1
2025,2025-08-31,776515,Toronto Blue Jays,1,8,13,2,13,1,0,1
2025,2025-08-31,776515,Milwaukee Brewers,0,4,13,1,13,2,0,0
2025,2025-08-31,776521,Cleveland Guardians,1,2,2,0,9,0,-7,0
2025,2025-08-31,776521,Seattle Mariners,0,4,9,0,2,0,7,1
2025,2025-08-31,776519,New York Mets,1,1,5,1,10,0,-5,0
2025,2025-08-31,776519,Miami Marlins,0,5,10,0,5,1,5,1
2025,2025-08-31,776510,Houston Astros,1,0,2,1,6,0,-4,0
2025,2025-08-31,776510,Los Angeles Angels,0,3,6,0,2,1,4,1
2025,2025-08-31,776512,Kansas City Royals,1,0,4,0,9,0,-5,0
2025,2025-08-31,776512,Detroit Tigers,0,5,9,0,4,0,5,1
2025,2025-08-31,776514,Chicago White Sox,1,3,5,1,6,0,-1,1
2025,2025-08-31,776514,New York Yankees,0,2,6,0,5,1,1,0
2025,2025-08-31,776511,Colorado Rockies,1,6,11,0,7,0,4,1
2025,2025-08-31,776511,Chicago Cubs,0,5,7,0,11,0,-4,0
2025,2025-08-31,776507,San Francisco Giants,1,13,16,1,9,3,7,1
2025,2025-08-31,776507,Baltimore Orioles,0,2,9,3,16,1,-7,0
2025,2025-08-31,776508,Athletics,1,6,9,2,9,0,0,0
2025,2025-08-31,776508,Texas Rangers,0,9,9,0,9,2,0,1
2025,2025-08-31,776509,Los Angeles Dodgers,1,5,10,0,7,0,3,1
2025,2025-08-31,776509,Arizona Diamondbacks,0,4,7,0,10,0,-3,0
2025,2025-08-31,776522,Philadelphia Phillies,1,1,5,0,6,0,-1,0
2025,2025-08-31,776522,Atlanta Braves,0,3,6,0,5,0,1,1
2025,2025-09-01,776498,Washington Nationals,1,2,3,1,2,0,1,1
2025,2025-09-01,776498,Miami Marlins,0,0,2,0,3,1,-1,0
2025,2025-09-01,776501,Detroit Tigers,1,8,14,1,8,0,6,0
2025,2025-09-01,776501,New York Mets,0,10,8,0,14,1,-6,1
2025,2025-09-01,776503,Cincinnati Reds,1,5,11,0,8,1,3,1
2025,2025-09-01,776503,Toronto Blue Jays,0,4,8,1,11,0,-3,0
2025,2025-09-01,776505,Boston Red Sox,1,6,14,0,8,0,6,1
2025,2025-09-01,776505,Cleveland Guardians,0,4,8,0,14,0,-6,0
2025,2025-09-01,776499,Houston Astros,1,8,12,0,7,0,5,1
2025,2025-09-01,776499,Los Angeles Angels,0,3,7,0,12,0,-5,0
2025,2025-09-01,776502,Minnesota Twins,1,5,8,1,12,2,-4,0
2025,2025-09-01,776502,Chicago White Sox,0,6,12,2,8,1,4,1
2025,2025-09-01,776497,St. Louis Cardinals,1,3,8,1,17,0,-9,0
2025,2025-09-01,776497,Athletics,0,11,17,0,8,1,9,1
2025,2025-09-01,776506,Chicago Cubs,1,7,11,0,10,0,1,1
2025,2025-09-01,776506,Atlanta Braves,0,6,10,0,11,0,-1,0
2025,2025-09-01,776492,Colorado Rockies,1,2,13,0,11,0,2,0
2025,2025-09-01,776492,San Francisco Giants,0,8,11,0,13,0,-2,1
2025,2025-09-01,776500,Milwaukee Brewers,1,8,10,0,14,1,-4,0
2025,2025-09-01,776500,Philadelphia Phillies,0,10,14,1,10,0,4,1
2025,2025-09-01,776494,San Diego Padres,1,3,7,0,11,1,-4,0
2025,2025-09-01,776494,Baltimore Orioles,0,4,11,1,7,0,4,1
2025,2025-09-01,776504,Tampa Bay Rays,1,10,13,0,10,1,3,1
2025,2025-09-01,776504,Seattle Mariners,0,2,10,1,13,0,-3,0
2025,2025-09-01,776495,Arizona Diamondbacks,1,5,7,0,8,0,-1,0
2025,2025-09-01,776495,Texas Rangers,0,7,8,0,7,0,1,1
2025,2025-09-02,776490,Detroit Tigers,1,5,8,1,17,0,-9,0
2025,2025-09-02,776490,New York Mets,0,12,17,0,8,1,9,1
2025,2025-09-02,776496,Pittsburgh Pirates,1,9,8,1,12,0,-4,1
2025,2025-09-02,776496,Los Angeles Dodgers,0,7,12,0,8,1,4,0
2025,2025-09-02,776491,Cincinnati Reds,1,9,15,0,12,1,3,0
2025,2025-09-02,776491,Toronto Blue Jays,0,12,12,1,15,0,-3,1
2025,2025-09-02,776493,Boston Red Sox,1,11,18,0,11,0,7,1
2025,2025-09-02,776493,Cleveland Guardians,0,7,11,0,18,0,-7,0
2025,2025-09-02,776482,Washington Nationals,1,5,10,1,4,3,6,1
2025,2025-09-02,776482,Miami Marlins,0,2,4,3,10,1,-6,0
2025,2025-09-02,776485,Tampa Bay Rays,1,6,7,0,6,0,1,1
2025,2025-09-02,776485,Seattle Mariners,0,5,6,0,7,0,-1,0
2025,2025-09-02,776488,Kansas City Royals,1,1,4,0,9,0,-5,0
2025,2025-09-02,776488,Los Angeles Angels,0,5,9,0,4,0,5,1
2025,2025-09-02,776487,Chicago Cubs,1,4,7,0,8,0,-1,1
2025,2025-09-02,776487,Atlanta Braves,0,3,8,0,7,0,1,0
2025,2025-09-02,776484,Minnesota Twins,1,3,7,2,13,0,-6,0
2025,2025-09-02,776484,Chicago White Sox,0,12,13,0,7,2,6,1
2025,2025-09-02,776483,St. Louis Cardinals,1,2,5,1,5,0,0,1
2025,2025-09-02,776483,Athletics,0,1,5,0,5,1,0,0
2025,2025-09-02,776489,Houston Astros,1,1,5,0,11,0,-6,0
2025,2025-09-02,776489,New York Yankees,0,7,11,0,5,0,6,1
2025,2025-09-02,776486,Colorado Rockies,1,4,9,0,13,0,-4,0
2025,2025-09-02,776486,San Francisco Giants,0,7,13,0,9,0,4,1
2025,2025-09-02,776480,San Diego Padres,1,2,6,1,10,0,-4,0
2025,2025-09-02,776480,Baltimore Orioles,0,6,10,0,6,1,4,1
2025,2025-09-02,776481,Arizona Diamondbacks,1,5,10,1,10,0,0,1
2025,2025-09-02,776481,Texas Rangers,0,3,10,0,10,1,0,0
2025,2025-09-03,776477,Washington Nationals,1,10,11,1,10,2,1,1
2025,2025-09-03,776477,Miami Marlins,0,5,10,2,11,1,-1,0
2025,2025-09-03,776478,Detroit Tigers,1,6,10,0,8,0,2,1
2025,2025-09-03,776478,New York Mets,0,2,8,0,10,0,-2,0
2025,2025-09-03,776468,Arizona Diamondbacks,1,2,3,1,5,1,-2,1
2025,2025-09-03,776468,Texas Rangers,0,0,5,1,3,1,2,0
2025,2025-09-03,776465,San Diego Padres,1,5,10,1,8,0,2,0
2025,2025-09-03,776465,Baltimore Orioles,0,7,8,0,10,1,-2,1
2025,2025-09-03,776479,Pittsburgh Pirates,1,3,7,0,5,0,2,1
2025,2025-09-03,776479,Los Angeles Dodgers,0,0,5,0,7,0,-2,0
2025,2025-09-03,776475,Cincinnati Reds,1,9,10,0,18,1,-8,0
2025,2025-09-03,776475,Toronto Blue Jays,0,13,18,1,10,0,8,1
2025,2025-09-03,776474,Boston Red Sox,1,1,7,1,12,0,-5,0
2025,2025-09-03,776474,Cleveland Guardians,0,8,12,0,7,1,5,1
2025,2025-09-03,776476,Tampa Bay Rays,1,9,19,0,4,0,15,1
2025,2025-09-03,776476,Seattle Mariners,0,4,4,0,19,0,-15,0
2025,2025-09-03,776466,Kansas City Royals,1,3,4,0,5,1,-1,0
2025,2025-09-03,776466,Los Angeles Angels,0,4,5,1,4,0,1,1
2025,2025-09-03,776473,Chicago Cubs,1,1,4,0,6,1,-2,0
2025,2025-09-03,776473,Atlanta Braves,0,5,6,1,4,0,2,1
2025,2025-09-03,776469,Minnesota Twins,1,3,11,0,6,1,5,0
2025,2025-09-03,776469,Chicago White Sox,0,4,6,1,11,0,-5,1
2025,2025-09-03,776471,Milwaukee Brewers,1,6,6,1,9,1,-3,1
2025,2025-09-03,776471,Philadelphia Phillies,0,3,9,1,6,1,3,0
2025,2025-09-03,776470,St. Louis Cardinals,1,5,7,0,9,0,-2,1
2025,2025-09-03,776470,Athletics,0,1,9,0,7,0,2,0
2025,2025-09-03,776472,Houston Astros,1,8,11,0,11,1,0,1
2025,2025-09-03,776472,New York Yankees,0,7,11,1,11,0,0,0
2025,2025-09-03,776467,Colorado Rockies,1,8,11,0,12,1,-1,0
2025,2025-09-03,776467,San Francisco Giants,0,10,12,1,11,0,1,1
2025,2025-09-04,776459,Milwaukee Brewers,1,0,7,0,6,1,1,0
2025,2025-09-04,776459,Philadelphia Phillies,0,2,6,1,7,0,-1,1
2025,2025-09-04,776461,Pittsburgh Pirates,1,5,9,0,8,1,1,1
2025,2025-09-04,776461,Los Angeles Dodgers,0,3,8,1,9,0,-1,0
2025,2025-09-04,776458,Tampa Bay Rays,1,4,8,0,3,2,5,1
2025,2025-09-04,776458,Cleveland Guardians,0,2,3,2,8,0,-5,0
2025,2025-09-04,776463,Kansas City Royals,1,4,5,0,6,0,-1,1
2025,2025-09-04,776463,Los Angeles Angels,0,3,6,0,5,0,1,0
2025,2025-09-04,776462,Minnesota Twins,1,8,15,1,15,1,0,0
2025,2025-09-04,776462,Chicago White Sox,0,11,15,1,15,1,0,1
2025,2025-09-04,776464,Houston Astros,1,4,10,0,9,3,1,0
2025,2025-09-04,776464,New York Yankees,0,8,9,3,10,0,-1,1
2025,2025-09-05,776455,Chicago Cubs,1,11,10,0,6,0,4,1
2025,2025-09-05,776455,Washington Nationals,0,5,6,0,10,0,-4,0
2025,2025-09-05,776450,Cincinnati Reds,1,4,9,1,10,0,-1,0
2025,2025-09-05,776450,New York Mets,0,5,10,0,9,1,1,1
2025,2025-09-05,776452,Detroit Tigers,1,5,7,1,11,0,-4,0
2025,2025-09-05,776452,Chicago White Sox,0,7,11,0,7,1,4,1
2025,2025-09-05,776453,Pittsburgh Pirates,1,2,6,3,10,0,-4,0
2025,2025-09-05,776453,Milwaukee Brewers,0,5,10,0,6,3,4,1
2025,2025-09-05,776454,Baltimore Orioles,1,2,5,1,5,0,0,1
2025,2025-09-05,776454,Los Angeles Dodgers,0,1,5,0,5,1,0,0
2025,2025-09-05,776457,New York Yankees,1,1,4,0,11,0,-7,0
2025,2025-09-05,776457,Toronto Blue Jays,0,7,11,0,4,0,7,1
2025,2025-09-05,776456,Miami Marlins,1,3,8,0,16,0,-8,0
2025,2025-09-05,776456,Philadelphia Phillies,0,9,16,0,8,0,8,1
2025,2025-09-05,776460,Atlanta Braves,1,4,10,0,6,1,4,1
2025,2025-09-05,776460,Seattle Mariners,0,1,6,1,10,0,-4,0
2025,2025-09-05,776451,Tampa Bay Rays,1,1,7,1,12,0,-5,0
2025,2025-09-05,776451,Cleveland Guardians,0,7,12,0,7,1,5,1
2025,2025-09-05,776446,Kansas City Royals,1,2,6,0,5,2,1,1
2025,2025-09-05,776446,Minnesota Twins,0,1,5,2,6,0,-1,0
2025,2025-09-05,776449,Texas Rangers,1,4,9,1,9,2,0,1
2025,2025-09-05,776449,Houston Astros,0,3,9,2,9,1,0,0
2025,2025-09-05,776445,St. Louis Cardinals,1,2,5,0,18,0,-13,0
2025,2025-09-05,776445,San Francisco Giants,0,8,18,0,5,0,13,1
2025,2025-09-05,776442,Colorado Rockies,1,3,9,0,3,1,6,1
2025,2025-09-05,776442,San Diego Padres,0,0,3,1,9,0,-6,0
2025,2025-09-05,776444,Los Angeles Angels,1,4,3,1,9,0,-6,0
2025,2025-09-05,776444,Athletics,0,10,9,0,3,1,6,1
2025,2025-09-05,776448,Arizona Diamondbacks,1,10,11,0,8,0,3,1
2025,2025-09-05,776448,Boston Red Sox,0,5,8,0,11,0,-3,0
2025,2025-09-06,776436,New York Yankees,1,3,5,0,5,1,0,1
2025,2025-09-06,776436,Toronto Blue Jays,0,1,5,1,5,0,0,0
2025,2025-09-06,776440,Chicago Cubs,1,1,3,0,7,0,-4,0
2025,2025-09-06,776440,Washington Nationals,0,2,7,0,3,0,4,1
2025,2025-09-06,776433,Miami Marlins,1,2,6,0,9,0,-3,0
2025,2025-09-06,776433,Philadelphia Phillies,0,4,9,0,6,0,3,1
2025,2025-09-06,776435,Detroit Tigers,1,6,6,0,3,1,3,1
2025,2025-09-06,776435,Chicago White Sox,0,0,3,1,6,0,-3,0
2025,2025-09-06,776439,Cincinnati Reds,1,6,6,0,9,0,-3,1
2025,2025-09-06,776439,New York Mets,0,3,9,0,6,0,3,0
2025,2025-09-06,776441,Pittsburgh Pirates,1,1,5,0,8,0,-3,0
2025,2025-09-06,776441,Milwaukee Brewers,0,4,8,0,5,0,3,1
2025,2025-09-06,776443,Baltimore Orioles,1,4,3,0,10,0,-7,1
2025,2025-09-06,776443,Los Angeles Dodgers,0,3,10,0,3,0,7,0
2025,2025-09-06,776438,Tampa Bay Rays,1,2,6,1,7,0,-1,0
2025,2025-09-06,776438,Cleveland Guardians,0,3,7,0,6,1,1,1
2025,2025-09-06,776437,St. Louis Cardinals,1,3,7,1,7,1,0,1
2025,2025-09-06,776437,San Francisco Giants,0,2,7,1,7,1,0,0
2025,2025-09-06,776432,Texas Rangers,1,0,4,2,15,1,-11,0
2025,2025-09-06,776432,Houston Astros,0,11,15,1,4,2,11,1
2025,2025-09-06,776434,Kansas City Royals,1,11,13,0,7,0,6,1
2025,2025-09-06,776434,Minnesota Twins,0,2,7,0,13,0,-6,0
2025,2025-09-06,776447,Atlanta Braves,1,2,6,0,11,1,-5,0
2025,2025-09-06,776447,Seattle Mariners,0,10,11,1,6,0,5,1
2025,2025-09-06,776424,Arizona Diamondbacks,1,5,9,1,7,1,2,1
2025,2025-09-06,776424,Boston Red Sox,0,1,7,1,9,1,-2,0
2025,2025-09-06,776431,Colorado Rockies,1,8,14,0,16,1,-2,0
2025,2025-09-06,776431,San Diego Padres,0,10,16,1,14,0,2,1
2025,2025-09-06,776430,Los Angeles Angels,1,4,11,1,21,1,-10,0
2025,2025-09-06,776430,Athletics,0,17,21,1,11,1,10,1
2025,2025-09-07,776428,Atlanta Braves,1,2,6,1,19,1,-13,0
2025,2025-09-07,776428,Seattle Mariners,0,18,19,1,6,1,13,1
2025,2025-09-07,776421,Tampa Bay Rays,1,1,9,1,7,0,2,0
2025,2025-09-07,776421,Cleveland Guardians,0,2,7,0,9,1,-2,1
2025,2025-09-07,776427,Baltimore Orioles,1,2,8,2,10,0,-2,0
2025,2025-09-07,776427,Los Angeles Dodgers,0,5,10,0,8,2,2,1
2025,2025-09-07,776423,New York Yankees,1,4,3,2,8,0,-5,1
2025,2025-09-07,776423,Toronto Blue Jays,0,3,8,0,3,2,5,0
2025,2025-09-07,776419,Pittsburgh Pirates,1,2,5,0,14,0,-9,0
2025,2025-09-07,776419,Milwaukee Brewers,0,10,14,0,5,0,9,1
2025,2025-09-07,776429,Cincinnati Reds,1,3,4,1,3,0,1,1
2025,2025-09-07,776429,New York Mets,0,2,3,0,4,1,-1,0
2025,2025-09-07,776425,Detroit Tigers,1,4,4,0,11,1,-7,0
2025,2025-09-07,776425,Chicago White Sox,0,6,11,1,4,0,7,1
2025,2025-09-07,776426,Miami Marlins,1,5,10,1,7,1,3,1
2025,2025-09-07,776426,Philadelphia Phillies,0,4,7,1,10,1,-3,0
2025,2025-09-07,776422,Kansas City Royals,1,1,7,0,9,0,-2,0
2025,2025-09-07,776422,Minnesota Twins,0,5,9,0,7,0,2,1
2025,2025-09-07,776416,St. Louis Cardinals,1,4,8,0,5,0,3,1
2025,2025-09-07,776416,San Francisco Giants,0,3,5,0,8,0,-3,0
2025,2025-09-07,776420,Chicago Cubs,1,3,8,0,7,1,1,0
2025,2025-09-07,776420,Washington Nationals,0,6,7,1,8,0,-1,1
2025,2025-09-07,776418,Texas Rangers,1,4,5,1,5,1,0,1
2025,2025-09-07,776418,Houston Astros,0,2,5,1,5,1,0,0
2025,2025-09-07,776417,Colorado Rockies,1,1,6,0,15,0,-9,0
2025,2025-09-07,776417,San Diego Padres,0,8,15,0,6,0,9,1
2025,2025-09-07,776414,Los Angeles Angels,1,4,6,0,6,0,0,1
2025,2025-09-07,776414,Athletics,0,3,6,0,6,0,0,0
2025,2025-09-07,776415,Arizona Diamondbacks,1,4,6,2,8,0,-2,0
2025,2025-09-07,776415,Boston Red Sox,0,7,8,0,6,2,2,1
2025,2025-09-08,776413,Cleveland Guardians,1,10,16,0,3,1,13,1
2025,2025-09-08,776413,Kansas City Royals,0,2,3,1,16,0,-13,0
2025,2025-09-08,776409,Miami Marlins,1,7,10,0,19,0,-9,0
2025,2025-09-08,776409,Washington Nationals,0,15,19,0,10,0,9,1
2025,2025-09-08,776405,Philadelphia Phillies,1,1,7,0,5,0,2,1
2025,2025-09-08,776405,New York Mets,0,0,5,0,7,0,-2,0
2025,2025-09-08,776412,Atlanta Braves,1,4,7,0,5,0,2,1
2025,2025-09-08,776412,Chicago Cubs,0,1,5,0,7,0,-2,0
2025,2025-09-08,776406,Texas Rangers,1,5,6,0,6,0,0,1
2025,2025-09-08,776406,Milwaukee Brewers,0,0,6,0,6,0,0,0
2025,2025-09-08,776411,Los Angeles Angels,1,3,5,3,13,1,-8,0
2025,2025-09-08,776411,Minnesota Twins,0,12,13,1,5,3,8,1
2025,2025-09-08,776407,San Diego Padres,1,4,6,0,7,1,-1,1
2025,2025-09-08,776407,Cincinnati Reds,0,3,7,1,6,0,1,0
2025,2025-09-08,776400,Seattle Mariners,1,4,6,0,3,0,3,1
2025,2025-09-08,776400,St. Louis Cardinals,0,2,3,0,6,0,-3,0
2025,2025-09-08,776399,San Francisco Giants,1,11,12,2,8,1,4,1
2025,2025-09-08,776399,Arizona Diamondbacks,0,5,8,1,12,2,-4,0
2025,2025-09-08,776410,Athletics,1,0,3,0,12,0,-9,0
2025,2025-09-08,776410,Boston Red Sox,0,7,12,0,3,0,9,1
2025,2025-09-08,776408,Los Angeles Dodgers,1,3,4,0,1,0,3,1
2025,2025-09-08,776408,Colorado Rockies,0,1,1,0,4,0,-3,0
2025,2025-09-09,776401,Baltimore Orioles,1,3,6,0,5,0,1,1
2025,2025-09-09,776401,Pittsburgh Pirates,0,2,5,0,6,0,-1,0
2025,2025-09-09,776403,Cleveland Guardians,1,2,7,0,5,0,2,1
2025,2025-09-09,776403,Kansas City Royals,0,0,5,0,7,0,-2,0
2025,2025-09-09,776397,Miami Marlins,1,5,8,1,10,1,-2,0
2025,2025-09-09,776397,Washington Nationals,0,7,10,1,8,1,2,1
2025,2025-09-09,776404,Philadelphia Phillies,1,9,13,0,8,0,5,1
2025,2025-09-09,776404,New York Mets,0,3,8,0,13,0,-5,0
2025,2025-09-09,776398,New York Yankees,1,2,4,1,9,0,-5,0
2025,2025-09-09,776398,Detroit Tigers,0,12,9,0,4,1,5,1
2025,2025-09-09,776393,Toronto Blue Jays,1,4,8,0,11,1,-3,1
2025,2025-09-09,776393,Houston Astros,0,3,11,1,8,0,3,0
2025,2025-09-09,776402,Atlanta Braves,1,1,4,1,7,1,-3,0
2025,2025-09-09,776402,Chicago Cubs,0,6,7,1,4,1,3,1
2025,2025-09-09,776388,Chicago White Sox,1,4,7,0,7,2,0,0
2025,2025-09-09,776388,Tampa Bay Rays,0,5,7,2,7,0,0,1
2025,2025-09-09,776395,Texas Rangers,1,5,7,0,11,0,-4,1
2025,2025-09-09,776395,Milwaukee Brewers,0,4,11,0,7,0,4,0
2025,2025-09-09,776390,Los Angeles Angels,1,12,17,2,6,2,11,1
2025,2025-09-09,776390,Minnesota Twins,0,2,6,2,17,2,-11,0
2025,2025-09-09,776392,San Diego Padres,1,2,3,1,5,0,-2,0
2025,2025-09-09,776392,Cincinnati Reds,0,4,5,0,3,1,2,1
2025,2025-09-09,776391,Seattle Mariners,1,5,9,0,9,1,0,1
2025,2025-09-09,776391,St. Louis Cardinals,0,3,9,1,9,0,0,0
2025,2025-09-09,776394,San Francisco Giants,1,5,5,0,8,0,-3,1
2025,2025-09-09,776394,Arizona Diamondbacks,0,3,8,0,5,0,3,0
2025,2025-09-09,776396,Athletics,1,0,10,0,9,0,1,0
2025,2025-09-09,776396,Boston Red Sox,0,6,9,0,10,0,-1,1
2025,2025-09-09,776389,Los Angeles Dodgers,1,7,9,0,5,0,4,1
2025,2025-09-09,776389,Colorado Rockies,0,2,5,0,9,0,-4,0
2025,2025-09-10,776375,Texas Rangers,1,6,6,0,11,1,-5,1
2025,2025-09-10,776375,Milwaukee Brewers,0,3,11,1,6,0,5,0
2025,2025-09-10,776379,Athletics,1,5,12,1,9,0,3,1
2025,2025-09-10,776379,Boston Red Sox,0,4,9,0,12,1,-3,0
2025,2025-09-10,776374,San Francisco Giants,1,3,6,1,11,0,-5,0
2025,2025-09-10,776374,Arizona Diamondbacks,0,5,11,0,6,1,5,1
2025,2025-09-10,776376,Los Angeles Angels,1,4,5,1,6,0,-1,1
2025,2025-09-10,776376,Minnesota Twins,0,3,6,0,5,1,1,0
2025,2025-09-10,776387,Baltimore Orioles,1,2,7,0,2,0,5,1
2025,2025-09-10,776387,Pittsburgh Pirates,0,1,2,0,7,0,-5,0
2025,2025-09-10,776382,Cleveland Guardians,1,3,7,2,8,0,-1,0
2025,2025-09-10,776382,Kansas City Royals,0,4,8,0,7,2,1,1
2025,2025-09-10,776386,Miami Marlins,1,8,13,1,10,2,3,1
2025,2025-09-10,776386,Washington Nationals,0,3,10,2,13,1,-3,0
2025,2025-09-10,776384,Philadelphia Phillies,1,11,14,0,9,0,5,1
2025,2025-09-10,776384,New York Mets,0,3,9,0,14,0,-5,0
2025,2025-09-10,776383,New York Yankees,1,1,8,1,16,0,-8,0
2025,2025-09-10,776383,Detroit Tigers,0,11,16,0,8,1,8,1
2025,2025-09-10,776385,Toronto Blue Jays,1,2,7,0,7,0,0,0
2025,2025-09-10,776385,Houston Astros,0,3,7,0,7,0,0,1
2025,2025-09-10,776381,Atlanta Braves,1,2,7,1,11,0,-4,0
2025,2025-09-10,776381,Chicago Cubs,0,3,11,0,7,1,4,1
2025,2025-09-10,776378,Chicago White Sox,1,6,8,0,8,0,0,1
2025,2025-09-10,776378,Tampa Bay Rays,0,5,8,0,8,0,0,0
2025,2025-09-10,776377,San Diego Padres,1,1,6,1,7,0,-1,0
2025,2025-09-10,776377,Cincinnati Reds,0,2,7,0,6,1,1,1
2025,2025-09-10,776373,Seattle Mariners,1,4,9,0,8,0,1,1
2025,2025-09-10,776373,St. Louis Cardinals,0,2,8,0,9,0,-1,0
2025,2025-09-10,776380,Los Angeles Dodgers,1,9,14,0,2,1,12,1
2025,2025-09-10,776380,Colorado Rockies,0,0,2,1,14,0,-12,0
2025,2025-09-11,776372,Baltimore Orioles,1,3,7,0,9,0,-2,1
2025,2025-09-11,776372,Pittsburgh Pirates,0,2,9,0,7,0,2,0
2025,2025-09-11,776364,Chicago White Sox,1,5,6,0,7,1,-1,1
2025,2025-09-11,776364,Tampa Bay Rays,0,1,7,1,6,0,1,0
2025,2025-09-11,776369,Toronto Blue Jays,1,6,8,0,2,1,6,1
2025,2025-09-11,776369,Houston Astros,0,0,2,1,8,0,-6,0
2025,2025-09-11,776367,Miami Marlins,1,5,7,0,7,2,0,1
2025,2025-09-11,776367,Washington Nationals,0,0,7,2,7,0,0,0
2025,2025-09-11,776368,New York Yankees,1,9,14,0,8,0,6,1
2025,2025-09-11,776368,Detroit Tigers,0,3,8,0,14,0,-6,0
2025,2025-09-11,776370,Cleveland Guardians,1,3,5,0,5,0,0,1
2025,2025-09-11,776370,Kansas City Royals,0,2,5,0,5,0,0,0
2025,2025-09-11,776371,Philadelphia Phillies,1,6,11,0,5,0,6,1
2025,2025-09-11,776371,New York Mets,0,4,5,0,11,0,-6,0
2025,2025-09-11,776365,San Diego Padres,1,2,6,1,4,0,2,1
2025,2025-09-11,776365,Colorado Rockies,0,0,4,0,6,1,-2,0
2025,2025-09-11,776362,Seattle Mariners,1,7,9,0,12,1,-3,1
2025,2025-09-11,776362,Los Angeles Angels,0,6,12,1,9,0,3,0
2025,2025-09-12,776352,Chicago Cubs,1,6,12,0,5,0,7,1
2025,2025-09-12,776352,Tampa Bay Rays,0,4,5,0,12,0,-7,0
2025,2025-09-12,776351,Washington Nationals,1,6,8,1,10,1,-2,1
2025,2025-09-12,776351,Pittsburgh Pirates,0,5,10,1,8,1,2,0
2025,2025-09-12,776354,Philadelphia Phillies,1,8,14,0,7,0,7,1
2025,2025-09-12,776354,Kansas City Royals,0,2,7,0,14,0,-7,0
2025,2025-09-12,776353,Toronto Blue Jays,1,6,10,0,3,2,7,1
2025,2025-09-12,776353,Baltimore Orioles,0,1,3,2,10,0,-7,0
2025,2025-09-12,776359,New York Mets,1,3,5,2,11,0,-6,0
2025,2025-09-12,776359,Texas Rangers,0,8,11,0,5,2,6,1
2025,2025-09-12,776361,Cleveland Guardians,1,4,6,1,2,0,4,1
2025,2025-09-12,776361,Chicago White Sox,0,0,2,0,6,1,-4,0
2025,2025-09-12,776366,Miami Marlins,1,8,8,0,4,0,4,1
2025,2025-09-12,776366,Detroit Tigers,0,2,4,0,8,0,-4,0
2025,2025-09-12,776363,Boston Red Sox,1,1,2,2,9,2,-7,0
2025,2025-09-12,776363,New York Yankees,0,4,9,2,2,2,7,1
2025,2025-09-12,776360,Atlanta Braves,1,3,5,1,13,0,-8,0
2025,2025-09-12,776360,Houston Astros,0,11,13,0,5,1,8,1
2025,2025-09-12,776355,Minnesota Twins,1,9,12,2,10,0,2,1
2025,2025-09-12,776355,Arizona Diamondbacks,0,8,10,0,12,2,-2,0
2025,2025-09-12,776356,Milwaukee Brewers,1,8,10,0,9,3,1,1
2025,2025-09-12,776356,St. Louis Cardinals,0,2,9,3,10,0,-1,0
2025,2025-09-12,776357,San Diego Padres,1,2,5,0,9,0,-4,0
2025,2025-09-12,776357,Colorado Rockies,0,4,9,0,5,0,4,1
2025,2025-09-12,776358,Athletics,1,3,6,1,6,0,0,1
2025,2025-09-12,776358,Cincinnati Reds,0,0,6,0,6,1,0,0
2025,2025-09-12,776345,Seattle Mariners,1,2,6,1,4,0,2,1
2025,2025-09-12,776345,Los Angeles Angels,0,1,4,0,6,1,-2,0
2025,2025-09-12,776350,San Francisco Giants,1,5,3,0,4,2,-1,1
2025,2025-09-12,776350,Los Angeles Dodgers,0,1,4,2,3,0,1,0
2025,2025-09-13,776338,Chicago Cubs,1,4,6,0,14,0,-8,0
2025,2025-09-13,776338,Tampa Bay Rays,0,5,14,0,6,0,8,1
2025,2025-09-13,776343,Toronto Blue Jays,1,5,12,0,7,1,5,1
2025,2025-09-13,776343,Baltimore Orioles,0,4,7,1,12,0,-5,0
2025,2025-09-13,776336,Washington Nationals,1,1,3,1,7,0,-4,0
2025,2025-09-13,776336,Pittsburgh Pirates,0,5,7,0,3,1,4,1
2025,2025-09-13,776349,New York Mets,1,2,11,0,11,2,0,0
2025,2025-09-13,776349,Texas Rangers,0,3,11,2,11,0,0,1
2025,2025-09-13,776347,Miami Marlins,1,6,8,0,10,1,-2,1
2025,2025-09-13,776347,Detroit Tigers,0,4,10,1,8,0,2,0
2025,2025-09-13,776344,Boston Red Sox,1,3,10,0,10,1,0,0
2025,2025-09-13,776344,New York Yankees,0,5,10,1,10,0,0,1
2025,2025-09-13,776342,Philadelphia Phillies,1,8,12,0,10,0,2,1
2025,2025-09-13,776342,Kansas City Royals,0,6,10,0,12,0,-2,0
2025,2025-09-13,776348,Cleveland Guardians,1,3,6,0,8,0,-2,1
2025,2025-09-13,776348,Chicago White Sox,0,1,8,0,6,0,2,0
2025,2025-09-13,776337,Minnesota Twins,1,2,10,0,9,0,1,0
2025,2025-09-13,776337,Arizona Diamondbacks,0,5,9,0,10,0,-1,1
2025,2025-09-13,776346,Atlanta Braves,1,2,6,0,10,0,-4,0
2025,2025-09-13,776346,Houston Astros,0,6,10,0,6,0,4,1
2025,2025-09-13,776339,Milwaukee Brewers,1,9,11,3,11,0,0,1
2025,2025-09-13,776339,St. Louis Cardinals,0,8,11,0,11,3,0,0
2025,2025-09-13,776341,San Diego Padres,1,11,12,0,8,1,4,1
2025,2025-09-13,776341,Colorado Rockies,0,3,8,1,12,0,-4,0
2025,2025-09-13,776328,San Francisco Giants,1,7,8,0,17,1,-9,0
2025,2025-09-13,776328,Los Angeles Dodgers,0,13,17,1,8,0,9,1
2025,2025-09-13,776333,Seattle Mariners,1,5,6,0,6,0,0,1
2025,2025-09-13,776333,Los Angeles Angels,0,3,6,0,6,0,0,0
2025,2025-09-13,776340,Athletics,1,11,12,0,8,0,4,1
2025,2025-09-13,776340,Cincinnati Reds,0,5,8,0,12,0,-4,0
2025,2025-09-14,776320,Washington Nationals,1,4,7,1,5,1,2,1
2025,2025-09-14,776320,Pittsburgh Pirates,0,3,5,1,7,1,-2,0
2025,2025-09-14,776334,Philadelphia Phillies,1,3,5,1,12,0,-7,0
2025,2025-09-14,776334,Kansas City Royals,0,10,12,0,5,1,7,1
2025,2025-09-14,776329,Atlanta Braves,1,8,11,0,9,1,2,1
2025,2025-09-14,776329,Houston Astros,0,3,9,1,11,0,-2,0
2025,2025-09-14,776322,Toronto Blue Jays,1,11,14,0,7,0,7,1
2025,2025-09-14,776322,Baltimore Orioles,0,2,7,0,14,0,-7,0
2025,2025-09-14,776335,New York Mets,1,5,7,0,8,0,-1,1
2025,2025-09-14,776335,Texas Rangers,0,2,8,0,7,0,1,0
2025,2025-09-14,776331,Cleveland Guardians,1,3,6,0,5,0,1,1
2025,2025-09-14,776331,Chicago White Sox,0,2,5,0,6,0,-1,0
2025,2025-09-14,776332,Miami Marlins,1,0,7,3,4,0,3,0
2025,2025-09-14,776332,Detroit Tigers,0,2,4,0,7,3,-3,1
2025,2025-09-14,776324,Minnesota Twins,1,4,7,0,10,3,-3,0
2025,2025-09-14,776324,Arizona Diamondbacks,0,6,10,3,7,0,3,1
2025,2025-09-14,776326,Milwaukee Brewers,1,2,8,0,6,0,2,0
2025,2025-09-14,776326,St. Louis Cardinals,0,3,6,0,8,0,-2,1
2025,2025-09-14,776321,Chicago Cubs,1,4,10,0,9,0,1,1
2025,2025-09-14,776321,Tampa Bay Rays,0,3,9,0,10,0,-1,0
2025,2025-09-14,776327,Athletics,1,7,10,0,7,0,3,1
2025,2025-09-14,776327,Cincinnati Reds,0,4,7,0,10,0,-3,0
2025,2025-09-14,776325,San Francisco Giants,1,2,5,0,18,0,-13,0
2025,2025-09-14,776325,Los Angeles Dodgers,0,10,18,0,5,0,13,1
2025,2025-09-14,776323,San Diego Padres,1,9,14,1,8,0,6,1
2025,2025-09-14,776323,Colorado Rockies,0,6,8,0,14,1,-6,0
2025,2025-09-14,776317,Seattle Mariners,1,11,16,0,4,1,12,1
2025,2025-09-14,776317,Los Angeles Angels,0,2,4,1,16,0,-12,0
2025,2025-09-14,776330,Boston Red Sox,1,6,12,0,7,0,5,1
2025,2025-09-14,776330,New York Yankees,0,4,7,0,12,0,-5,0
2025,2025-09-15,776318,Pittsburgh Pirates,1,0,3,0,9,0,-6,0
2025,2025-09-15,776318,Chicago Cubs,0,4,9,0,3,0,6,1
2025,2025-09-15,776315,Washington Nationals,1,3,6,0,16,0,-10,0
2025,2025-09-15,776315,Atlanta Braves,0,11,16,0,6,0,10,1
2025,2025-09-15,776316,Tampa Bay Rays,1,1,4,0,6,0,-2,0
2025,2025-09-15,776316,Toronto Blue Jays,0,2,6,0,4,0,2,1
2025,2025-09-15,776314,Chicago White Sox,1,1,4,0,7,0,-3,0
2025,2025-09-15,776314,Baltimore Orioles,0,4,7,0,4,0,3,1
2025,2025-09-15,776313,Minnesota Twins,1,7,9,0,2,0,7,1
2025,2025-09-15,776313,New York Yankees,0,0,2,0,9,0,-7,0
2025,2025-09-15,776312,St. Louis Cardinals,1,6,10,1,13,1,-3,0
2025,2025-09-15,776312,Cincinnati Reds,0,11,13,1,10,1,3,1
2025,2025-09-15,776319,Houston Astros,1,6,6,1,10,2,-4,1
2025,2025-09-15,776319,Texas Rangers,0,3,10,2,6,1,4,0
2025,2025-09-15,776309,Arizona Diamondbacks,1,8,9,0,2,2,7,1
2025,2025-09-15,776309,San Francisco Giants,0,1,2,2,9,0,-7,0
2025,2025-09-15,776311,Los Angeles Dodgers,1,5,9,0,5,0,4,0
2025,2025-09-15,776311,Philadelphia Phillies,0,6,5,0,9,0,-4,1
2025,2025-09-16,777825,Washington Nationals,1,3,8,0,13,0,-5,0
2025,2025-09-16,777825,Atlanta Braves,0,6,13,0,8,0,5,1
2025,2025-09-16,776307,Washington Nationals,1,0,5,0,6,0,-1,0
2025,2025-09-16,776307,Atlanta Braves,0,5,6,0,5,0,1,1
2025,2025-09-16,776303,Detroit Tigers,1,5,9,0,13,1,-4,0
2025,2025-09-16,776303,Cleveland Guardians,0,7,13,1,9,0,4,1
2025,2025-09-16,776308,Pittsburgh Pirates,1,1,4,0,14,0,-10,0
2025,2025-09-16,776308,Chicago Cubs,0,4,14,0,4,0,10,1
2025,2025-09-16,776310,Boston Red Sox,1,1,8,0,9,1,-1,0
2025,2025-09-16,776310,Athletics,0,2,9,1,8,0,1,1
2025,2025-09-16,776304,New York Mets,1,8,10,0,7,0,3,1
2025,2025-09-16,776304,San Diego Padres,0,3,7,0,10,0,-3,0
2025,2025-09-16,776305,Tampa Bay Rays,1,5,10,0,11,1,-1,0
2025,2025-09-16,776305,Toronto Blue Jays,0,6,11,1,10,0,1,1
2025,2025-09-16,776302,Kansas City Royals,1,5,10,1,14,1,-4,0
2025,2025-09-16,776302,Seattle Mariners,0,12,14,1,10,1,4,1
2025,2025-09-16,776306,Chicago White Sox,1,7,8,0,13,0,-5,0
2025,2025-09-16,776306,Baltimore Orioles,0,8,13,0,8,0,5,1
2025,2025-09-16,776298,Minnesota Twins,1,9,9,0,16,0,-7,0
2025,2025-09-16,776298,New York Yankees,0,10,16,0,9,0,7,1
2025,2025-09-16,776295,Milwaukee Brewers,1,9,13,0,3,0,10,1
2025,2025-09-16,776295,Los Angeles Angels,0,2,3,0,13,0,-10,0
2025,2025-09-16,776300,St. Louis Cardinals,1,3,8,0,3,0,5,1
2025,2025-09-16,776300,Cincinnati Reds,0,0,3,0,8,0,-5,0
2025,2025-09-16,776301,Houston Astros,1,6,10,0,10,0,0,1
2025,2025-09-16,776301,Texas Rangers,0,5,10,0,10,0,0,0
2025,2025-09-16,776293,Colorado Rockies,1,5,8,1,10,2,-2,0
2025,2025-09-16,776293,Miami Marlins,0,6,10,2,8,1,2,1
2025,2025-09-16,776294,Arizona Diamondbacks,1,6,13,0,8,2,5,1
2025,2025-09-16,776294,San Francisco Giants,0,5,8,2,13,0,-5,0
2025,2025-09-16,776297,Los Angeles Dodgers,1,6,10,0,8,0,2,0
2025,2025-09-16,776297,Philadelphia Phillies,0,9,8,0,10,0,-2,1
2025,2025-09-17,776287,Pittsburgh Pirates,1,4,9,3,10,1,-1,0
2025,2025-09-17,776287,Chicago Cubs,0,8,10,1,9,3,1,1
2025,2025-09-17,776283,St. Louis Cardinals,1,2,5,0,11,1,-6,0
2025,2025-09-17,776283,Cincinnati Reds,0,6,11,1,5,0,6,1
2025,2025-09-17,776285,Chicago White Sox,1,1,5,1,7,0,-2,0
2025,2025-09-17,776285,Baltimore Orioles,0,3,7,0,5,1,2,1
2025,2025-09-17,776279,Arizona Diamondbacks,1,1,4,1,5,0,-1,0
2025,2025-09-17,776279,San Francisco Giants,0,5,5,0,4,1,1,1
2025,2025-09-17,776286,Washington Nationals,1,4,10,0,16,0,-6,0
2025,2025-09-17,776286,Atlanta Braves,0,9,16,0,10,0,6,1
2025,2025-09-17,776296,Detroit Tigers,1,0,4,0,7,1,-3,0
2025,2025-09-17,776296,Cleveland Guardians,0,4,7,1,4,0,3,1
2025,2025-09-17,776299,Boston Red Sox,1,5,10,0,10,2,0,1
2025,2025-09-17,776299,Athletics,0,4,10,2,10,0,0,0
2025,2025-09-17,776290,Tampa Bay Rays,1,2,8,1,4,0,4,1
2025,2025-09-17,776290,Toronto Blue Jays,0,1,4,0,8,1,-4,0
2025,2025-09-17,776288,New York Mets,1,4,9,0,12,0,-3,0
2025,2025-09-17,776288,San Diego Padres,0,7,12,0,9,0,3,1
2025,2025-09-17,776289,Kansas City Royals,1,7,13,0,10,1,3,1
2025,2025-09-17,776289,Seattle Mariners,0,5,10,1,13,0,-3,0
2025,2025-09-17,776284,Minnesota Twins,1,5,11,1,12,1,-1,0
2025,2025-09-17,776284,New York Yankees,0,10,12,1,11,1,1,1
2025,2025-09-17,776291,Milwaukee Brewers,1,9,6,0,4,1,2,1
2025,2025-09-17,776291,Los Angeles Angels,0,2,4,1,6,0,-2,0
2025,2025-09-17,776292,Houston Astros,1,5,6,0,6,1,0,1
2025,2025-09-17,776292,Texas Rangers,0,2,6,1,6,0,0,0
2025,2025-09-17,776277,Colorado Rockies,1,4,11,0,12,0,-1,0
2025,2025-09-17,776277,Miami Marlins,0,8,12,0,11,0,1,1
2025,2025-09-17,776280,Los Angeles Dodgers,1,5,7,0,3,1,4,1
2025,2025-09-17,776280,Philadelphia Phillies,0,0,3,1,7,0,-4,0
2025,2025-09-18,776275,Detroit Tigers,1,1,5,0,10,0,-5,0
2025,2025-09-18,776275,Cleveland Guardians,0,3,10,0,5,0,5,1
2025,2025-09-18,776276,New York Mets,1,6,7,1,6,0,1,1
2025,2025-09-18,776276,San Diego Padres,0,1,6,0,7,1,-1,0
2025,2025-09-18,776269,Tampa Bay Rays,1,4,11,0,4,0,7,1
2025,2025-09-18,776269,Toronto Blue Jays,0,0,4,0,11,0,-7,0
2025,2025-09-18,776281,Boston Red Sox,1,3,7,2,8,0,-1,0
2025,2025-09-18,776281,Athletics,0,5,8,0,7,2,1,1
2025,2025-09-18,776272,Kansas City Royals,1,0,5,1,5,0,0,0
2025,2025-09-18,776272,Seattle Mariners,0,2,5,0,5,1,0,1
2025,2025-09-18,776270,Colorado Rockies,1,7,11,2,12,0,-1,0
2025,2025-09-18,776270,Miami Marlins,0,9,12,0,11,2,1,1
2025,2025-09-18,776282,Cincinnati Reds,1,1,4,1,1,0,3,1
2025,2025-09-18,776282,Chicago Cubs,0,0,1,0,4,1,-3,0
2025,2025-09-18,776278,Baltimore Orioles,1,0,3,0,9,0,-6,0
2025,2025-09-18,776278,New York Yankees,0,7,9,0,3,0,6,1
2025,2025-09-18,776274,Milwaukee Brewers,1,5,9,1,7,0,2,1
2025,2025-09-18,776274,Los Angeles Angels,0,2,7,0,9,1,-2,0
2025,2025-09-18,776271,Los Angeles Dodgers,1,2,5,0,1,1,4,1
2025,2025-09-18,776271,San Francisco Giants,0,1,1,1,5,0,-4,0
2025,2025-09-19,776267,Cincinnati Reds,1,7,7,0,11,1,-4,1
2025,2025-09-19,776267,Chicago Cubs,0,4,11,1,7,0,4,0
2025,2025-09-19,776266,Pittsburgh Pirates,1,3,10,0,4,1,6,0
2025,2025-09-19,776266,Athletics,0,4,4,1,10,0,-6,1
2025,2025-09-19,776268,Detroit Tigers,1,1,5,0,11,0,-6,0
2025,2025-09-19,776268,Atlanta Braves,0,10,11,0,5,0,6,1
2025,2025-09-19,776273,Baltimore Orioles,1,4,7,0,4,2,3,1
2025,2025-09-19,776273,New York Yankees,0,2,4,2,7,0,-3,0
2025,2025-09-19,776259,New York Mets,1,12,13,1,8,3,5,1
2025,2025-09-19,776259,Washington Nationals,0,6,8,3,13,1,-5,0
2025,2025-09-19,776261,Tampa Bay Rays,1,7,8,3,12,1,-4,0
2025,2025-09-19,776261,Boston Red Sox,0,11,12,1,8,3,4,1
2025,2025-09-19,776260,Kansas City Royals,1,20,27,0,3,0,24,1
2025,2025-09-19,776260,Toronto Blue Jays,0,1,3,0,27,0,-24,0
2025,2025-09-19,776264,Chicago White Sox,1,4,4,0,7,0,-3,1
2025,2025-09-19,776264,San Diego Padres,0,3,7,0,4,0,3,0
2025,2025-09-19,776251,Texas Rangers,1,4,4,0,14,0,-10,0
2025,2025-09-19,776251,Miami Marlins,0,6,14,0,4,0,10,1
2025,2025-09-19,776253,Colorado Rockies,1,7,10,0,10,1,0,1
2025,2025-09-19,776253,Los Angeles Angels,0,6,10,1,10,0,0,0
2025,2025-09-19,776262,Houston Astros,1,0,3,0,9,2,-6,0
2025,2025-09-19,776262,Seattle Mariners,0,4,9,2,3,0,6,1
2025,2025-09-19,776263,Minnesota Twins,1,2,6,0,9,2,-3,0
2025,2025-09-19,776263,Cleveland Guardians,0,6,9,2,6,0,3,1
2025,2025-09-19,776265,St. Louis Cardinals,1,7,14,0,12,1,2,1
2025,2025-09-19,776265,Milwaukee Brewers,0,1,12,1,14,0,-2,0
2025,2025-09-19,776255,Arizona Diamondbacks,1,2,7,1,13,0,-6,0
2025,2025-09-19,776255,Philadelphia Phillies,0,8,13,0,7,1,6,1
2025,2025-09-19,776256,Los Angeles Dodgers,1,6,7,1,8,0,-1,1
2025,2025-09-19,776256,San Francisco Giants,0,3,8,0,7,1,1,0
2025,2025-09-20,776258,Detroit Tigers,1,5,9,0,7,0,2,0
2025,2025-09-20,776258,Atlanta Braves,0,6,7,0,9,0,-2,1
2025,2025-09-20,777839,Minnesota Twins,1,0,3,1,10,0,-7,0
2025,2025-09-20,777839,Cleveland Guardians,0,6,10,0,3,1,7,1
2025,2025-09-20,776243,Minnesota Twins,1,0,4,0,9,0,-5,0
2025,2025-09-20,776243,Cleveland Guardians,0,8,9,0,4,0,5,1
2025,2025-09-20,776252,New York Mets,1,3,11,2,6,1,5,0
2025,2025-09-20,776252,Washington Nationals,0,5,6,1,11,2,-5,1
2025,2025-09-20,776254,Cincinnati Reds,1,6,9,0,7,0,2,1
2025,2025-09-20,776254,Chicago Cubs,0,3,7,0,9,0,-2,0
2025,2025-09-20,776249,Pittsburgh Pirates,1,2,5,0,1,0,4,1
2025,2025-09-20,776249,Athletics,0,0,1,0,5,0,-4,0
2025,2025-09-20,776247,Tampa Bay Rays,1,3,7,3,10,0,-3,0
2025,2025-09-20,776247,Boston Red Sox,0,6,10,0,7,3,3,1
2025,2025-09-20,776242,Texas Rangers,1,3,8,0,10,1,-2,0
2025,2025-09-20,776242,Miami Marlins,0,4,10,1,8,0,2,1
2025,2025-09-20,776257,Baltimore Orioles,1,1,4,0,10,0,-6,0
2025,2025-09-20,776257,New York Yankees,0,6,10,0,4,0,6,1
2025,2025-09-20,776248,Houston Astros,1,4,10,0,9,0,1,0
2025,2025-09-20,776248,Seattle Mariners,0,6,9,0,10,0,-1,1
2025,2025-09-20,776245,Kansas City Royals,1,2,4,0,4,2,0,1
2025,2025-09-20,776245,Toronto Blue Jays,0,1,4,2,4,0,0,0
2025,2025-09-20,776250,Chicago White Sox,1,3,8,0,11,0,-3,0
2025,2025-09-20,776250,San Diego Padres,0,7,11,0,8,0,3,1
2025,2025-09-20,776244,St. Louis Cardinals,1,2,9,0,9,0,0,0
2025,2025-09-20,776244,Milwaukee Brewers,0,3,9,0,9,0,0,1
2025,2025-09-20,776241,Colorado Rockies,1,0,5,0,6,1,-1,0
2025,2025-09-20,776241,Los Angeles Angels,0,3,6,1,5,0,1,1
2025,2025-09-20,776246,Arizona Diamondbacks,1,4,11,1,7,1,4,1
2025,2025-09-20,776246,Philadelphia Phillies,0,3,7,1,11,1,-4,0
2025,2025-09-20,776233,Los Angeles Dodgers,1,7,9,1,8,0,1,1
2025,2025-09-20,776233,San Francisco Giants,0,5,8,0,9,1,-1,0
2025,2025-09-21,776238,Detroit Tigers,1,2,11,0,11,0,0,0
2025,2025-09-21,776238,Atlanta Braves,0,6,11,0,11,0,0,1
2025,2025-09-21,776234,Pittsburgh Pirates,1,11,15,0,8,1,7,1
2025,2025-09-21,776234,Athletics,0,0,8,1,15,0,-7,0
2025,2025-09-21,776240,Baltimore Orioles,1,1,4,1,10,0,-6,0
2025,2025-09-21,776240,New York Yankees,0,7,10,0,4,1,6,1
2025,2025-09-21,776239,Cincinnati Reds,1,1,5,0,6,0,-1,1
2025,2025-09-21,776239,Chicago Cubs,0,0,6,0,5,0,1,0
2025,2025-09-21,776237,New York Mets,1,2,8,2,9,0,-1,0
2025,2025-09-21,776237,Washington Nationals,0,3,9,0,8,2,1,1
2025,2025-09-21,776229,Kansas City Royals,1,5,10,0,12,0,-2,0
2025,2025-09-21,776229,Toronto Blue Jays,0,8,12,0,10,0,2,1
2025,2025-09-21,776225,Minnesota Twins,1,6,10,2,4,1,6,1
2025,2025-09-21,776225,Cleveland Guardians,0,2,4,1,10,2,-6,0
2025,2025-09-21,776235,Chicago White Sox,1,2,5,2,10,0,-5,0
2025,2025-09-21,776235,San Diego Padres,0,3,10,0,5,2,5,1
2025,2025-09-21,776231,St. Louis Cardinals,1,5,3,0,7,0,-4,1
2025,2025-09-21,776231,Milwaukee Brewers,0,1,7,0,3,0,4,0
2025,2025-09-21,776226,Texas Rangers,1,2,5,0,11,0,-6,0
2025,2025-09-21,776226,Miami Marlins,0,4,11,0,5,0,6,1
2025,2025-09-21,776232,Colorado Rockies,1,3,4,0,7,0,-3,1
2025,2025-09-21,776232,Los Angeles Angels,0,1,7,0,4,0,3,0
2025,2025-09-21,776227,Los Angeles Dodgers,1,1,7,0,5,0,2,0
2025,2025-09-21,776227,San Francisco Giants,0,3,5,0,7,0,-2,1
2025,2025-09-21,776230,Arizona Diamondbacks,1,9,15,0,11,1,4,1
2025,2025-09-21,776230,Philadelphia Phillies,0,2,11,1,15,0,-4,0
2025,2025-09-21,776228,Houston Astros,1,3,7,0,8,1,-1,0
2025,2025-09-21,776228,Seattle Mariners,0,7,8,1,7,0,1,1
2025,2025-09-21,776236,Tampa Bay Rays,1,7,9,0,10,1,-1,1
2025,2025-09-21,776236,Boston Red Sox,0,3,10,1,9,0,1,0
2025,2025-09-22,776221,Atlanta Braves,1,11,14,0,8,0,6,1
2025,2025-09-22,776221,Washington Nationals,0,5,8,0,14,0,-6,0
2025,2025-09-22,776222,San Diego Padres,1,5,9,1,7,0,2,1
2025,2025-09-22,776222,Milwaukee Brewers,0,4,7,0,9,1,-2,0
2025,2025-09-22,776220,San Francisco Giants,1,5,7,2,10,1,-3,0
2025,2025-09-22,776220,St. Louis Cardinals,0,6,10,1,7,2,3,1
2025,2025-09-23,776223,Baltimore Orioles,1,6,7,1,2,0,5,1
2025,2025-09-23,776223,Tampa Bay Rays,0,0,2,0,7,1,-5,0
2025,2025-09-23,776218,Cleveland Guardians,1,5,7,0,5,1,2,1
2025,2025-09-23,776218,Detroit Tigers,0,2,5,1,7,0,-2,0
2025,2025-09-23,776224,Cincinnati Reds,1,2,5,0,8,0,-3,0
2025,2025-09-23,776224,Pittsburgh Pirates,0,4,8,0,5,0,3,1
2025,2025-09-23,776215,Philadelphia Phillies,1,5,9,2,10,1,-1,0
2025,2025-09-23,776215,Miami Marlins,0,6,10,1,9,2,1,1
2025,2025-09-23,776216,New York Yankees,1,3,11,1,7,0,4,1
2025,2025-09-23,776216,Chicago White Sox,0,2,7,0,11,1,-4,0
2025,2025-09-23,776217,Toronto Blue Jays,1,1,3,1,9,2,-6,0
2025,2025-09-23,776217,Boston Red Sox,0,4,9,2,3,1,6,1
2025,2025-09-23,776219,Atlanta Braves,1,3,6,0,6,0,0,1
2025,2025-09-23,776219,Washington Nationals,0,2,6,0,6,0,0,0
2025,2025-09-23,776209,Chicago Cubs,1,7,9,1,11,2,-2,0
2025,2025-09-23,776209,New York Mets,0,9,11,2,9,1,2,1
2025,2025-09-23,776210,Texas Rangers,1,1,4,0,9,2,-5,0
2025,2025-09-23,776210,Minnesota Twins,0,4,9,2,4,0,5,1
2025,2025-09-23,776207,Los Angeles Angels,1,4,5,0,15,0,-10,0
2025,2025-09-23,776207,Kansas City Royals,0,8,15,0,5,0,10,1
2025,2025-09-23,776213,Arizona Diamondbacks,1,5,9,0,5,0,4,1
2025,2025-09-23,776213,Los Angeles Dodgers,0,4,5,0,9,0,-4,0
2025,2025-09-23,776212,Seattle Mariners,1,4,3,1,7,0,-4,1
2025,2025-09-23,776212,Colorado Rockies,0,3,7,0,3,1,4,0
2025,2025-09-23,776214,San Diego Padres,1,7,8,0,4,1,4,1
2025,2025-09-23,776214,Milwaukee Brewers,0,0,4,1,8,0,-4,0
2025,2025-09-23,776211,San Francisco Giants,1,8,11,0,15,1,-4,0
2025,2025-09-23,776211,St. Louis Cardinals,0,9,15,1,11,0,4,1
2025,2025-09-23,776208,Athletics,1,5,9,0,3,1,6,1
2025,2025-09-23,776208,Houston Astros,0,1,3,1,9,0,-6,0
2025,2025-09-24,776200,Atlanta Braves,1,3,6,0,9,0,-3,0
2025,2025-09-24,776200,Washington Nationals,0,4,9,0,6,0,3,1
2025,2025-09-24,776198,San Diego Padres,1,1,6,2,10,0,-4,0
2025,2025-09-24,776198,Milwaukee Brewers,0,3,10,0,6,2,4,1
2025,2025-09-24,776203,Baltimore Orioles,1,2,3,2,11,2,-8,0
2025,2025-09-24,776203,Tampa Bay Rays,0,6,11,2,3,2,8,1
2025,2025-09-24,776204,Cleveland Guardians,1,5,8,0,6,2,2,1
2025,2025-09-24,776204,Detroit Tigers,0,1,6,2,8,0,-2,0
2025,2025-09-24,776202,Cincinnati Reds,1,3,10,0,8,0,2,0
2025,2025-09-24,776202,Pittsburgh Pirates,0,4,8,0,10,0,-2,1
2025,2025-09-24,776201,Philadelphia Phillies,1,11,12,2,5,2,7,1
2025,2025-09-24,776201,Miami Marlins,0,1,5,2,12,2,-7,0
2025,2025-09-24,776199,New York Yankees,1,8,10,1,5,0,5,1
2025,2025-09-24,776199,Chicago White Sox,0,1,5,0,10,1,-5,0
2025,2025-09-24,776206,Toronto Blue Jays,1,1,4,0,12,0,-8,0
2025,2025-09-24,776206,Boston Red Sox,0,7,12,0,4,0,8,1
2025,2025-09-24,776205,Chicago Cubs,1,10,11,0,4,1,7,1
2025,2025-09-24,776205,New York Mets,0,3,4,1,11,0,-7,0
2025,2025-09-24,776192,Texas Rangers,1,4,5,0,5,0,0,1
2025,2025-09-24,776192,Minnesota Twins,0,2,5,0,5,0,0,0
2025,2025-09-24,776197,Los Angeles Angels,1,3,6,1,2,3,4,1
2025,2025-09-24,776197,Kansas City Royals,0,2,2,3,6,1,-4,0
2025,2025-09-24,776193,Arizona Diamondbacks,1,4,9,1,11,0,-2,0
2025,2025-09-24,776193,Los Angeles Dodgers,0,5,11,0,9,1,2,1
2025,2025-09-24,776194,Seattle Mariners,1,9,14,0,2,1,12,1
2025,2025-09-24,776194,Colorado Rockies,0,2,2,1,14,0,-12,0
2025,2025-09-24,776196,San Francisco Giants,1,4,11,0,7,3,4,1
2025,2025-09-24,776196,St. Louis Cardinals,0,3,7,3,11,0,-4,0
2025,2025-09-24,776195,Athletics,1,6,8,0,5,1,3,1
2025,2025-09-24,776195,Houston Astros,0,0,5,1,8,0,-3,0
2025,2025-09-25,776190,Cincinnati Reds,1,2,10,0,3,1,7,1
2025,2025-09-25,776190,Pittsburgh Pirates,0,1,3,1,10,0,-7,0
2025,2025-09-25,776191,Baltimore Orioles,1,6,9,0,15,1,-6,1
2025,2025-09-25,776191,Tampa Bay Rays,0,5,15,1,9,0,6,0
2025,2025-09-25,776183,Texas Rangers,1,0,3,0,10,0,-7,0
2025,2025-09-25,776183,Minnesota Twins,0,4,10,0,3,0,7,1
2025,2025-09-25,776182,Athletics,1,5,12,0,12,1,0,0
2025,2025-09-25,776182,Houston Astros,0,11,12,1,12,0,0,1
2025,2025-09-25,776185,Arizona Diamondbacks,1,0,5,2,11,0,-6,0
2025,2025-09-25,776185,Los Angeles Dodgers,0,8,11,0,5,2,6,1
2025,2025-09-25,776188,Philadelphia Phillies,1,1,7,0,5,0,2,1
2025,2025-09-25,776188,Miami Marlins,0,0,5,0,7,0,-2,0
2025,2025-09-25,776189,Cleveland Guardians,1,2,5,1,8,0,-3,0
2025,2025-09-25,776189,Detroit Tigers,0,4,8,0,5,1,3,1
2025,2025-09-25,776184,New York Yankees,1,5,8,0,5,0,3,1
2025,2025-09-25,776184,Chicago White Sox,0,3,5,0,8,0,-3,0
2025,2025-09-25,776186,Toronto Blue Jays,1,6,7,0,4,1,3,1
2025,2025-09-25,776186,Boston Red Sox,0,1,4,1,7,0,-3,0
2025,2025-09-25,776187,Chicago Cubs,1,5,7,0,10,0,-3,0
2025,2025-09-25,776187,New York Mets,0,8,10,0,7,0,3,1
2025,2025-09-25,776178,Los Angeles Angels,1,4,7,0,11,0,-4,0
2025,2025-09-25,776178,Kansas City Royals,0,9,11,0,7,0,4,1
2025,2025-09-25,776179,Seattle Mariners,1,6,10,0,9,0,1,1
2025,2025-09-25,776179,Colorado Rockies,0,2,9,0,10,0,-1,0
2025,2025-09-26,776167,Chicago Cubs,1,12,12,0,5,0,7,1
2025,2025-09-26,776167,St. Louis Cardinals,0,1,5,0,12,0,-7,0
2025,2025-09-26,776176,Philadelphia Phillies,1,3,7,0,4,1,3,1
2025,2025-09-26,776176,Minnesota Twins,0,1,4,1,7,0,-3,0
2025,2025-09-26,776165,Washington Nationals,1,9,13,4,11,0,2,0
2025,2025-09-26,776165,Chicago White Sox,0,10,11,0,13,4,-2,1
2025,2025-09-26,776174,New York Yankees,1,8,9,1,7,1,2,1
2025,2025-09-26,776174,Baltimore Orioles,0,4,7,1,9,1,-2,0
2025,2025-09-26,776177,Toronto Blue Jays,1,4,7,0,6,0,1,1
2025,2025-09-26,776177,Tampa Bay Rays,0,2,6,0,7,0,-1,0
2025,2025-09-26,776181,Boston Red Sox,1,4,10,0,10,1,0,1
2025,2025-09-26,776181,Detroit Tigers,0,3,10,1,10,0,0,0
2025,2025-09-26,776175,Cleveland Guardians,1,3,5,0,12,0,-7,0
2025,2025-09-26,776175,Texas Rangers,0,7,12,0,5,0,7,1
2025,2025-09-26,776173,Miami Marlins,1,6,10,1,6,0,4,1
2025,2025-09-26,776173,New York Mets,0,2,6,0,10,1,-4,0
2025,2025-09-26,776180,Atlanta Braves,1,3,8,1,14,0,-6,0
2025,2025-09-26,776180,Pittsburgh Pirates,0,9,14,0,8,1,6,1
2025,2025-09-26,776171,Milwaukee Brewers,1,1,3,1,9,1,-6,0
2025,2025-09-26,776171,Cincinnati Reds,0,3,9,1,3,1,6,1
2025,2025-09-26,776169,Los Angeles Angels,1,4,8,2,6,0,2,1
2025,2025-09-26,776169,Houston Astros,0,3,6,0,8,2,-2,0
2025,2025-09-26,776170,San Diego Padres,1,7,12,0,8,1,4,1
2025,2025-09-26,776170,Arizona Diamondbacks,0,4,8,1,12,0,-4,0
2025,2025-09-26,776168,Seattle Mariners,1,2,8,0,6,2,2,0
2025,2025-09-26,776168,Los Angeles Dodgers,0,3,6,2,8,0,-2,1
2025,2025-09-26,776172,Athletics,1,4,8,0,4,0,4,1
2025,2025-09-26,776172,Kansas City Royals,0,3,4,0,8,0,-4,0
2025,2025-09-26,776166,San Francisco Giants,1,6,7,2,5,0,2,1
2025,2025-09-26,776166,Colorado Rockies,0,3,5,0,7,2,-2,0
2025,2025-09-27,776162,New York Yankees,1,6,7,0,3,0,4,1
2025,2025-09-27,776162,Baltimore Orioles,0,1,3,0,7,0,-4,0
2025,2025-09-27,776164,Chicago Cubs,1,7,10,0,7,0,3,1
2025,2025-09-27,776164,St. Louis Cardinals,0,3,7,0,10,0,-3,0
2025,2025-09-27,776159,Toronto Blue Jays,1,5,7,1,7,1,0,1
2025,2025-09-27,776159,Tampa Bay Rays,0,1,7,1,7,1,0,0
2025,2025-09-27,776146,San Francisco Giants,1,4,4,1,7,0,-3,1
2025,2025-09-27,776146,Colorado Rockies,0,3,7,0,4,1,3,0
2025,2025-09-27,776160,Washington Nationals,1,6,9,0,11,2,-2,1
2025,2025-09-27,776160,Chicago White Sox,0,5,11,2,9,0,2,0
2025,2025-09-27,776157,Boston Red Sox,1,1,7,0,6,0,1,0
2025,2025-09-27,776157,Detroit Tigers,0,2,6,0,7,0,-1,1
2025,2025-09-27,776161,Miami Marlins,1,0,1,0,8,0,-7,0
2025,2025-09-27,776161,New York Mets,0,5,8,0,1,0,7,1
2025,2025-09-27,776163,Philadelphia Phillies,1,0,7,0,11,1,-4,0
2025,2025-09-27,776163,Minnesota Twins,0,5,11,1,7,0,4,1
2025,2025-09-27,776158,Cleveland Guardians,1,3,6,0,6,0,0,1
2025,2025-09-27,776158,Texas Rangers,0,2,6,0,6,0,0,0
2025,2025-09-27,776156,Atlanta Braves,1,1,5,0,10,0,-5,0
2025,2025-09-27,776156,Pittsburgh Pirates,0,3,10,0,5,0,5,1
2025,2025-09-27,776153,Milwaukee Brewers,1,4,7,2,10,1,-3,0
2025,2025-09-27,776153,Cincinnati Reds,0,7,10,1,7,2,3,1
2025,2025-09-27,776152,San Diego Padres,1,5,7,0,5,0,2,1
2025,2025-09-27,776152,Arizona Diamondbacks,0,1,5,0,7,0,-2,0
2025,2025-09-27,776155,Los Angeles Angels,1,1,3,0,7,0,-4,0
2025,2025-09-27,776155,Houston Astros,0,6,7,0,3,0,4,1
2025,2025-09-27,776150,Seattle Mariners,1,3,8,0,7,0,1,0
2025,2025-09-27,776150,Los Angeles Dodgers,0,5,7,0,8,0,-1,1
2025,2025-09-27,776154,Athletics,1,2,6,2,8,0,-2,0
2025,2025-09-27,776154,Kansas City Royals,0,4,8,0,6,2,2,1
2025,2025-09-28,776151,Boston Red Sox,1,4,7,1,9,0,-2,1
2025,2025-09-28,776151,Detroit Tigers,0,3,9,0,7,1,2,0
2025,2025-09-28,776138,Athletics,1,2,7,2,15,0,-8,0
2025,2025-09-28,776138,Kansas City Royals,0,9,15,0,7,2,8,1
2025,2025-09-28,776137,San Francisco Giants,1,4,7,0,5,1,2,1
2025,2025-09-28,776137,Colorado Rockies,0,0,5,1,7,0,-2,0
2025,2025-09-28,776141,Philadelphia Phillies,1,2,3,0,5,0,-2,1
2025,2025-09-28,776141,Minnesota Twins,0,1,5,0,3,0,2,0
2025,2025-09-28,776143,Washington Nationals,1,0,1,0,10,0,-9,0
2025,2025-09-28,776143,Chicago White Sox,0,8,10,0,1,0,9,1
2025,2025-09-28,776140,New York Yankees,1,3,6,1,5,0,1,1
2025,2025-09-28,776140,Baltimore Orioles,0,2,5,0,6,1,-1,0
2025,2025-09-28,776135,Los Angeles Angels,1,2,6,1,11,1,-5,0
2025,2025-09-28,776135,Houston Astros,0,6,11,1,6,1,5,1
2025,2025-09-28,776145,Toronto Blue Jays,1,13,15,0,9,0,6,1
2025,2025-09-28,776145,Tampa Bay Rays,0,4,9,0,15,0,-6,0
2025,2025-09-28,776136,San Diego Padres,1,12,11,1,11,1,0,1
2025,2025-09-28,776136,Arizona Diamondbacks,0,4,11,1,11,1,0,0
2025,2025-09-28,776139,Seattle Mariners,1,1,5,0,8,0,-3,0
2025,2025-09-28,776139,Los Angeles Dodgers,0,6,8,0,5,0,3,1
2025,2025-09-28,776147,Cleveland Guardians,1,9,11,2,7,0,4,1
2025,2025-09-28,776147,Texas Rangers,0,8,7,0,11,2,-4,0
2025,2025-09-28,776148,Miami Marlins,1,4,9,0,5,0,4,1
2025,2025-09-28,776148,New York Mets,0,0,5,0,9,0,-4,0
2025,2025-09-28,776144,Milwaukee Brewers,1,4,7,0,5,0,2,1
2025,2025-09-28,776144,Cincinnati Reds,0,2,5,0,7,0,-2,0
2025,2025-09-28,776149,Atlanta Braves,1,4,6,0,6,1,0,1
2025,2025-09-28,776149,Pittsburgh Pirates,0,1,6,1,6,0,0,0
2025,2025-09-28,776142,Chicago Cubs,1,2,6,0,6,0,0,1
2025,2025-09-28,776142,St. Louis Cardinals,0,0,6,0,6,0,0,0
